candidate_id,label,source,search_score,eval_score,eval_score_mean,eval_score_sd,eval_score_min,eval_score_max,history_start,history_end,history_steps,tau_sd,tau_cv,best_eval_score,score_ratio_to_best,acceptance_multiplier,strict_accepted,profile_requested_tau_sd,best_start_name,stress_origin_candidate_id,screen_de_score,eta_log2,tau_log2,kappa_log2,epsilon_log2,SWE_Xc_log2,SWE_xc_std_log2,USA_Xc_log2,USA_xc_std_log2,eta,beta,kappa,epsilon,tau,tau_factor_vs_karin,eta_factor,beta_factor,kappa_factor,epsilon_factor,SWE_Xc,SWE_xc_std_frac,USA_Xc,USA_xc_std_frac,heterogeneity_pct,panel,curve,age,value,n_sim,dt,target_tau_cv,source_fit,source_script,generation_source,ci_lower,ci_upper,source_ci,ci_method,ci_parameters
profile_tau_sd_0.000,profile $\sigma_v=0.000$,profile_tau_sd,0.0293698111524068,0.0104153454868315,0.0104153454868315,0.0020954816346755,0.0082707331694358,0.0124579721015222,0.0710704563599176,0.0293698111524068,5.0,0.0,0.0,0.0104153454868315,1.0,2.5,True,0.0,hybrid2019_swe_tail90_usa_refit,stress_tau_sd_0.000_hybrid2019_swe_tail90_usa_refit,3.1497723045814876,0.1199999999999998,-0.0400000000000001,0.0,-0.0600000000000002,0.0500000000000001,-1.125,-0.0099999999999999,-0.0599999999999999,0.5868368257640714,57.87173772073557,0.5,49.718659304628446,98.61640439041228,0.9726549474122854,1.086734862526058,1.0570180405613805,1.0,0.9592641193252642,21.74056340066893,0.0917004043204671,20.854942404177756,0.1918528238650529,0.0,A_fit_objective,,,,,,,,,,,,,,
profile_tau_sd_0.025,profile $\sigma_v=0.025$,profile_tau_sd,0.0342592052061684,0.0163423231831384,0.0163423231831384,0.001891016904532,0.0142196966602882,0.0178472437220012,0.0728657671853461,0.0342592052061684,5.0,0.025,0.0250039067586724,0.0104153454868315,1.5690620348408515,2.5,True,0.025,carry_tau_sd_0.000,stress_tau_sd_0.025_carry_tau_sd_0.000,1.1713637239336423,0.1199999999999998,-0.0400000000000001,0.0,-0.0600000000000002,0.0500000000000001,-0.8125,-0.0099999999999999,-0.4349999999999999,0.5868368257640714,57.87173772073557,0.5,49.718659304628446,98.61640439041228,0.9726549474122854,1.086734862526058,1.0570180405613805,1.0,0.9592641193252642,21.74056340066893,0.1138788634756691,20.854942404177756,0.1479387509248837,2.50039067586724,A_fit_objective,,,,,,,,,,,,,,
profile_tau_sd_0.050,profile $\sigma_v=0.050$,profile_tau_sd,0.0606330075273087,0.0447954827247992,0.0447954827247992,0.008129900748919,0.0357595598656804,0.0515178397065031,0.0836908620213843,0.0606330075273087,4.0,0.05,0.0500312662821478,0.0104153454868315,4.300911840268335,2.5,False,0.05,de_best,stress_tau_sd_0.050_de_best,2.1211883604295174,0.1199999999999997,-0.0227077616068727,0.25,0.0178150727690729,0.05,-1.4460757878996244,-0.0349998793007728,-0.5130671882026436,0.5868368257640714,58.569565958518865,0.5946035575013605,52.47398902409413,99.80553943979284,0.9843834026938472,1.086734862526058,1.0697637617994311,1.189207115002721,1.012425024582175,21.74056340066893,0.0734036756461296,20.49666869109969,0.1401462179626769,5.003126628214781,A_fit_objective,,,,,,,,,,,,,,
profile_tau_sd_0.075,profile $\sigma_v=0.075$,profile_tau_sd,0.0790558689946861,0.0859063252855215,0.0859063252855215,0.0031225392898751,0.0833301856675139,0.0893790873195796,0.1655512532221752,0.0790558689946861,5.0,0.075,0.0751055924505399,0.0104153454868315,8.248053354940117,2.5,False,0.075,carry_tau_sd_0.025,stress_tau_sd_0.075_carry_tau_sd_0.025,0.3877892243326724,0.3699999999999999,-0.1025000000000001,0.0,-0.0600000000000002,-0.0124999999999998,-1.0625,-0.0099999999999999,-0.4349999999999999,0.6978705285442458,65.90367718999379,0.5,49.718659304628446,94.435392374956,0.9314175686297032,1.292352830637492,1.2037201313240875,1.0,0.9592641193252642,20.818834836715904,0.0957603280698573,20.854942404177756,0.1479387509248837,7.510559245053989,A_fit_objective,,,,,,,,,,,,,,
profile_tau_sd_0.100,profile $\sigma_v=0.100$,profile_tau_sd,0.0641004224618962,0.0895813533458386,0.0895813533458386,0.0068037261879427,0.0822646656009125,0.0957176500776057,0.123491611316665,0.0641004224618962,5.0,0.1,0.1002505216154407,0.0104153454868315,8.600900801523965,2.5,False,0.1,tau_cv010_stress_refit_candidates_stress_random_18,stress_tau_sd_0.100_tau_cv010_stress_refit_candidates_stress_random_18,4.085823906392253,0.1462752308596855,-0.327369765388636,0.031771417796674,-1.375,0.3425097957289221,0.5676111115344853,0.4290229624675965,1.2689299269949923,0.5976225715367414,48.29133778614342,0.5111332743657568,19.98319677022339,80.80574611157321,0.7969881808264756,1.1067084658087802,0.8820335668701995,1.0222665487315137,0.3855527063519852,26.627170369883796,0.2964134908761669,28.272751450795035,0.4819655159276957,10.02505216154407,A_fit_objective,,,,,,,,,,,,,,
profile_tau_sd_0.130,profile $\sigma_v=0.130$,profile_tau_sd,0.2065139884393852,0.2830732062396984,0.2830732062396984,0.0078415400307832,0.274028743368763,0.2879669462034384,0.3170825999745476,0.2065139884393852,4.0,0.13,0.1305511887290398,0.0104153454868315,27.178474933702027,2.5,False,0.13,carry_tau_sd_0.075,stress_tau_sd_0.130_carry_tau_sd_0.075,0.6333104875858472,0.3699999999999999,-0.1025000000000001,0.0,-0.0600000000000002,-0.0749999999999999,-1.3125,-0.0099999999999999,-0.1849999999999999,0.6978705285442458,65.90367718999379,0.5,49.718659304628446,94.435392374956,0.9314175686297032,1.292352830637492,1.2037201313240875,1.0,0.9592641193252642,19.936184539960905,0.0805245165974627,20.854942404177756,0.1759298151844871,13.055118872903982,A_fit_objective,,,,,,,,,,,,,,
profile_tau_sd_0.160,profile $\sigma_v=0.160$,profile_tau_sd,0.3386000159121913,0.405498635195276,0.405498635195276,0.017108606972573,0.3900186737205185,0.4238679398573921,0.6641757081162655,0.3386000159121913,4.0,0.16,0.1610294823638894,0.0104153454868315,38.932806953735714,2.5,False,0.16,de_best,stress_tau_sd_0.160_de_best,2.66766832651528,0.1199999999999997,-0.165,-0.7406335433246003,-0.0600000000000001,-0.0208569917423565,-1.21221825503463,-0.0161822634666358,-1.8170135711760655,0.5868368257640714,53.0686174771948,0.2992382401850342,49.718659304628446,90.43164155231494,0.8919285194200927,1.086734862526058,0.9692898169350648,0.5984764803700684,0.9592641193252642,20.698587737498276,0.0863208959974116,20.765765626801915,0.0567615711587713,16.10294823638894,A_fit_objective,,,,,,,,,,,,,,
profile_tau_sd_0.200,profile $\sigma_v=0.200$,profile_tau_sd,0.53019541126594,0.5895131506826775,0.5895131506826775,0.023176440410981,0.5654978049205499,0.6117479818233876,0.7818640050058566,0.53019541126594,3.0,0.2,0.2020167671070602,0.0104153454868315,56.60044128425854,2.5,False,0.2,carry_tau_sd_0.160,stress_tau_sd_0.200_carry_tau_sd_0.160,6.028866001060083,0.3699999999999998,-0.165,-0.7406335433246003,0.1899999999999998,-0.0208569917423565,-1.21221825503463,-0.0161822634666358,-1.8170135711760655,0.6978705285442458,63.10957748723781,0.2992382401850342,59.12578339346038,90.43164155231494,0.8919285194200927,1.292352830637492,1.1526863467988642,0.5984764803700684,1.1407637158684234,20.698587737498276,0.0863208959974116,20.765765626801915,0.0567615711587713,20.20167671070602,A_fit_objective,,,,,,,,,,,,,,
profile_tau_sd_0.250,profile $\sigma_v=0.250$,profile_tau_sd,0.5919200534376895,0.698513398580773,0.698513398580773,0.0107137843931624,0.6863280586482277,0.7064562831479522,1.2915821561551868,0.5919200534376895,4.0,0.25,0.2539575927548915,0.0104153454868315,67.0657924371231,2.5,False,0.25,random_07,stress_tau_sd_0.250_random_07,11.20397667195903,-1.2003469620947462,-0.5414123044244645,-0.2346750549887681,-1.2774119943487228,0.4744654041948061,-0.7682002059898414,1.0233304121626523,0.0068396535421624,0.2349921306737167,16.37051488571236,0.4249381996271514,21.381682764334023,69.66409827758271,0.6870979556145144,0.4351706123587346,0.2990048380952029,0.8498763992543029,0.4125348787253333,29.177468797887503,0.1174298999829879,42.68472072290177,0.200950428470384,25.395759275489148,A_fit_objective,,,,,,,,,,,,,,
HMD,Sweden 2019 HMD,,,,,,,,,,,,,,,,,,,,,,,,,,,,,,,,,,,,,,,,,,,,B_mortality_curves,hazard,55.0,0.00295,,,,,,,,,,,
HMD,Sweden 2019 HMD,,,,,,,,,,,,,,,,,,,,,,,,,,,,,,,,,,,,,,,,,,,,B_mortality_curves,hazard,56.0,0.00318,,,,,,,,,,,
HMD,Sweden 2019 HMD,,,,,,,,,,,,,,,,,,,,,,,,,,,,,,,,,,,,,,,,,,,,B_mortality_curves,hazard,57.0,0.00361,,,,,,,,,,,
HMD,Sweden 2019 HMD,,,,,,,,,,,,,,,,,,,,,,,,,,,,,,,,,,,,,,,,,,,,B_mortality_curves,hazard,58.0,0.00357,,,,,,,,,,,
HMD,Sweden 2019 HMD,,,,,,,,,,,,,,,,,,,,,,,,,,,,,,,,,,,,,,,,,,,,B_mortality_curves,hazard,59.0,0.00428,,,,,,,,,,,
HMD,Sweden 2019 HMD,,,,,,,,,,,,,,,,,,,,,,,,,,,,,,,,,,,,,,,,,,,,B_mortality_curves,hazard,60.0,0.0048,,,,,,,,,,,
HMD,Sweden 2019 HMD,,,,,,,,,,,,,,,,,,,,,,,,,,,,,,,,,,,,,,,,,,,,B_mortality_curves,hazard,61.0,0.00541,,,,,,,,,,,
HMD,Sweden 2019 HMD,,,,,,,,,,,,,,,,,,,,,,,,,,,,,,,,,,,,,,,,,,,,B_mortality_curves,hazard,62.0,0.0063,,,,,,,,,,,
HMD,Sweden 2019 HMD,,,,,,,,,,,,,,,,,,,,,,,,,,,,,,,,,,,,,,,,,,,,B_mortality_curves,hazard,63.0,0.00661,,,,,,,,,,,
HMD,Sweden 2019 HMD,,,,,,,,,,,,,,,,,,,,,,,,,,,,,,,,,,,,,,,,,,,,B_mortality_curves,hazard,64.0,0.00705,,,,,,,,,,,
HMD,Sweden 2019 HMD,,,,,,,,,,,,,,,,,,,,,,,,,,,,,,,,,,,,,,,,,,,,B_mortality_curves,hazard,65.0,0.008,,,,,,,,,,,
HMD,Sweden 2019 HMD,,,,,,,,,,,,,,,,,,,,,,,,,,,,,,,,,,,,,,,,,,,,B_mortality_curves,hazard,66.0,0.00936,,,,,,,,,,,
HMD,Sweden 2019 HMD,,,,,,,,,,,,,,,,,,,,,,,,,,,,,,,,,,,,,,,,,,,,B_mortality_curves,hazard,67.0,0.00929,,,,,,,,,,,
HMD,Sweden 2019 HMD,,,,,,,,,,,,,,,,,,,,,,,,,,,,,,,,,,,,,,,,,,,,B_mortality_curves,hazard,68.0,0.0114,,,,,,,,,,,
HMD,Sweden 2019 HMD,,,,,,,,,,,,,,,,,,,,,,,,,,,,,,,,,,,,,,,,,,,,B_mortality_curves,hazard,69.0,0.01177,,,,,,,,,,,
HMD,Sweden 2019 HMD,,,,,,,,,,,,,,,,,,,,,,,,,,,,,,,,,,,,,,,,,,,,B_mortality_curves,hazard,70.0,0.01313,,,,,,,,,,,
HMD,Sweden 2019 HMD,,,,,,,,,,,,,,,,,,,,,,,,,,,,,,,,,,,,,,,,,,,,B_mortality_curves,hazard,71.0,0.01401,,,,,,,,,,,
HMD,Sweden 2019 HMD,,,,,,,,,,,,,,,,,,,,,,,,,,,,,,,,,,,,,,,,,,,,B_mortality_curves,hazard,72.0,0.01675,,,,,,,,,,,
HMD,Sweden 2019 HMD,,,,,,,,,,,,,,,,,,,,,,,,,,,,,,,,,,,,,,,,,,,,B_mortality_curves,hazard,73.0,0.0181,,,,,,,,,,,
HMD,Sweden 2019 HMD,,,,,,,,,,,,,,,,,,,,,,,,,,,,,,,,,,,,,,,,,,,,B_mortality_curves,hazard,74.0,0.02037,,,,,,,,,,,
HMD,Sweden 2019 HMD,,,,,,,,,,,,,,,,,,,,,,,,,,,,,,,,,,,,,,,,,,,,B_mortality_curves,hazard,75.0,0.02293,,,,,,,,,,,
HMD,Sweden 2019 HMD,,,,,,,,,,,,,,,,,,,,,,,,,,,,,,,,,,,,,,,,,,,,B_mortality_curves,hazard,76.0,0.02501,,,,,,,,,,,
HMD,Sweden 2019 HMD,,,,,,,,,,,,,,,,,,,,,,,,,,,,,,,,,,,,,,,,,,,,B_mortality_curves,hazard,77.0,0.02782,,,,,,,,,,,
HMD,Sweden 2019 HMD,,,,,,,,,,,,,,,,,,,,,,,,,,,,,,,,,,,,,,,,,,,,B_mortality_curves,hazard,78.0,0.03134,,,,,,,,,,,
HMD,Sweden 2019 HMD,,,,,,,,,,,,,,,,,,,,,,,,,,,,,,,,,,,,,,,,,,,,B_mortality_curves,hazard,79.0,0.03612,,,,,,,,,,,
HMD,Sweden 2019 HMD,,,,,,,,,,,,,,,,,,,,,,,,,,,,,,,,,,,,,,,,,,,,B_mortality_curves,hazard,80.0,0.04089,,,,,,,,,,,
HMD,Sweden 2019 HMD,,,,,,,,,,,,,,,,,,,,,,,,,,,,,,,,,,,,,,,,,,,,B_mortality_curves,hazard,81.0,0.04512,,,,,,,,,,,
HMD,Sweden 2019 HMD,,,,,,,,,,,,,,,,,,,,,,,,,,,,,,,,,,,,,,,,,,,,B_mortality_curves,hazard,82.0,0.05388,,,,,,,,,,,
HMD,Sweden 2019 HMD,,,,,,,,,,,,,,,,,,,,,,,,,,,,,,,,,,,,,,,,,,,,B_mortality_curves,hazard,83.0,0.06085,,,,,,,,,,,
HMD,Sweden 2019 HMD,,,,,,,,,,,,,,,,,,,,,,,,,,,,,,,,,,,,,,,,,,,,B_mortality_curves,hazard,84.0,0.06798,,,,,,,,,,,
HMD,Sweden 2019 HMD,,,,,,,,,,,,,,,,,,,,,,,,,,,,,,,,,,,,,,,,,,,,B_mortality_curves,hazard,85.0,0.0784,,,,,,,,,,,
HMD,Sweden 2019 HMD,,,,,,,,,,,,,,,,,,,,,,,,,,,,,,,,,,,,,,,,,,,,B_mortality_curves,hazard,86.0,0.09248,,,,,,,,,,,
HMD,Sweden 2019 HMD,,,,,,,,,,,,,,,,,,,,,,,,,,,,,,,,,,,,,,,,,,,,B_mortality_curves,hazard,87.0,0.10344,,,,,,,,,,,
HMD,Sweden 2019 HMD,,,,,,,,,,,,,,,,,,,,,,,,,,,,,,,,,,,,,,,,,,,,B_mortality_curves,hazard,88.0,0.1168,,,,,,,,,,,
HMD,Sweden 2019 HMD,,,,,,,,,,,,,,,,,,,,,,,,,,,,,,,,,,,,,,,,,,,,B_mortality_curves,hazard,89.0,0.13126,,,,,,,,,,,
HMD,Sweden 2019 HMD,,,,,,,,,,,,,,,,,,,,,,,,,,,,,,,,,,,,,,,,,,,,B_mortality_curves,hazard,90.0,0.15457,,,,,,,,,,,
HMD,Sweden 2019 HMD,,,,,,,,,,,,,,,,,,,,,,,,,,,,,,,,,,,,,,,,,,,,B_mortality_curves,hazard,91.0,0.16941,,,,,,,,,,,
HMD,Sweden 2019 HMD,,,,,,,,,,,,,,,,,,,,,,,,,,,,,,,,,,,,,,,,,,,,B_mortality_curves,hazard,92.0,0.19681,,,,,,,,,,,
HMD,Sweden 2019 HMD,,,,,,,,,,,,,,,,,,,,,,,,,,,,,,,,,,,,,,,,,,,,B_mortality_curves,hazard,93.0,0.21975,,,,,,,,,,,
HMD,Sweden 2019 HMD,,,,,,,,,,,,,,,,,,,,,,,,,,,,,,,,,,,,,,,,,,,,B_mortality_curves,hazard,94.0,0.241,,,,,,,,,,,
HMD,Sweden 2019 HMD,,,,,,,,,,,,,,,,,,,,,,,,,,,,,,,,,,,,,,,,,,,,B_mortality_curves,hazard,95.0,0.26987,,,,,,,,,,,
HMD,Sweden 2019 HMD,,,,,,,,,,,,,,,,,,,,,,,,,,,,,,,,,,,,,,,,,,,,B_mortality_curves,hazard,96.0,0.29935,,,,,,,,,,,
HMD,Sweden 2019 HMD,,,,,,,,,,,,,,,,,,,,,,,,,,,,,,,,,,,,,,,,,,,,B_mortality_curves,hazard,97.0,0.33062,,,,,,,,,,,
HMD,Sweden 2019 HMD,,,,,,,,,,,,,,,,,,,,,,,,,,,,,,,,,,,,,,,,,,,,B_mortality_curves,hazard,98.0,0.36349,,,,,,,,,,,
HMD,Sweden 2019 HMD,,,,,,,,,,,,,,,,,,,,,,,,,,,,,,,,,,,,,,,,,,,,B_mortality_curves,hazard,99.0,0.39775,,,,,,,,,,,
HMD,Sweden 2019 HMD,,,,,,,,,,,,,,,,,,,,,,,,,,,,,,,,,,,,,,,,,,,,B_mortality_curves,hazard,100.0,0.43311,,,,,,,,,,,
profile_tau_sd_0.025,2.5% heterogeneity,,,,,,,,,,,0.025,0.0250039067586724,,,,,,,,,,,,,,,,,,,,,,,,,,,,,,,,B_mortality_curves,hazard,55.0,0.002794715710132,1000000.0,0.1,0.025,,,,,,,,
profile_tau_sd_0.025,2.5% heterogeneity,,,,,,,,,,,0.025,0.0250039067586724,,,,,,,,,,,,,,,,,,,,,,,,,,,,,,,,B_mortality_curves,hazard,56.0,0.0023661196571617,1000000.0,0.1,0.025,,,,,,,,
profile_tau_sd_0.025,2.5% heterogeneity,,,,,,,,,,,0.025,0.0250039067586724,,,,,,,,,,,,,,,,,,,,,,,,,,,,,,,,B_mortality_curves,hazard,57.0,0.0031534381842856,1000000.0,0.1,0.025,,,,,,,,
profile_tau_sd_0.025,2.5% heterogeneity,,,,,,,,,,,0.025,0.0250039067586724,,,,,,,,,,,,,,,,,,,,,,,,,,,,,,,,B_mortality_curves,hazard,58.0,0.0032470346012777,1000000.0,0.1,0.025,,,,,,,,
profile_tau_sd_0.025,2.5% heterogeneity,,,,,,,,,,,0.025,0.0250039067586724,,,,,,,,,,,,,,,,,,,,,,,,,,,,,,,,B_mortality_curves,hazard,59.0,0.0039502250685264,1000000.0,0.1,0.025,,,,,,,,
profile_tau_sd_0.025,2.5% heterogeneity,,,,,,,,,,,0.025,0.0250039067586724,,,,,,,,,,,,,,,,,,,,,,,,,,,,,,,,B_mortality_curves,hazard,60.0,0.0044505983582237,1000000.0,0.1,0.025,,,,,,,,
profile_tau_sd_0.025,2.5% heterogeneity,,,,,,,,,,,0.025,0.0250039067586724,,,,,,,,,,,,,,,,,,,,,,,,,,,,,,,,B_mortality_curves,hazard,61.0,0.0052439050176558,1000000.0,0.1,0.025,,,,,,,,
profile_tau_sd_0.025,2.5% heterogeneity,,,,,,,,,,,0.025,0.0250039067586724,,,,,,,,,,,,,,,,,,,,,,,,,,,,,,,,B_mortality_curves,hazard,62.0,0.0050591473848671,1000000.0,0.1,0.025,,,,,,,,
profile_tau_sd_0.025,2.5% heterogeneity,,,,,,,,,,,0.025,0.0250039067586724,,,,,,,,,,,,,,,,,,,,,,,,,,,,,,,,B_mortality_curves,hazard,63.0,0.0062655368741813,1000000.0,0.1,0.025,,,,,,,,
profile_tau_sd_0.025,2.5% heterogeneity,,,,,,,,,,,0.025,0.0250039067586724,,,,,,,,,,,,,,,,,,,,,,,,,,,,,,,,B_mortality_curves,hazard,64.0,0.006642622597836,1000000.0,0.1,0.025,,,,,,,,
profile_tau_sd_0.025,2.5% heterogeneity,,,,,,,,,,,0.025,0.0250039067586724,,,,,,,,,,,,,,,,,,,,,,,,,,,,,,,,B_mortality_curves,hazard,65.0,0.0080828201556241,1000000.0,0.1,0.025,,,,,,,,
profile_tau_sd_0.025,2.5% heterogeneity,,,,,,,,,,,0.025,0.0250039067586724,,,,,,,,,,,,,,,,,,,,,,,,,,,,,,,,B_mortality_curves,hazard,66.0,0.0098063465449045,1000000.0,0.1,0.025,,,,,,,,
profile_tau_sd_0.025,2.5% heterogeneity,,,,,,,,,,,0.025,0.0250039067586724,,,,,,,,,,,,,,,,,,,,,,,,,,,,,,,,B_mortality_curves,hazard,67.0,0.0113200580595165,1000000.0,0.1,0.025,,,,,,,,
profile_tau_sd_0.025,2.5% heterogeneity,,,,,,,,,,,0.025,0.0250039067586724,,,,,,,,,,,,,,,,,,,,,,,,,,,,,,,,B_mortality_curves,hazard,68.0,0.0126821237972112,1000000.0,0.1,0.025,,,,,,,,
profile_tau_sd_0.025,2.5% heterogeneity,,,,,,,,,,,0.025,0.0250039067586724,,,,,,,,,,,,,,,,,,,,,,,,,,,,,,,,B_mortality_curves,hazard,69.0,0.0139929389477309,1000000.0,0.1,0.025,,,,,,,,
profile_tau_sd_0.025,2.5% heterogeneity,,,,,,,,,,,0.025,0.0250039067586724,,,,,,,,,,,,,,,,,,,,,,,,,,,,,,,,B_mortality_curves,hazard,70.0,0.0159272658691917,1000000.0,0.1,0.025,,,,,,,,
profile_tau_sd_0.025,2.5% heterogeneity,,,,,,,,,,,0.025,0.0250039067586724,,,,,,,,,,,,,,,,,,,,,,,,,,,,,,,,B_mortality_curves,hazard,71.0,0.0186322327099196,1000000.0,0.1,0.025,,,,,,,,
profile_tau_sd_0.025,2.5% heterogeneity,,,,,,,,,,,0.025,0.0250039067586724,,,,,,,,,,,,,,,,,,,,,,,,,,,,,,,,B_mortality_curves,hazard,72.0,0.0217348797726123,1000000.0,0.1,0.025,,,,,,,,
profile_tau_sd_0.025,2.5% heterogeneity,,,,,,,,,,,0.025,0.0250039067586724,,,,,,,,,,,,,,,,,,,,,,,,,,,,,,,,B_mortality_curves,hazard,73.0,0.0232638059537794,1000000.0,0.1,0.025,,,,,,,,
profile_tau_sd_0.025,2.5% heterogeneity,,,,,,,,,,,0.025,0.0250039067586724,,,,,,,,,,,,,,,,,,,,,,,,,,,,,,,,B_mortality_curves,hazard,74.0,0.0258581598733824,1000000.0,0.1,0.025,,,,,,,,
profile_tau_sd_0.025,2.5% heterogeneity,,,,,,,,,,,0.025,0.0250039067586724,,,,,,,,,,,,,,,,,,,,,,,,,,,,,,,,B_mortality_curves,hazard,75.0,0.0299705048096686,1000000.0,0.1,0.025,,,,,,,,
profile_tau_sd_0.025,2.5% heterogeneity,,,,,,,,,,,0.025,0.0250039067586724,,,,,,,,,,,,,,,,,,,,,,,,,,,,,,,,B_mortality_curves,hazard,76.0,0.0336783820587038,1000000.0,0.1,0.025,,,,,,,,
profile_tau_sd_0.025,2.5% heterogeneity,,,,,,,,,,,0.025,0.0250039067586724,,,,,,,,,,,,,,,,,,,,,,,,,,,,,,,,B_mortality_curves,hazard,77.0,0.0389808889182116,1000000.0,0.1,0.025,,,,,,,,
profile_tau_sd_0.025,2.5% heterogeneity,,,,,,,,,,,0.025,0.0250039067586724,,,,,,,,,,,,,,,,,,,,,,,,,,,,,,,,B_mortality_curves,hazard,78.0,0.0416571330511383,1000000.0,0.1,0.025,,,,,,,,
profile_tau_sd_0.025,2.5% heterogeneity,,,,,,,,,,,0.025,0.0250039067586724,,,,,,,,,,,,,,,,,,,,,,,,,,,,,,,,B_mortality_curves,hazard,79.0,0.0480546324187049,1000000.0,0.1,0.025,,,,,,,,
profile_tau_sd_0.025,2.5% heterogeneity,,,,,,,,,,,0.025,0.0250039067586724,,,,,,,,,,,,,,,,,,,,,,,,,,,,,,,,B_mortality_curves,hazard,80.0,0.053735531833898,1000000.0,0.1,0.025,,,,,,,,
profile_tau_sd_0.025,2.5% heterogeneity,,,,,,,,,,,0.025,0.0250039067586724,,,,,,,,,,,,,,,,,,,,,,,,,,,,,,,,B_mortality_curves,hazard,81.0,0.0595352953309956,1000000.0,0.1,0.025,,,,,,,,
profile_tau_sd_0.025,2.5% heterogeneity,,,,,,,,,,,0.025,0.0250039067586724,,,,,,,,,,,,,,,,,,,,,,,,,,,,,,,,B_mortality_curves,hazard,82.0,0.0650931395303514,1000000.0,0.1,0.025,,,,,,,,
profile_tau_sd_0.025,2.5% heterogeneity,,,,,,,,,,,0.025,0.0250039067586724,,,,,,,,,,,,,,,,,,,,,,,,,,,,,,,,B_mortality_curves,hazard,83.0,0.0722573829641297,1000000.0,0.1,0.025,,,,,,,,
profile_tau_sd_0.025,2.5% heterogeneity,,,,,,,,,,,0.025,0.0250039067586724,,,,,,,,,,,,,,,,,,,,,,,,,,,,,,,,B_mortality_curves,hazard,84.0,0.0837007298670804,1000000.0,0.1,0.025,,,,,,,,
profile_tau_sd_0.025,2.5% heterogeneity,,,,,,,,,,,0.025,0.0250039067586724,,,,,,,,,,,,,,,,,,,,,,,,,,,,,,,,B_mortality_curves,hazard,85.0,0.0909400118150409,1000000.0,0.1,0.025,,,,,,,,
profile_tau_sd_0.025,2.5% heterogeneity,,,,,,,,,,,0.025,0.0250039067586724,,,,,,,,,,,,,,,,,,,,,,,,,,,,,,,,B_mortality_curves,hazard,86.0,0.1016801361646784,1000000.0,0.1,0.025,,,,,,,,
profile_tau_sd_0.025,2.5% heterogeneity,,,,,,,,,,,0.025,0.0250039067586724,,,,,,,,,,,,,,,,,,,,,,,,,,,,,,,,B_mortality_curves,hazard,87.0,0.1103198948290972,1000000.0,0.1,0.025,,,,,,,,
profile_tau_sd_0.025,2.5% heterogeneity,,,,,,,,,,,0.025,0.0250039067586724,,,,,,,,,,,,,,,,,,,,,,,,,,,,,,,,B_mortality_curves,hazard,88.0,0.1222825668877025,1000000.0,0.1,0.025,,,,,,,,
profile_tau_sd_0.025,2.5% heterogeneity,,,,,,,,,,,0.025,0.0250039067586724,,,,,,,,,,,,,,,,,,,,,,,,,,,,,,,,B_mortality_curves,hazard,89.0,0.1315043169548137,1000000.0,0.1,0.025,,,,,,,,
profile_tau_sd_0.025,2.5% heterogeneity,,,,,,,,,,,0.025,0.0250039067586724,,,,,,,,,,,,,,,,,,,,,,,,,,,,,,,,B_mortality_curves,hazard,90.0,0.1531358990383646,1000000.0,0.1,0.025,,,,,,,,
profile_tau_sd_0.025,2.5% heterogeneity,,,,,,,,,,,0.025,0.0250039067586724,,,,,,,,,,,,,,,,,,,,,,,,,,,,,,,,B_mortality_curves,hazard,91.0,0.1637344836030062,1000000.0,0.1,0.025,,,,,,,,
profile_tau_sd_0.025,2.5% heterogeneity,,,,,,,,,,,0.025,0.0250039067586724,,,,,,,,,,,,,,,,,,,,,,,,,,,,,,,,B_mortality_curves,hazard,92.0,0.1808668654582816,1000000.0,0.1,0.025,,,,,,,,
profile_tau_sd_0.025,2.5% heterogeneity,,,,,,,,,,,0.025,0.0250039067586724,,,,,,,,,,,,,,,,,,,,,,,,,,,,,,,,B_mortality_curves,hazard,93.0,0.1929364278506559,1000000.0,0.1,0.025,,,,,,,,
profile_tau_sd_0.025,2.5% heterogeneity,,,,,,,,,,,0.025,0.0250039067586724,,,,,,,,,,,,,,,,,,,,,,,,,,,,,,,,B_mortality_curves,hazard,94.0,0.2088161312935549,1000000.0,0.1,0.025,,,,,,,,
profile_tau_sd_0.025,2.5% heterogeneity,,,,,,,,,,,0.025,0.0250039067586724,,,,,,,,,,,,,,,,,,,,,,,,,,,,,,,,B_mortality_curves,hazard,95.0,0.2299039329994252,1000000.0,0.1,0.025,,,,,,,,
profile_tau_sd_0.025,2.5% heterogeneity,,,,,,,,,,,0.025,0.0250039067586724,,,,,,,,,,,,,,,,,,,,,,,,,,,,,,,,B_mortality_curves,hazard,96.0,0.2406532015470562,1000000.0,0.1,0.025,,,,,,,,
profile_tau_sd_0.025,2.5% heterogeneity,,,,,,,,,,,0.025,0.0250039067586724,,,,,,,,,,,,,,,,,,,,,,,,,,,,,,,,B_mortality_curves,hazard,97.0,0.2722834991470026,1000000.0,0.1,0.025,,,,,,,,
profile_tau_sd_0.025,2.5% heterogeneity,,,,,,,,,,,0.025,0.0250039067586724,,,,,,,,,,,,,,,,,,,,,,,,,,,,,,,,B_mortality_curves,hazard,98.0,0.2909415439535921,1000000.0,0.1,0.025,,,,,,,,
profile_tau_sd_0.025,2.5% heterogeneity,,,,,,,,,,,0.025,0.0250039067586724,,,,,,,,,,,,,,,,,,,,,,,,,,,,,,,,B_mortality_curves,hazard,99.0,0.3059931196813326,1000000.0,0.1,0.025,,,,,,,,
profile_tau_sd_0.025,2.5% heterogeneity,,,,,,,,,,,0.025,0.0250039067586724,,,,,,,,,,,,,,,,,,,,,,,,,,,,,,,,B_mortality_curves,hazard,100.0,0.3143000250438266,1000000.0,0.1,0.025,,,,,,,,
profile_tau_sd_0.050,5% heterogeneity,,,,,,,,,,,0.05,0.0500312662821478,,,,,,,,,,,,,,,,,,,,,,,,,,,,,,,,B_mortality_curves,hazard,55.0,0.0025243511951871,1000000.0,0.1,0.05,,,,,,,,
profile_tau_sd_0.050,5% heterogeneity,,,,,,,,,,,0.05,0.0500312662821478,,,,,,,,,,,,,,,,,,,,,,,,,,,,,,,,B_mortality_curves,hazard,56.0,0.0029462353544092,1000000.0,0.1,0.05,,,,,,,,
profile_tau_sd_0.050,5% heterogeneity,,,,,,,,,,,0.05,0.0500312662821478,,,,,,,,,,,,,,,,,,,,,,,,,,,,,,,,B_mortality_curves,hazard,57.0,0.003392511499157,1000000.0,0.1,0.05,,,,,,,,
profile_tau_sd_0.050,5% heterogeneity,,,,,,,,,,,0.05,0.0500312662821478,,,,,,,,,,,,,,,,,,,,,,,,,,,,,,,,B_mortality_curves,hazard,58.0,0.0040828089725731,1000000.0,0.1,0.05,,,,,,,,
profile_tau_sd_0.050,5% heterogeneity,,,,,,,,,,,0.05,0.0500312662821478,,,,,,,,,,,,,,,,,,,,,,,,,,,,,,,,B_mortality_curves,hazard,59.0,0.0043299392760089,1000000.0,0.1,0.05,,,,,,,,
profile_tau_sd_0.050,5% heterogeneity,,,,,,,,,,,0.05,0.0500312662821478,,,,,,,,,,,,,,,,,,,,,,,,,,,,,,,,B_mortality_curves,hazard,60.0,0.0048660724160049,1000000.0,0.1,0.05,,,,,,,,
profile_tau_sd_0.050,5% heterogeneity,,,,,,,,,,,0.05,0.0500312662821478,,,,,,,,,,,,,,,,,,,,,,,,,,,,,,,,B_mortality_curves,hazard,61.0,0.0060979418387623,1000000.0,0.1,0.05,,,,,,,,
profile_tau_sd_0.050,5% heterogeneity,,,,,,,,,,,0.05,0.0500312662821478,,,,,,,,,,,,,,,,,,,,,,,,,,,,,,,,B_mortality_curves,hazard,62.0,0.0062103199965912,1000000.0,0.1,0.05,,,,,,,,
profile_tau_sd_0.050,5% heterogeneity,,,,,,,,,,,0.05,0.0500312662821478,,,,,,,,,,,,,,,,,,,,,,,,,,,,,,,,B_mortality_curves,hazard,63.0,0.0074974901106067,1000000.0,0.1,0.05,,,,,,,,
profile_tau_sd_0.050,5% heterogeneity,,,,,,,,,,,0.05,0.0500312662821478,,,,,,,,,,,,,,,,,,,,,,,,,,,,,,,,B_mortality_curves,hazard,64.0,0.0092760166319626,1000000.0,0.1,0.05,,,,,,,,
profile_tau_sd_0.050,5% heterogeneity,,,,,,,,,,,0.05,0.0500312662821478,,,,,,,,,,,,,,,,,,,,,,,,,,,,,,,,B_mortality_curves,hazard,65.0,0.0101035670174182,1000000.0,0.1,0.05,,,,,,,,
profile_tau_sd_0.050,5% heterogeneity,,,,,,,,,,,0.05,0.0500312662821478,,,,,,,,,,,,,,,,,,,,,,,,,,,,,,,,B_mortality_curves,hazard,66.0,0.0113573837880513,1000000.0,0.1,0.05,,,,,,,,
profile_tau_sd_0.050,5% heterogeneity,,,,,,,,,,,0.05,0.0500312662821478,,,,,,,,,,,,,,,,,,,,,,,,,,,,,,,,B_mortality_curves,hazard,67.0,0.0128328735816884,1000000.0,0.1,0.05,,,,,,,,
profile_tau_sd_0.050,5% heterogeneity,,,,,,,,,,,0.05,0.0500312662821478,,,,,,,,,,,,,,,,,,,,,,,,,,,,,,,,B_mortality_curves,hazard,68.0,0.0145910765952344,1000000.0,0.1,0.05,,,,,,,,
profile_tau_sd_0.050,5% heterogeneity,,,,,,,,,,,0.05,0.0500312662821478,,,,,,,,,,,,,,,,,,,,,,,,,,,,,,,,B_mortality_curves,hazard,69.0,0.0164829042992238,1000000.0,0.1,0.05,,,,,,,,
profile_tau_sd_0.050,5% heterogeneity,,,,,,,,,,,0.05,0.0500312662821478,,,,,,,,,,,,,,,,,,,,,,,,,,,,,,,,B_mortality_curves,hazard,70.0,0.0183199002985898,1000000.0,0.1,0.05,,,,,,,,
profile_tau_sd_0.050,5% heterogeneity,,,,,,,,,,,0.05,0.0500312662821478,,,,,,,,,,,,,,,,,,,,,,,,,,,,,,,,B_mortality_curves,hazard,71.0,0.0212016999518251,1000000.0,0.1,0.05,,,,,,,,
profile_tau_sd_0.050,5% heterogeneity,,,,,,,,,,,0.05,0.0500312662821478,,,,,,,,,,,,,,,,,,,,,,,,,,,,,,,,B_mortality_curves,hazard,72.0,0.0239653435520419,1000000.0,0.1,0.05,,,,,,,,
profile_tau_sd_0.050,5% heterogeneity,,,,,,,,,,,0.05,0.0500312662821478,,,,,,,,,,,,,,,,,,,,,,,,,,,,,,,,B_mortality_curves,hazard,73.0,0.026992698080978,1000000.0,0.1,0.05,,,,,,,,
profile_tau_sd_0.050,5% heterogeneity,,,,,,,,,,,0.05,0.0500312662821478,,,,,,,,,,,,,,,,,,,,,,,,,,,,,,,,B_mortality_curves,hazard,74.0,0.0303336573558475,1000000.0,0.1,0.05,,,,,,,,
profile_tau_sd_0.050,5% heterogeneity,,,,,,,,,,,0.05,0.0500312662821478,,,,,,,,,,,,,,,,,,,,,,,,,,,,,,,,B_mortality_curves,hazard,75.0,0.0346344174371328,1000000.0,0.1,0.05,,,,,,,,
profile_tau_sd_0.050,5% heterogeneity,,,,,,,,,,,0.05,0.0500312662821478,,,,,,,,,,,,,,,,,,,,,,,,,,,,,,,,B_mortality_curves,hazard,76.0,0.0377425073265678,1000000.0,0.1,0.05,,,,,,,,
profile_tau_sd_0.050,5% heterogeneity,,,,,,,,,,,0.05,0.0500312662821478,,,,,,,,,,,,,,,,,,,,,,,,,,,,,,,,B_mortality_curves,hazard,77.0,0.0432943918192685,1000000.0,0.1,0.05,,,,,,,,
profile_tau_sd_0.050,5% heterogeneity,,,,,,,,,,,0.05,0.0500312662821478,,,,,,,,,,,,,,,,,,,,,,,,,,,,,,,,B_mortality_curves,hazard,78.0,0.0481899477090997,1000000.0,0.1,0.05,,,,,,,,
profile_tau_sd_0.050,5% heterogeneity,,,,,,,,,,,0.05,0.0500312662821478,,,,,,,,,,,,,,,,,,,,,,,,,,,,,,,,B_mortality_curves,hazard,79.0,0.0542192460160778,1000000.0,0.1,0.05,,,,,,,,
profile_tau_sd_0.050,5% heterogeneity,,,,,,,,,,,0.05,0.0500312662821478,,,,,,,,,,,,,,,,,,,,,,,,,,,,,,,,B_mortality_curves,hazard,80.0,0.0597732324809649,1000000.0,0.1,0.05,,,,,,,,
profile_tau_sd_0.050,5% heterogeneity,,,,,,,,,,,0.05,0.0500312662821478,,,,,,,,,,,,,,,,,,,,,,,,,,,,,,,,B_mortality_curves,hazard,81.0,0.0660984333605189,1000000.0,0.1,0.05,,,,,,,,
profile_tau_sd_0.050,5% heterogeneity,,,,,,,,,,,0.05,0.0500312662821478,,,,,,,,,,,,,,,,,,,,,,,,,,,,,,,,B_mortality_curves,hazard,82.0,0.0737133003688519,1000000.0,0.1,0.05,,,,,,,,
profile_tau_sd_0.050,5% heterogeneity,,,,,,,,,,,0.05,0.0500312662821478,,,,,,,,,,,,,,,,,,,,,,,,,,,,,,,,B_mortality_curves,hazard,83.0,0.0786420186564329,1000000.0,0.1,0.05,,,,,,,,
profile_tau_sd_0.050,5% heterogeneity,,,,,,,,,,,0.05,0.0500312662821478,,,,,,,,,,,,,,,,,,,,,,,,,,,,,,,,B_mortality_curves,hazard,84.0,0.0887089213405895,1000000.0,0.1,0.05,,,,,,,,
profile_tau_sd_0.050,5% heterogeneity,,,,,,,,,,,0.05,0.0500312662821478,,,,,,,,,,,,,,,,,,,,,,,,,,,,,,,,B_mortality_curves,hazard,85.0,0.0952106174264281,1000000.0,0.1,0.05,,,,,,,,
profile_tau_sd_0.050,5% heterogeneity,,,,,,,,,,,0.05,0.0500312662821478,,,,,,,,,,,,,,,,,,,,,,,,,,,,,,,,B_mortality_curves,hazard,86.0,0.1043882476163738,1000000.0,0.1,0.05,,,,,,,,
profile_tau_sd_0.050,5% heterogeneity,,,,,,,,,,,0.05,0.0500312662821478,,,,,,,,,,,,,,,,,,,,,,,,,,,,,,,,B_mortality_curves,hazard,87.0,0.1135316473231225,1000000.0,0.1,0.05,,,,,,,,
profile_tau_sd_0.050,5% heterogeneity,,,,,,,,,,,0.05,0.0500312662821478,,,,,,,,,,,,,,,,,,,,,,,,,,,,,,,,B_mortality_curves,hazard,88.0,0.1224207820706891,1000000.0,0.1,0.05,,,,,,,,
profile_tau_sd_0.050,5% heterogeneity,,,,,,,,,,,0.05,0.0500312662821478,,,,,,,,,,,,,,,,,,,,,,,,,,,,,,,,B_mortality_curves,hazard,89.0,0.1326276271655845,1000000.0,0.1,0.05,,,,,,,,
profile_tau_sd_0.050,5% heterogeneity,,,,,,,,,,,0.05,0.0500312662821478,,,,,,,,,,,,,,,,,,,,,,,,,,,,,,,,B_mortality_curves,hazard,90.0,0.1436410516340877,1000000.0,0.1,0.05,,,,,,,,
profile_tau_sd_0.050,5% heterogeneity,,,,,,,,,,,0.05,0.0500312662821478,,,,,,,,,,,,,,,,,,,,,,,,,,,,,,,,B_mortality_curves,hazard,91.0,0.152189123074016,1000000.0,0.1,0.05,,,,,,,,
profile_tau_sd_0.050,5% heterogeneity,,,,,,,,,,,0.05,0.0500312662821478,,,,,,,,,,,,,,,,,,,,,,,,,,,,,,,,B_mortality_curves,hazard,92.0,0.1656779914914015,1000000.0,0.1,0.05,,,,,,,,
profile_tau_sd_0.050,5% heterogeneity,,,,,,,,,,,0.05,0.0500312662821478,,,,,,,,,,,,,,,,,,,,,,,,,,,,,,,,B_mortality_curves,hazard,93.0,0.171504145394559,1000000.0,0.1,0.05,,,,,,,,
profile_tau_sd_0.050,5% heterogeneity,,,,,,,,,,,0.05,0.0500312662821478,,,,,,,,,,,,,,,,,,,,,,,,,,,,,,,,B_mortality_curves,hazard,94.0,0.1843970421418032,1000000.0,0.1,0.05,,,,,,,,
profile_tau_sd_0.050,5% heterogeneity,,,,,,,,,,,0.05,0.0500312662821478,,,,,,,,,,,,,,,,,,,,,,,,,,,,,,,,B_mortality_curves,hazard,95.0,0.2013408952386855,1000000.0,0.1,0.05,,,,,,,,
profile_tau_sd_0.050,5% heterogeneity,,,,,,,,,,,0.05,0.0500312662821478,,,,,,,,,,,,,,,,,,,,,,,,,,,,,,,,B_mortality_curves,hazard,96.0,0.2181184580360435,1000000.0,0.1,0.05,,,,,,,,
profile_tau_sd_0.050,5% heterogeneity,,,,,,,,,,,0.05,0.0500312662821478,,,,,,,,,,,,,,,,,,,,,,,,,,,,,,,,B_mortality_curves,hazard,97.0,0.2273448407158268,1000000.0,0.1,0.05,,,,,,,,
profile_tau_sd_0.050,5% heterogeneity,,,,,,,,,,,0.05,0.0500312662821478,,,,,,,,,,,,,,,,,,,,,,,,,,,,,,,,B_mortality_curves,hazard,98.0,0.2248842359573183,1000000.0,0.1,0.05,,,,,,,,
profile_tau_sd_0.050,5% heterogeneity,,,,,,,,,,,0.05,0.0500312662821478,,,,,,,,,,,,,,,,,,,,,,,,,,,,,,,,B_mortality_curves,hazard,99.0,0.2502695210226398,1000000.0,0.1,0.05,,,,,,,,
profile_tau_sd_0.050,5% heterogeneity,,,,,,,,,,,0.05,0.0500312662821478,,,,,,,,,,,,,,,,,,,,,,,,,,,,,,,,B_mortality_curves,hazard,100.0,0.2529920212765957,1000000.0,0.1,0.05,,,,,,,,
profile_tau_sd_0.100,10% heterogeneity,,,,,,,,,,,0.1,0.1002505216154407,,,,,,,,,,,,,,,,,,,,,,,,,,,,,,,,B_mortality_curves,hazard,55.0,0.0020817915064988,1000000.0,0.1,0.1,,,,,,,,
profile_tau_sd_0.100,10% heterogeneity,,,,,,,,,,,0.1,0.1002505216154407,,,,,,,,,,,,,,,,,,,,,,,,,,,,,,,,B_mortality_curves,hazard,56.0,0.0023678613413778,1000000.0,0.1,0.1,,,,,,,,
profile_tau_sd_0.100,10% heterogeneity,,,,,,,,,,,0.1,0.1002505216154407,,,,,,,,,,,,,,,,,,,,,,,,,,,,,,,,B_mortality_curves,hazard,57.0,0.0028442659806966,1000000.0,0.1,0.1,,,,,,,,
profile_tau_sd_0.100,10% heterogeneity,,,,,,,,,,,0.1,0.1002505216154407,,,,,,,,,,,,,,,,,,,,,,,,,,,,,,,,B_mortality_curves,hazard,58.0,0.0030305731348605,1000000.0,0.1,0.1,,,,,,,,
profile_tau_sd_0.100,10% heterogeneity,,,,,,,,,,,0.1,0.1002505216154407,,,,,,,,,,,,,,,,,,,,,,,,,,,,,,,,B_mortality_curves,hazard,59.0,0.00376664478225,1000000.0,0.1,0.1,,,,,,,,
profile_tau_sd_0.100,10% heterogeneity,,,,,,,,,,,0.1,0.1002505216154407,,,,,,,,,,,,,,,,,,,,,,,,,,,,,,,,B_mortality_curves,hazard,60.0,0.0045312673289288,1000000.0,0.1,0.1,,,,,,,,
profile_tau_sd_0.100,10% heterogeneity,,,,,,,,,,,0.1,0.1002505216154407,,,,,,,,,,,,,,,,,,,,,,,,,,,,,,,,B_mortality_curves,hazard,61.0,0.0050078884853577,1000000.0,0.1,0.1,,,,,,,,
profile_tau_sd_0.100,10% heterogeneity,,,,,,,,,,,0.1,0.1002505216154407,,,,,,,,,,,,,,,,,,,,,,,,,,,,,,,,B_mortality_curves,hazard,62.0,0.0063253468274065,1000000.0,0.1,0.1,,,,,,,,
profile_tau_sd_0.100,10% heterogeneity,,,,,,,,,,,0.1,0.1002505216154407,,,,,,,,,,,,,,,,,,,,,,,,,,,,,,,,B_mortality_curves,hazard,63.0,0.0062908813352986,1000000.0,0.1,0.1,,,,,,,,
profile_tau_sd_0.100,10% heterogeneity,,,,,,,,,,,0.1,0.1002505216154407,,,,,,,,,,,,,,,,,,,,,,,,,,,,,,,,B_mortality_curves,hazard,64.0,0.0089232213586226,1000000.0,0.1,0.1,,,,,,,,
profile_tau_sd_0.100,10% heterogeneity,,,,,,,,,,,0.1,0.1002505216154407,,,,,,,,,,,,,,,,,,,,,,,,,,,,,,,,B_mortality_curves,hazard,65.0,0.0100951013111626,1000000.0,0.1,0.1,,,,,,,,
profile_tau_sd_0.100,10% heterogeneity,,,,,,,,,,,0.1,0.1002505216154407,,,,,,,,,,,,,,,,,,,,,,,,,,,,,,,,B_mortality_curves,hazard,66.0,0.0114265041956005,1000000.0,0.1,0.1,,,,,,,,
profile_tau_sd_0.100,10% heterogeneity,,,,,,,,,,,0.1,0.1002505216154407,,,,,,,,,,,,,,,,,,,,,,,,,,,,,,,,B_mortality_curves,hazard,67.0,0.013559761240975,1000000.0,0.1,0.1,,,,,,,,
profile_tau_sd_0.100,10% heterogeneity,,,,,,,,,,,0.1,0.1002505216154407,,,,,,,,,,,,,,,,,,,,,,,,,,,,,,,,B_mortality_curves,hazard,68.0,0.0164794686674751,1000000.0,0.1,0.1,,,,,,,,
profile_tau_sd_0.100,10% heterogeneity,,,,,,,,,,,0.1,0.1002505216154407,,,,,,,,,,,,,,,,,,,,,,,,,,,,,,,,B_mortality_curves,hazard,69.0,0.0193833980791871,1000000.0,0.1,0.1,,,,,,,,
profile_tau_sd_0.100,10% heterogeneity,,,,,,,,,,,0.1,0.1002505216154407,,,,,,,,,,,,,,,,,,,,,,,,,,,,,,,,B_mortality_curves,hazard,70.0,0.0222684906741867,1000000.0,0.1,0.1,,,,,,,,
profile_tau_sd_0.100,10% heterogeneity,,,,,,,,,,,0.1,0.1002505216154407,,,,,,,,,,,,,,,,,,,,,,,,,,,,,,,,B_mortality_curves,hazard,71.0,0.0259426658649704,1000000.0,0.1,0.1,,,,,,,,
profile_tau_sd_0.100,10% heterogeneity,,,,,,,,,,,0.1,0.1002505216154407,,,,,,,,,,,,,,,,,,,,,,,,,,,,,,,,B_mortality_curves,hazard,72.0,0.0298153749766293,1000000.0,0.1,0.1,,,,,,,,
profile_tau_sd_0.100,10% heterogeneity,,,,,,,,,,,0.1,0.1002505216154407,,,,,,,,,,,,,,,,,,,,,,,,,,,,,,,,B_mortality_curves,hazard,73.0,0.0333882350235302,1000000.0,0.1,0.1,,,,,,,,
profile_tau_sd_0.100,10% heterogeneity,,,,,,,,,,,0.1,0.1002505216154407,,,,,,,,,,,,,,,,,,,,,,,,,,,,,,,,B_mortality_curves,hazard,74.0,0.0371778219992612,1000000.0,0.1,0.1,,,,,,,,
profile_tau_sd_0.100,10% heterogeneity,,,,,,,,,,,0.1,0.1002505216154407,,,,,,,,,,,,,,,,,,,,,,,,,,,,,,,,B_mortality_curves,hazard,75.0,0.0422067718298055,1000000.0,0.1,0.1,,,,,,,,
profile_tau_sd_0.100,10% heterogeneity,,,,,,,,,,,0.1,0.1002505216154407,,,,,,,,,,,,,,,,,,,,,,,,,,,,,,,,B_mortality_curves,hazard,76.0,0.0471964746122477,1000000.0,0.1,0.1,,,,,,,,
profile_tau_sd_0.100,10% heterogeneity,,,,,,,,,,,0.1,0.1002505216154407,,,,,,,,,,,,,,,,,,,,,,,,,,,,,,,,B_mortality_curves,hazard,77.0,0.0538414158669089,1000000.0,0.1,0.1,,,,,,,,
profile_tau_sd_0.100,10% heterogeneity,,,,,,,,,,,0.1,0.1002505216154407,,,,,,,,,,,,,,,,,,,,,,,,,,,,,,,,B_mortality_curves,hazard,78.0,0.0590182142696636,1000000.0,0.1,0.1,,,,,,,,
profile_tau_sd_0.100,10% heterogeneity,,,,,,,,,,,0.1,0.1002505216154407,,,,,,,,,,,,,,,,,,,,,,,,,,,,,,,,B_mortality_curves,hazard,79.0,0.063713965472464,1000000.0,0.1,0.1,,,,,,,,
profile_tau_sd_0.100,10% heterogeneity,,,,,,,,,,,0.1,0.1002505216154407,,,,,,,,,,,,,,,,,,,,,,,,,,,,,,,,B_mortality_curves,hazard,80.0,0.0713458360857321,1000000.0,0.1,0.1,,,,,,,,
profile_tau_sd_0.100,10% heterogeneity,,,,,,,,,,,0.1,0.1002505216154407,,,,,,,,,,,,,,,,,,,,,,,,,,,,,,,,B_mortality_curves,hazard,81.0,0.0786429797980793,1000000.0,0.1,0.1,,,,,,,,
profile_tau_sd_0.100,10% heterogeneity,,,,,,,,,,,0.1,0.1002505216154407,,,,,,,,,,,,,,,,,,,,,,,,,,,,,,,,B_mortality_curves,hazard,82.0,0.0863970627566183,1000000.0,0.1,0.1,,,,,,,,
profile_tau_sd_0.100,10% heterogeneity,,,,,,,,,,,0.1,0.1002505216154407,,,,,,,,,,,,,,,,,,,,,,,,,,,,,,,,B_mortality_curves,hazard,83.0,0.0917362559263865,1000000.0,0.1,0.1,,,,,,,,
profile_tau_sd_0.100,10% heterogeneity,,,,,,,,,,,0.1,0.1002505216154407,,,,,,,,,,,,,,,,,,,,,,,,,,,,,,,,B_mortality_curves,hazard,84.0,0.0965762373589292,1000000.0,0.1,0.1,,,,,,,,
profile_tau_sd_0.100,10% heterogeneity,,,,,,,,,,,0.1,0.1002505216154407,,,,,,,,,,,,,,,,,,,,,,,,,,,,,,,,B_mortality_curves,hazard,85.0,0.1039632608032565,1000000.0,0.1,0.1,,,,,,,,
profile_tau_sd_0.100,10% heterogeneity,,,,,,,,,,,0.1,0.1002505216154407,,,,,,,,,,,,,,,,,,,,,,,,,,,,,,,,B_mortality_curves,hazard,86.0,0.1138291607645907,1000000.0,0.1,0.1,,,,,,,,
profile_tau_sd_0.100,10% heterogeneity,,,,,,,,,,,0.1,0.1002505216154407,,,,,,,,,,,,,,,,,,,,,,,,,,,,,,,,B_mortality_curves,hazard,87.0,0.1199196005779602,1000000.0,0.1,0.1,,,,,,,,
profile_tau_sd_0.100,10% heterogeneity,,,,,,,,,,,0.1,0.1002505216154407,,,,,,,,,,,,,,,,,,,,,,,,,,,,,,,,B_mortality_curves,hazard,88.0,0.127714334274869,1000000.0,0.1,0.1,,,,,,,,
profile_tau_sd_0.100,10% heterogeneity,,,,,,,,,,,0.1,0.1002505216154407,,,,,,,,,,,,,,,,,,,,,,,,,,,,,,,,B_mortality_curves,hazard,89.0,0.133692429014808,1000000.0,0.1,0.1,,,,,,,,
profile_tau_sd_0.100,10% heterogeneity,,,,,,,,,,,0.1,0.1002505216154407,,,,,,,,,,,,,,,,,,,,,,,,,,,,,,,,B_mortality_curves,hazard,90.0,0.1374049845061843,1000000.0,0.1,0.1,,,,,,,,
profile_tau_sd_0.100,10% heterogeneity,,,,,,,,,,,0.1,0.1002505216154407,,,,,,,,,,,,,,,,,,,,,,,,,,,,,,,,B_mortality_curves,hazard,91.0,0.1484175529472272,1000000.0,0.1,0.1,,,,,,,,
profile_tau_sd_0.100,10% heterogeneity,,,,,,,,,,,0.1,0.1002505216154407,,,,,,,,,,,,,,,,,,,,,,,,,,,,,,,,B_mortality_curves,hazard,92.0,0.1602635095064912,1000000.0,0.1,0.1,,,,,,,,
profile_tau_sd_0.100,10% heterogeneity,,,,,,,,,,,0.1,0.1002505216154407,,,,,,,,,,,,,,,,,,,,,,,,,,,,,,,,B_mortality_curves,hazard,93.0,0.1663733132176682,1000000.0,0.1,0.1,,,,,,,,
profile_tau_sd_0.100,10% heterogeneity,,,,,,,,,,,0.1,0.1002505216154407,,,,,,,,,,,,,,,,,,,,,,,,,,,,,,,,B_mortality_curves,hazard,94.0,0.171452937209948,1000000.0,0.1,0.1,,,,,,,,
profile_tau_sd_0.100,10% heterogeneity,,,,,,,,,,,0.1,0.1002505216154407,,,,,,,,,,,,,,,,,,,,,,,,,,,,,,,,B_mortality_curves,hazard,95.0,0.1746080468454854,1000000.0,0.1,0.1,,,,,,,,
profile_tau_sd_0.100,10% heterogeneity,,,,,,,,,,,0.1,0.1002505216154407,,,,,,,,,,,,,,,,,,,,,,,,,,,,,,,,B_mortality_curves,hazard,96.0,0.1916294879966008,1000000.0,0.1,0.1,,,,,,,,
profile_tau_sd_0.100,10% heterogeneity,,,,,,,,,,,0.1,0.1002505216154407,,,,,,,,,,,,,,,,,,,,,,,,,,,,,,,,B_mortality_curves,hazard,97.0,0.193568262335484,1000000.0,0.1,0.1,,,,,,,,
profile_tau_sd_0.100,10% heterogeneity,,,,,,,,,,,0.1,0.1002505216154407,,,,,,,,,,,,,,,,,,,,,,,,,,,,,,,,B_mortality_curves,hazard,98.0,0.2013199258842878,1000000.0,0.1,0.1,,,,,,,,
profile_tau_sd_0.100,10% heterogeneity,,,,,,,,,,,0.1,0.1002505216154407,,,,,,,,,,,,,,,,,,,,,,,,,,,,,,,,B_mortality_curves,hazard,99.0,0.2045807750121016,1000000.0,0.1,0.1,,,,,,,,
profile_tau_sd_0.100,10% heterogeneity,,,,,,,,,,,0.1,0.1002505216154407,,,,,,,,,,,,,,,,,,,,,,,,,,,,,,,,B_mortality_curves,hazard,100.0,0.2195871761089152,1000000.0,0.1,0.1,,,,,,,,
profile_tau_sd_0.160,15% heterogeneity,,,,,,,,,,,0.16,0.1610294823638894,,,,,,,,,,,,,,,,,,,,,,,,,,,,,,,,B_mortality_curves,hazard,55.0,0.0107352959061043,1000000.0,0.1,0.15,,,,,,,,
profile_tau_sd_0.160,15% heterogeneity,,,,,,,,,,,0.16,0.1610294823638894,,,,,,,,,,,,,,,,,,,,,,,,,,,,,,,,B_mortality_curves,hazard,56.0,0.0125732132390118,1000000.0,0.1,0.15,,,,,,,,
profile_tau_sd_0.160,15% heterogeneity,,,,,,,,,,,0.16,0.1610294823638894,,,,,,,,,,,,,,,,,,,,,,,,,,,,,,,,B_mortality_curves,hazard,57.0,0.013204679330313,1000000.0,0.1,0.15,,,,,,,,
profile_tau_sd_0.160,15% heterogeneity,,,,,,,,,,,0.16,0.1610294823638894,,,,,,,,,,,,,,,,,,,,,,,,,,,,,,,,B_mortality_curves,hazard,58.0,0.0155521889159905,1000000.0,0.1,0.15,,,,,,,,
profile_tau_sd_0.160,15% heterogeneity,,,,,,,,,,,0.16,0.1610294823638894,,,,,,,,,,,,,,,,,,,,,,,,,,,,,,,,B_mortality_curves,hazard,59.0,0.0161429550952516,1000000.0,0.1,0.15,,,,,,,,
profile_tau_sd_0.160,15% heterogeneity,,,,,,,,,,,0.16,0.1610294823638894,,,,,,,,,,,,,,,,,,,,,,,,,,,,,,,,B_mortality_curves,hazard,60.0,0.0189723545690565,1000000.0,0.1,0.15,,,,,,,,
profile_tau_sd_0.160,15% heterogeneity,,,,,,,,,,,0.16,0.1610294823638894,,,,,,,,,,,,,,,,,,,,,,,,,,,,,,,,B_mortality_curves,hazard,61.0,0.0193249006494135,1000000.0,0.1,0.15,,,,,,,,
profile_tau_sd_0.160,15% heterogeneity,,,,,,,,,,,0.16,0.1610294823638894,,,,,,,,,,,,,,,,,,,,,,,,,,,,,,,,B_mortality_curves,hazard,62.0,0.0213130733377534,1000000.0,0.1,0.15,,,,,,,,
profile_tau_sd_0.160,15% heterogeneity,,,,,,,,,,,0.16,0.1610294823638894,,,,,,,,,,,,,,,,,,,,,,,,,,,,,,,,B_mortality_curves,hazard,63.0,0.022604458656736,1000000.0,0.1,0.15,,,,,,,,
profile_tau_sd_0.160,15% heterogeneity,,,,,,,,,,,0.16,0.1610294823638894,,,,,,,,,,,,,,,,,,,,,,,,,,,,,,,,B_mortality_curves,hazard,64.0,0.0255517744287797,1000000.0,0.1,0.15,,,,,,,,
profile_tau_sd_0.160,15% heterogeneity,,,,,,,,,,,0.16,0.1610294823638894,,,,,,,,,,,,,,,,,,,,,,,,,,,,,,,,B_mortality_curves,hazard,65.0,0.0279356016473749,1000000.0,0.1,0.15,,,,,,,,
profile_tau_sd_0.160,15% heterogeneity,,,,,,,,,,,0.16,0.1610294823638894,,,,,,,,,,,,,,,,,,,,,,,,,,,,,,,,B_mortality_curves,hazard,66.0,0.0286032099157794,1000000.0,0.1,0.15,,,,,,,,
profile_tau_sd_0.160,15% heterogeneity,,,,,,,,,,,0.16,0.1610294823638894,,,,,,,,,,,,,,,,,,,,,,,,,,,,,,,,B_mortality_curves,hazard,67.0,0.0321929771302784,1000000.0,0.1,0.15,,,,,,,,
profile_tau_sd_0.160,15% heterogeneity,,,,,,,,,,,0.16,0.1610294823638894,,,,,,,,,,,,,,,,,,,,,,,,,,,,,,,,B_mortality_curves,hazard,68.0,0.0353679123739544,1000000.0,0.1,0.15,,,,,,,,
profile_tau_sd_0.160,15% heterogeneity,,,,,,,,,,,0.16,0.1610294823638894,,,,,,,,,,,,,,,,,,,,,,,,,,,,,,,,B_mortality_curves,hazard,69.0,0.0360273771797394,1000000.0,0.1,0.15,,,,,,,,
profile_tau_sd_0.160,15% heterogeneity,,,,,,,,,,,0.16,0.1610294823638894,,,,,,,,,,,,,,,,,,,,,,,,,,,,,,,,B_mortality_curves,hazard,70.0,0.0384783710143199,1000000.0,0.1,0.15,,,,,,,,
profile_tau_sd_0.160,15% heterogeneity,,,,,,,,,,,0.16,0.1610294823638894,,,,,,,,,,,,,,,,,,,,,,,,,,,,,,,,B_mortality_curves,hazard,71.0,0.0411580390364906,1000000.0,0.1,0.15,,,,,,,,
profile_tau_sd_0.160,15% heterogeneity,,,,,,,,,,,0.16,0.1610294823638894,,,,,,,,,,,,,,,,,,,,,,,,,,,,,,,,B_mortality_curves,hazard,72.0,0.0438483758568391,1000000.0,0.1,0.15,,,,,,,,
profile_tau_sd_0.160,15% heterogeneity,,,,,,,,,,,0.16,0.1610294823638894,,,,,,,,,,,,,,,,,,,,,,,,,,,,,,,,B_mortality_curves,hazard,73.0,0.0448974142151408,1000000.0,0.1,0.15,,,,,,,,
profile_tau_sd_0.160,15% heterogeneity,,,,,,,,,,,0.16,0.1610294823638894,,,,,,,,,,,,,,,,,,,,,,,,,,,,,,,,B_mortality_curves,hazard,74.0,0.0474287962146451,1000000.0,0.1,0.15,,,,,,,,
profile_tau_sd_0.160,15% heterogeneity,,,,,,,,,,,0.16,0.1610294823638894,,,,,,,,,,,,,,,,,,,,,,,,,,,,,,,,B_mortality_curves,hazard,75.0,0.0463849500514953,1000000.0,0.1,0.15,,,,,,,,
profile_tau_sd_0.160,15% heterogeneity,,,,,,,,,,,0.16,0.1610294823638894,,,,,,,,,,,,,,,,,,,,,,,,,,,,,,,,B_mortality_curves,hazard,76.0,0.0539622820337949,1000000.0,0.1,0.15,,,,,,,,
profile_tau_sd_0.160,15% heterogeneity,,,,,,,,,,,0.16,0.1610294823638894,,,,,,,,,,,,,,,,,,,,,,,,,,,,,,,,B_mortality_curves,hazard,77.0,0.0553797296268502,1000000.0,0.1,0.15,,,,,,,,
profile_tau_sd_0.160,15% heterogeneity,,,,,,,,,,,0.16,0.1610294823638894,,,,,,,,,,,,,,,,,,,,,,,,,,,,,,,,B_mortality_curves,hazard,78.0,0.0589583036203112,1000000.0,0.1,0.15,,,,,,,,
profile_tau_sd_0.160,15% heterogeneity,,,,,,,,,,,0.16,0.1610294823638894,,,,,,,,,,,,,,,,,,,,,,,,,,,,,,,,B_mortality_curves,hazard,79.0,0.0593563062414425,1000000.0,0.1,0.15,,,,,,,,
profile_tau_sd_0.160,15% heterogeneity,,,,,,,,,,,0.16,0.1610294823638894,,,,,,,,,,,,,,,,,,,,,,,,,,,,,,,,B_mortality_curves,hazard,80.0,0.0635759252243322,1000000.0,0.1,0.15,,,,,,,,
profile_tau_sd_0.160,15% heterogeneity,,,,,,,,,,,0.16,0.1610294823638894,,,,,,,,,,,,,,,,,,,,,,,,,,,,,,,,B_mortality_curves,hazard,81.0,0.0639081006490363,1000000.0,0.1,0.15,,,,,,,,
profile_tau_sd_0.160,15% heterogeneity,,,,,,,,,,,0.16,0.1610294823638894,,,,,,,,,,,,,,,,,,,,,,,,,,,,,,,,B_mortality_curves,hazard,82.0,0.0694333693642608,1000000.0,0.1,0.15,,,,,,,,
profile_tau_sd_0.160,15% heterogeneity,,,,,,,,,,,0.16,0.1610294823638894,,,,,,,,,,,,,,,,,,,,,,,,,,,,,,,,B_mortality_curves,hazard,83.0,0.0724210872979682,1000000.0,0.1,0.15,,,,,,,,
profile_tau_sd_0.160,15% heterogeneity,,,,,,,,,,,0.16,0.1610294823638894,,,,,,,,,,,,,,,,,,,,,,,,,,,,,,,,B_mortality_curves,hazard,84.0,0.0716502000489915,1000000.0,0.1,0.15,,,,,,,,
profile_tau_sd_0.160,15% heterogeneity,,,,,,,,,,,0.16,0.1610294823638894,,,,,,,,,,,,,,,,,,,,,,,,,,,,,,,,B_mortality_curves,hazard,85.0,0.0755672119618171,1000000.0,0.1,0.15,,,,,,,,
profile_tau_sd_0.160,15% heterogeneity,,,,,,,,,,,0.16,0.1610294823638894,,,,,,,,,,,,,,,,,,,,,,,,,,,,,,,,B_mortality_curves,hazard,86.0,0.0764872745087193,1000000.0,0.1,0.15,,,,,,,,
profile_tau_sd_0.160,15% heterogeneity,,,,,,,,,,,0.16,0.1610294823638894,,,,,,,,,,,,,,,,,,,,,,,,,,,,,,,,B_mortality_curves,hazard,87.0,0.0807584119788798,1000000.0,0.1,0.15,,,,,,,,
profile_tau_sd_0.160,15% heterogeneity,,,,,,,,,,,0.16,0.1610294823638894,,,,,,,,,,,,,,,,,,,,,,,,,,,,,,,,B_mortality_curves,hazard,88.0,0.0827341125517088,1000000.0,0.1,0.15,,,,,,,,
profile_tau_sd_0.160,15% heterogeneity,,,,,,,,,,,0.16,0.1610294823638894,,,,,,,,,,,,,,,,,,,,,,,,,,,,,,,,B_mortality_curves,hazard,89.0,0.0825631298520303,1000000.0,0.1,0.15,,,,,,,,
profile_tau_sd_0.160,15% heterogeneity,,,,,,,,,,,0.16,0.1610294823638894,,,,,,,,,,,,,,,,,,,,,,,,,,,,,,,,B_mortality_curves,hazard,90.0,0.0867520852285805,1000000.0,0.1,0.15,,,,,,,,
profile_tau_sd_0.160,15% heterogeneity,,,,,,,,,,,0.16,0.1610294823638894,,,,,,,,,,,,,,,,,,,,,,,,,,,,,,,,B_mortality_curves,hazard,91.0,0.0866494164609987,1000000.0,0.1,0.15,,,,,,,,
profile_tau_sd_0.160,15% heterogeneity,,,,,,,,,,,0.16,0.1610294823638894,,,,,,,,,,,,,,,,,,,,,,,,,,,,,,,,B_mortality_curves,hazard,92.0,0.0841434096372948,1000000.0,0.1,0.15,,,,,,,,
profile_tau_sd_0.160,15% heterogeneity,,,,,,,,,,,0.16,0.1610294823638894,,,,,,,,,,,,,,,,,,,,,,,,,,,,,,,,B_mortality_curves,hazard,93.0,0.0904521175806024,1000000.0,0.1,0.15,,,,,,,,
profile_tau_sd_0.160,15% heterogeneity,,,,,,,,,,,0.16,0.1610294823638894,,,,,,,,,,,,,,,,,,,,,,,,,,,,,,,,B_mortality_curves,hazard,94.0,0.097508210598923,1000000.0,0.1,0.15,,,,,,,,
profile_tau_sd_0.160,15% heterogeneity,,,,,,,,,,,0.16,0.1610294823638894,,,,,,,,,,,,,,,,,,,,,,,,,,,,,,,,B_mortality_curves,hazard,95.0,0.0987191556618847,1000000.0,0.1,0.15,,,,,,,,
profile_tau_sd_0.160,15% heterogeneity,,,,,,,,,,,0.16,0.1610294823638894,,,,,,,,,,,,,,,,,,,,,,,,,,,,,,,,B_mortality_curves,hazard,96.0,0.0972223544759419,1000000.0,0.1,0.15,,,,,,,,
profile_tau_sd_0.160,15% heterogeneity,,,,,,,,,,,0.16,0.1610294823638894,,,,,,,,,,,,,,,,,,,,,,,,,,,,,,,,B_mortality_curves,hazard,97.0,0.1004310208555079,1000000.0,0.1,0.15,,,,,,,,
profile_tau_sd_0.160,15% heterogeneity,,,,,,,,,,,0.16,0.1610294823638894,,,,,,,,,,,,,,,,,,,,,,,,,,,,,,,,B_mortality_curves,hazard,98.0,0.1034535042396109,1000000.0,0.1,0.15,,,,,,,,
profile_tau_sd_0.160,15% heterogeneity,,,,,,,,,,,0.16,0.1610294823638894,,,,,,,,,,,,,,,,,,,,,,,,,,,,,,,,B_mortality_curves,hazard,99.0,0.1000982877243805,1000000.0,0.1,0.15,,,,,,,,
profile_tau_sd_0.160,15% heterogeneity,,,,,,,,,,,0.16,0.1610294823638894,,,,,,,,,,,,,,,,,,,,,,,,,,,,,,,,B_mortality_curves,hazard,100.0,0.1113108506507514,1000000.0,0.1,0.15,,,,,,,,
paper_sweden_fit,Baseline fit,,,,,,,,,,,,,,,,,,,,,,,,,,,,,,,,,,,,,,,,0.1414213562373095,,,,B_mortality_curves,hazard,55.0,0.0018160730721765,1000000.0,0.025,,results/fits/records/joint2019_tail90_sweden_emphasis.json,analysis/model_fits/hmd/joint_shared_eta_beta_epsilon_65_100_n100k_swe_tail90_usa_refit.py,hybrid2019_swe_tail90_usa_refit,,,,,
paper_sweden_fit,Baseline fit,,,,,,,,,,,,,,,,,,,,,,,,,,,,,,,,,,,,,,,,0.1414213562373095,,,,B_mortality_curves,hazard,56.0,0.0022746823716251,1000000.0,0.025,,results/fits/records/joint2019_tail90_sweden_emphasis.json,analysis/model_fits/hmd/joint_shared_eta_beta_epsilon_65_100_n100k_swe_tail90_usa_refit.py,hybrid2019_swe_tail90_usa_refit,,,,,
paper_sweden_fit,Baseline fit,,,,,,,,,,,,,,,,,,,,,,,,,,,,,,,,,,,,,,,,0.1414213562373095,,,,B_mortality_curves,hazard,57.0,0.0025288642911925,1000000.0,0.025,,results/fits/records/joint2019_tail90_sweden_emphasis.json,analysis/model_fits/hmd/joint_shared_eta_beta_epsilon_65_100_n100k_swe_tail90_usa_refit.py,hybrid2019_swe_tail90_usa_refit,,,,,
paper_sweden_fit,Baseline fit,,,,,,,,,,,,,,,,,,,,,,,,,,,,,,,,,,,,,,,,0.1414213562373095,,,,B_mortality_curves,hazard,58.0,0.0027017618604747,1000000.0,0.025,,results/fits/records/joint2019_tail90_sweden_emphasis.json,analysis/model_fits/hmd/joint_shared_eta_beta_epsilon_65_100_n100k_swe_tail90_usa_refit.py,hybrid2019_swe_tail90_usa_refit,,,,,
paper_sweden_fit,Baseline fit,,,,,,,,,,,,,,,,,,,,,,,,,,,,,,,,,,,,,,,,0.1414213562373095,,,,B_mortality_curves,hazard,59.0,0.0032517783162667,1000000.0,0.025,,results/fits/records/joint2019_tail90_sweden_emphasis.json,analysis/model_fits/hmd/joint_shared_eta_beta_epsilon_65_100_n100k_swe_tail90_usa_refit.py,hybrid2019_swe_tail90_usa_refit,,,,,
paper_sweden_fit,Baseline fit,,,,,,,,,,,,,,,,,,,,,,,,,,,,,,,,,,,,,,,,0.1414213562373095,,,,B_mortality_curves,hazard,60.0,0.0042666086630979,1000000.0,0.025,,results/fits/records/joint2019_tail90_sweden_emphasis.json,analysis/model_fits/hmd/joint_shared_eta_beta_epsilon_65_100_n100k_swe_tail90_usa_refit.py,hybrid2019_swe_tail90_usa_refit,,,,,
paper_sweden_fit,Baseline fit,,,,,,,,,,,,,,,,,,,,,,,,,,,,,,,,,,,,,,,,0.1414213562373095,,,,B_mortality_curves,hazard,61.0,0.0044511117806441,1000000.0,0.025,,results/fits/records/joint2019_tail90_sweden_emphasis.json,analysis/model_fits/hmd/joint_shared_eta_beta_epsilon_65_100_n100k_swe_tail90_usa_refit.py,hybrid2019_swe_tail90_usa_refit,,,,,
paper_sweden_fit,Baseline fit,,,,,,,,,,,,,,,,,,,,,,,,,,,,,,,,,,,,,,,,0.1414213562373095,,,,B_mortality_curves,hazard,62.0,0.0050609902038208,1000000.0,0.025,,results/fits/records/joint2019_tail90_sweden_emphasis.json,analysis/model_fits/hmd/joint_shared_eta_beta_epsilon_65_100_n100k_swe_tail90_usa_refit.py,hybrid2019_swe_tail90_usa_refit,,,,,
paper_sweden_fit,Baseline fit,,,,,,,,,,,,,,,,,,,,,,,,,,,,,,,,,,,,,,,,0.1414213562373095,,,,B_mortality_curves,hazard,63.0,0.0048739759352735,1000000.0,0.025,,results/fits/records/joint2019_tail90_sweden_emphasis.json,analysis/model_fits/hmd/joint_shared_eta_beta_epsilon_65_100_n100k_swe_tail90_usa_refit.py,hybrid2019_swe_tail90_usa_refit,,,,,
paper_sweden_fit,Baseline fit,,,,,,,,,,,,,,,,,,,,,,,,,,,,,,,,,,,,,,,,0.1414213562373095,,,,B_mortality_curves,hazard,64.0,0.0061794227353747,1000000.0,0.025,,results/fits/records/joint2019_tail90_sweden_emphasis.json,analysis/model_fits/hmd/joint_shared_eta_beta_epsilon_65_100_n100k_swe_tail90_usa_refit.py,hybrid2019_swe_tail90_usa_refit,,,,,
paper_sweden_fit,Baseline fit,,,,,,,,,,,,,,,,,,,,,,,,,,,,,,,,,,,,,,,,0.1414213562373095,,,,B_mortality_curves,hazard,65.0,0.0077642665717224,1000000.0,0.025,,results/fits/records/joint2019_tail90_sweden_emphasis.json,analysis/model_fits/hmd/joint_shared_eta_beta_epsilon_65_100_n100k_swe_tail90_usa_refit.py,hybrid2019_swe_tail90_usa_refit,,,,,
paper_sweden_fit,Baseline fit,,,,,,,,,,,,,,,,,,,,,,,,,,,,,,,,,,,,,,,,0.1414213562373095,,,,B_mortality_curves,hazard,66.0,0.0078213618244082,1000000.0,0.025,,results/fits/records/joint2019_tail90_sweden_emphasis.json,analysis/model_fits/hmd/joint_shared_eta_beta_epsilon_65_100_n100k_swe_tail90_usa_refit.py,hybrid2019_swe_tail90_usa_refit,,,,,
paper_sweden_fit,Baseline fit,,,,,,,,,,,,,,,,,,,,,,,,,,,,,,,,,,,,,,,,0.1414213562373095,,,,B_mortality_curves,hazard,67.0,0.0084968245841457,1000000.0,0.025,,results/fits/records/joint2019_tail90_sweden_emphasis.json,analysis/model_fits/hmd/joint_shared_eta_beta_epsilon_65_100_n100k_swe_tail90_usa_refit.py,hybrid2019_swe_tail90_usa_refit,,,,,
paper_sweden_fit,Baseline fit,,,,,,,,,,,,,,,,,,,,,,,,,,,,,,,,,,,,,,,,0.1414213562373095,,,,B_mortality_curves,hazard,68.0,0.0107806511513295,1000000.0,0.025,,results/fits/records/joint2019_tail90_sweden_emphasis.json,analysis/model_fits/hmd/joint_shared_eta_beta_epsilon_65_100_n100k_swe_tail90_usa_refit.py,hybrid2019_swe_tail90_usa_refit,,,,,
paper_sweden_fit,Baseline fit,,,,,,,,,,,,,,,,,,,,,,,,,,,,,,,,,,,,,,,,0.1414213562373095,,,,B_mortality_curves,hazard,69.0,0.0120130007363524,1000000.0,0.025,,results/fits/records/joint2019_tail90_sweden_emphasis.json,analysis/model_fits/hmd/joint_shared_eta_beta_epsilon_65_100_n100k_swe_tail90_usa_refit.py,hybrid2019_swe_tail90_usa_refit,,,,,
paper_sweden_fit,Baseline fit,,,,,,,,,,,,,,,,,,,,,,,,,,,,,,,,,,,,,,,,0.1414213562373095,,,,B_mortality_curves,hazard,70.0,0.0138735457832641,1000000.0,0.025,,results/fits/records/joint2019_tail90_sweden_emphasis.json,analysis/model_fits/hmd/joint_shared_eta_beta_epsilon_65_100_n100k_swe_tail90_usa_refit.py,hybrid2019_swe_tail90_usa_refit,,,,,
paper_sweden_fit,Baseline fit,,,,,,,,,,,,,,,,,,,,,,,,,,,,,,,,,,,,,,,,0.1414213562373095,,,,B_mortality_curves,hazard,71.0,0.0149375944306069,1000000.0,0.025,,results/fits/records/joint2019_tail90_sweden_emphasis.json,analysis/model_fits/hmd/joint_shared_eta_beta_epsilon_65_100_n100k_swe_tail90_usa_refit.py,hybrid2019_swe_tail90_usa_refit,,,,,
paper_sweden_fit,Baseline fit,,,,,,,,,,,,,,,,,,,,,,,,,,,,,,,,,,,,,,,,0.1414213562373095,,,,B_mortality_curves,hazard,72.0,0.0171757496982638,1000000.0,0.025,,results/fits/records/joint2019_tail90_sweden_emphasis.json,analysis/model_fits/hmd/joint_shared_eta_beta_epsilon_65_100_n100k_swe_tail90_usa_refit.py,hybrid2019_swe_tail90_usa_refit,,,,,
paper_sweden_fit,Baseline fit,,,,,,,,,,,,,,,,,,,,,,,,,,,,,,,,,,,,,,,,0.1414213562373095,,,,B_mortality_curves,hazard,73.0,0.0187214126156791,1000000.0,0.025,,results/fits/records/joint2019_tail90_sweden_emphasis.json,analysis/model_fits/hmd/joint_shared_eta_beta_epsilon_65_100_n100k_swe_tail90_usa_refit.py,hybrid2019_swe_tail90_usa_refit,,,,,
paper_sweden_fit,Baseline fit,,,,,,,,,,,,,,,,,,,,,,,,,,,,,,,,,,,,,,,,0.1414213562373095,,,,B_mortality_curves,hazard,74.0,0.0219171204572664,1000000.0,0.025,,results/fits/records/joint2019_tail90_sweden_emphasis.json,analysis/model_fits/hmd/joint_shared_eta_beta_epsilon_65_100_n100k_swe_tail90_usa_refit.py,hybrid2019_swe_tail90_usa_refit,,,,,
paper_sweden_fit,Baseline fit,,,,,,,,,,,,,,,,,,,,,,,,,,,,,,,,,,,,,,,,0.1414213562373095,,,,B_mortality_curves,hazard,75.0,0.0252578612621763,1000000.0,0.025,,results/fits/records/joint2019_tail90_sweden_emphasis.json,analysis/model_fits/hmd/joint_shared_eta_beta_epsilon_65_100_n100k_swe_tail90_usa_refit.py,hybrid2019_swe_tail90_usa_refit,,,,,
paper_sweden_fit,Baseline fit,,,,,,,,,,,,,,,,,,,,,,,,,,,,,,,,,,,,,,,,0.1414213562373095,,,,B_mortality_curves,hazard,76.0,0.0300594969857991,1000000.0,0.025,,results/fits/records/joint2019_tail90_sweden_emphasis.json,analysis/model_fits/hmd/joint_shared_eta_beta_epsilon_65_100_n100k_swe_tail90_usa_refit.py,hybrid2019_swe_tail90_usa_refit,,,,,
paper_sweden_fit,Baseline fit,,,,,,,,,,,,,,,,,,,,,,,,,,,,,,,,,,,,,,,,0.1414213562373095,,,,B_mortality_curves,hazard,77.0,0.0344019583458784,1000000.0,0.025,,results/fits/records/joint2019_tail90_sweden_emphasis.json,analysis/model_fits/hmd/joint_shared_eta_beta_epsilon_65_100_n100k_swe_tail90_usa_refit.py,hybrid2019_swe_tail90_usa_refit,,,,,
paper_sweden_fit,Baseline fit,,,,,,,,,,,,,,,,,,,,,,,,,,,,,,,,,,,,,,,,0.1414213562373095,,,,B_mortality_curves,hazard,78.0,0.038000707431144,1000000.0,0.025,,results/fits/records/joint2019_tail90_sweden_emphasis.json,analysis/model_fits/hmd/joint_shared_eta_beta_epsilon_65_100_n100k_swe_tail90_usa_refit.py,hybrid2019_swe_tail90_usa_refit,,,,,
paper_sweden_fit,Baseline fit,,,,,,,,,,,,,,,,,,,,,,,,,,,,,,,,,,,,,,,,0.1414213562373095,,,,B_mortality_curves,hazard,79.0,0.0428922086669315,1000000.0,0.025,,results/fits/records/joint2019_tail90_sweden_emphasis.json,analysis/model_fits/hmd/joint_shared_eta_beta_epsilon_65_100_n100k_swe_tail90_usa_refit.py,hybrid2019_swe_tail90_usa_refit,,,,,
paper_sweden_fit,Baseline fit,,,,,,,,,,,,,,,,,,,,,,,,,,,,,,,,,,,,,,,,0.1414213562373095,,,,B_mortality_curves,hazard,80.0,0.0491055460121615,1000000.0,0.025,,results/fits/records/joint2019_tail90_sweden_emphasis.json,analysis/model_fits/hmd/joint_shared_eta_beta_epsilon_65_100_n100k_swe_tail90_usa_refit.py,hybrid2019_swe_tail90_usa_refit,,,,,
paper_sweden_fit,Baseline fit,,,,,,,,,,,,,,,,,,,,,,,,,,,,,,,,,,,,,,,,0.1414213562373095,,,,B_mortality_curves,hazard,81.0,0.0539554712673193,1000000.0,0.025,,results/fits/records/joint2019_tail90_sweden_emphasis.json,analysis/model_fits/hmd/joint_shared_eta_beta_epsilon_65_100_n100k_swe_tail90_usa_refit.py,hybrid2019_swe_tail90_usa_refit,,,,,
paper_sweden_fit,Baseline fit,,,,,,,,,,,,,,,,,,,,,,,,,,,,,,,,,,,,,,,,0.1414213562373095,,,,B_mortality_curves,hazard,82.0,0.0576458444772696,1000000.0,0.025,,results/fits/records/joint2019_tail90_sweden_emphasis.json,analysis/model_fits/hmd/joint_shared_eta_beta_epsilon_65_100_n100k_swe_tail90_usa_refit.py,hybrid2019_swe_tail90_usa_refit,,,,,
paper_sweden_fit,Baseline fit,,,,,,,,,,,,,,,,,,,,,,,,,,,,,,,,,,,,,,,,0.1414213562373095,,,,B_mortality_curves,hazard,83.0,0.0673397152701169,1000000.0,0.025,,results/fits/records/joint2019_tail90_sweden_emphasis.json,analysis/model_fits/hmd/joint_shared_eta_beta_epsilon_65_100_n100k_swe_tail90_usa_refit.py,hybrid2019_swe_tail90_usa_refit,,,,,
paper_sweden_fit,Baseline fit,,,,,,,,,,,,,,,,,,,,,,,,,,,,,,,,,,,,,,,,0.1414213562373095,,,,B_mortality_curves,hazard,84.0,0.0749179883548136,1000000.0,0.025,,results/fits/records/joint2019_tail90_sweden_emphasis.json,analysis/model_fits/hmd/joint_shared_eta_beta_epsilon_65_100_n100k_swe_tail90_usa_refit.py,hybrid2019_swe_tail90_usa_refit,,,,,
paper_sweden_fit,Baseline fit,,,,,,,,,,,,,,,,,,,,,,,,,,,,,,,,,,,,,,,,0.1414213562373095,,,,B_mortality_curves,hazard,85.0,0.0840592783765799,1000000.0,0.025,,results/fits/records/joint2019_tail90_sweden_emphasis.json,analysis/model_fits/hmd/joint_shared_eta_beta_epsilon_65_100_n100k_swe_tail90_usa_refit.py,hybrid2019_swe_tail90_usa_refit,,,,,
paper_sweden_fit,Baseline fit,,,,,,,,,,,,,,,,,,,,,,,,,,,,,,,,,,,,,,,,0.1414213562373095,,,,B_mortality_curves,hazard,86.0,0.0978128931164617,1000000.0,0.025,,results/fits/records/joint2019_tail90_sweden_emphasis.json,analysis/model_fits/hmd/joint_shared_eta_beta_epsilon_65_100_n100k_swe_tail90_usa_refit.py,hybrid2019_swe_tail90_usa_refit,,,,,
paper_sweden_fit,Baseline fit,,,,,,,,,,,,,,,,,,,,,,,,,,,,,,,,,,,,,,,,0.1414213562373095,,,,B_mortality_curves,hazard,87.0,0.1018119110193125,1000000.0,0.025,,results/fits/records/joint2019_tail90_sweden_emphasis.json,analysis/model_fits/hmd/joint_shared_eta_beta_epsilon_65_100_n100k_swe_tail90_usa_refit.py,hybrid2019_swe_tail90_usa_refit,,,,,
paper_sweden_fit,Baseline fit,,,,,,,,,,,,,,,,,,,,,,,,,,,,,,,,,,,,,,,,0.1414213562373095,,,,B_mortality_curves,hazard,88.0,0.1197949475421943,1000000.0,0.025,,results/fits/records/joint2019_tail90_sweden_emphasis.json,analysis/model_fits/hmd/joint_shared_eta_beta_epsilon_65_100_n100k_swe_tail90_usa_refit.py,hybrid2019_swe_tail90_usa_refit,,,,,
paper_sweden_fit,Baseline fit,,,,,,,,,,,,,,,,,,,,,,,,,,,,,,,,,,,,,,,,0.1414213562373095,,,,B_mortality_curves,hazard,89.0,0.1294859493643723,1000000.0,0.025,,results/fits/records/joint2019_tail90_sweden_emphasis.json,analysis/model_fits/hmd/joint_shared_eta_beta_epsilon_65_100_n100k_swe_tail90_usa_refit.py,hybrid2019_swe_tail90_usa_refit,,,,,
paper_sweden_fit,Baseline fit,,,,,,,,,,,,,,,,,,,,,,,,,,,,,,,,,,,,,,,,0.1414213562373095,,,,B_mortality_curves,hazard,90.0,0.1420168214781127,1000000.0,0.025,,results/fits/records/joint2019_tail90_sweden_emphasis.json,analysis/model_fits/hmd/joint_shared_eta_beta_epsilon_65_100_n100k_swe_tail90_usa_refit.py,hybrid2019_swe_tail90_usa_refit,,,,,
paper_sweden_fit,Baseline fit,,,,,,,,,,,,,,,,,,,,,,,,,,,,,,,,,,,,,,,,0.1414213562373095,,,,B_mortality_curves,hazard,91.0,0.1565841517611643,1000000.0,0.025,,results/fits/records/joint2019_tail90_sweden_emphasis.json,analysis/model_fits/hmd/joint_shared_eta_beta_epsilon_65_100_n100k_swe_tail90_usa_refit.py,hybrid2019_swe_tail90_usa_refit,,,,,
paper_sweden_fit,Baseline fit,,,,,,,,,,,,,,,,,,,,,,,,,,,,,,,,,,,,,,,,0.1414213562373095,,,,B_mortality_curves,hazard,92.0,0.1725958492522126,1000000.0,0.025,,results/fits/records/joint2019_tail90_sweden_emphasis.json,analysis/model_fits/hmd/joint_shared_eta_beta_epsilon_65_100_n100k_swe_tail90_usa_refit.py,hybrid2019_swe_tail90_usa_refit,,,,,
paper_sweden_fit,Baseline fit,,,,,,,,,,,,,,,,,,,,,,,,,,,,,,,,,,,,,,,,0.1414213562373095,,,,B_mortality_curves,hazard,93.0,0.1872857372937901,1000000.0,0.025,,results/fits/records/joint2019_tail90_sweden_emphasis.json,analysis/model_fits/hmd/joint_shared_eta_beta_epsilon_65_100_n100k_swe_tail90_usa_refit.py,hybrid2019_swe_tail90_usa_refit,,,,,
paper_sweden_fit,Baseline fit,,,,,,,,,,,,,,,,,,,,,,,,,,,,,,,,,,,,,,,,0.1414213562373095,,,,B_mortality_curves,hazard,94.0,0.2055385911340423,1000000.0,0.025,,results/fits/records/joint2019_tail90_sweden_emphasis.json,analysis/model_fits/hmd/joint_shared_eta_beta_epsilon_65_100_n100k_swe_tail90_usa_refit.py,hybrid2019_swe_tail90_usa_refit,,,,,
paper_sweden_fit,Baseline fit,,,,,,,,,,,,,,,,,,,,,,,,,,,,,,,,,,,,,,,,0.1414213562373095,,,,B_mortality_curves,hazard,95.0,0.2269627557265256,1000000.0,0.025,,results/fits/records/joint2019_tail90_sweden_emphasis.json,analysis/model_fits/hmd/joint_shared_eta_beta_epsilon_65_100_n100k_swe_tail90_usa_refit.py,hybrid2019_swe_tail90_usa_refit,,,,,
paper_sweden_fit,Baseline fit,,,,,,,,,,,,,,,,,,,,,,,,,,,,,,,,,,,,,,,,0.1414213562373095,,,,B_mortality_curves,hazard,96.0,0.2640660833166344,1000000.0,0.025,,results/fits/records/joint2019_tail90_sweden_emphasis.json,analysis/model_fits/hmd/joint_shared_eta_beta_epsilon_65_100_n100k_swe_tail90_usa_refit.py,hybrid2019_swe_tail90_usa_refit,,,,,
paper_sweden_fit,Baseline fit,,,,,,,,,,,,,,,,,,,,,,,,,,,,,,,,,,,,,,,,0.1414213562373095,,,,B_mortality_curves,hazard,97.0,0.2626914247522738,1000000.0,0.025,,results/fits/records/joint2019_tail90_sweden_emphasis.json,analysis/model_fits/hmd/joint_shared_eta_beta_epsilon_65_100_n100k_swe_tail90_usa_refit.py,hybrid2019_swe_tail90_usa_refit,,,,,
paper_sweden_fit,Baseline fit,,,,,,,,,,,,,,,,,,,,,,,,,,,,,,,,,,,,,,,,0.1414213562373095,,,,B_mortality_curves,hazard,98.0,0.3090302042084012,1000000.0,0.025,,results/fits/records/joint2019_tail90_sweden_emphasis.json,analysis/model_fits/hmd/joint_shared_eta_beta_epsilon_65_100_n100k_swe_tail90_usa_refit.py,hybrid2019_swe_tail90_usa_refit,,,,,
paper_sweden_fit,Baseline fit,,,,,,,,,,,,,,,,,,,,,,,,,,,,,,,,,,,,,,,,0.1414213562373095,,,,B_mortality_curves,hazard,99.0,0.3043767460423041,1000000.0,0.025,,results/fits/records/joint2019_tail90_sweden_emphasis.json,analysis/model_fits/hmd/joint_shared_eta_beta_epsilon_65_100_n100k_swe_tail90_usa_refit.py,hybrid2019_swe_tail90_usa_refit,,,,,
paper_sweden_fit,Baseline fit,,,,,,,,,,,,,,,,,,,,,,,,,,,,,,,,,,,,,,,,0.1414213562373095,,,,B_mortality_curves,hazard,100.0,0.3594697820714446,1000000.0,0.025,,results/fits/records/joint2019_tail90_sweden_emphasis.json,analysis/model_fits/hmd/joint_shared_eta_beta_epsilon_65_100_n100k_swe_tail90_usa_refit.py,hybrid2019_swe_tail90_usa_refit,,,,,
paper_sweden_fit_ci_envelope,Baseline fit CI envelope,,,,,,,,,,,,,,,,,,,,,,,,,,,,,,,,,,,,,,,,,,,,B_baseline_fit_ci_envelope,,55.0,,1000000.0,0.025,,results/fits/records/joint2019_tail90_sweden_emphasis.json,,,0.0014432870656736,0.0023141691203058,results/fits/ci/joint2019_tail90_sweden_emphasis_ci.csv,all_parameter_95_ci_endpoint_envelope,"eta,beta,epsilon,Xc"
paper_sweden_fit_ci_envelope,Baseline fit CI envelope,,,,,,,,,,,,,,,,,,,,,,,,,,,,,,,,,,,,,,,,,,,,B_baseline_fit_ci_envelope,,56.0,,1000000.0,0.025,,results/fits/records/joint2019_tail90_sweden_emphasis.json,,,0.001531167007903,0.0026501858235763,results/fits/ci/joint2019_tail90_sweden_emphasis_ci.csv,all_parameter_95_ci_endpoint_envelope,"eta,beta,epsilon,Xc"
paper_sweden_fit_ci_envelope,Baseline fit CI envelope,,,,,,,,,,,,,,,,,,,,,,,,,,,,,,,,,,,,,,,,,,,,B_baseline_fit_ci_envelope,,57.0,,1000000.0,0.025,,results/fits/records/joint2019_tail90_sweden_emphasis.json,,,0.0021122516810002,0.0031122947052605,results/fits/ci/joint2019_tail90_sweden_emphasis_ci.csv,all_parameter_95_ci_endpoint_envelope,"eta,beta,epsilon,Xc"
paper_sweden_fit_ci_envelope,Baseline fit CI envelope,,,,,,,,,,,,,,,,,,,,,,,,,,,,,,,,,,,,,,,,,,,,B_baseline_fit_ci_envelope,,58.0,,1000000.0,0.025,,results/fits/records/joint2019_tail90_sweden_emphasis.json,,,0.0020758580818863,0.0037891405729513,results/fits/ci/joint2019_tail90_sweden_emphasis_ci.csv,all_parameter_95_ci_endpoint_envelope,"eta,beta,epsilon,Xc"
paper_sweden_fit_ci_envelope,Baseline fit CI envelope,,,,,,,,,,,,,,,,,,,,,,,,,,,,,,,,,,,,,,,,,,,,B_baseline_fit_ci_envelope,,59.0,,1000000.0,0.025,,results/fits/records/joint2019_tail90_sweden_emphasis.json,,,0.0027033209257834,0.0036759561140966,results/fits/ci/joint2019_tail90_sweden_emphasis_ci.csv,all_parameter_95_ci_endpoint_envelope,"eta,beta,epsilon,Xc"
paper_sweden_fit_ci_envelope,Baseline fit CI envelope,,,,,,,,,,,,,,,,,,,,,,,,,,,,,,,,,,,,,,,,,,,,B_baseline_fit_ci_envelope,,60.0,,1000000.0,0.025,,results/fits/records/joint2019_tail90_sweden_emphasis.json,,,0.0032247999681708,0.0042666086630979,results/fits/ci/joint2019_tail90_sweden_emphasis_ci.csv,all_parameter_95_ci_endpoint_envelope,"eta,beta,epsilon,Xc"
paper_sweden_fit_ci_envelope,Baseline fit CI envelope,,,,,,,,,,,,,,,,,,,,,,,,,,,,,,,,,,,,,,,,,,,,B_baseline_fit_ci_envelope,,61.0,,1000000.0,0.025,,results/fits/records/joint2019_tail90_sweden_emphasis.json,,,0.0028476606258571,0.0048782949518058,results/fits/ci/joint2019_tail90_sweden_emphasis_ci.csv,all_parameter_95_ci_endpoint_envelope,"eta,beta,epsilon,Xc"
paper_sweden_fit_ci_envelope,Baseline fit CI envelope,,,,,,,,,,,,,,,,,,,,,,,,,,,,,,,,,,,,,,,,,,,,B_baseline_fit_ci_envelope,,62.0,,1000000.0,0.025,,results/fits/records/joint2019_tail90_sweden_emphasis.json,,,0.0037820608449544,0.0056683886864884,results/fits/ci/joint2019_tail90_sweden_emphasis_ci.csv,all_parameter_95_ci_endpoint_envelope,"eta,beta,epsilon,Xc"
paper_sweden_fit_ci_envelope,Baseline fit CI envelope,,,,,,,,,,,,,,,,,,,,,,,,,,,,,,,,,,,,,,,,,,,,B_baseline_fit_ci_envelope,,63.0,,1000000.0,0.025,,results/fits/records/joint2019_tail90_sweden_emphasis.json,,,0.0037990392651813,0.0058704668722748,results/fits/ci/joint2019_tail90_sweden_emphasis_ci.csv,all_parameter_95_ci_endpoint_envelope,"eta,beta,epsilon,Xc"
paper_sweden_fit_ci_envelope,Baseline fit CI envelope,,,,,,,,,,,,,,,,,,,,,,,,,,,,,,,,,,,,,,,,,,,,B_baseline_fit_ci_envelope,,64.0,,1000000.0,0.025,,results/fits/records/joint2019_tail90_sweden_emphasis.json,,,0.0050996503552225,0.0069200900466038,results/fits/ci/joint2019_tail90_sweden_emphasis_ci.csv,all_parameter_95_ci_endpoint_envelope,"eta,beta,epsilon,Xc"
paper_sweden_fit_ci_envelope,Baseline fit CI envelope,,,,,,,,,,,,,,,,,,,,,,,,,,,,,,,,,,,,,,,,,,,,B_baseline_fit_ci_envelope,,65.0,,1000000.0,0.025,,results/fits/records/joint2019_tail90_sweden_emphasis.json,,,0.0056058788980382,0.0086459515116973,results/fits/ci/joint2019_tail90_sweden_emphasis_ci.csv,all_parameter_95_ci_endpoint_envelope,"eta,beta,epsilon,Xc"
paper_sweden_fit_ci_envelope,Baseline fit CI envelope,,,,,,,,,,,,,,,,,,,,,,,,,,,,,,,,,,,,,,,,,,,,B_baseline_fit_ci_envelope,,66.0,,1000000.0,0.025,,results/fits/records/joint2019_tail90_sweden_emphasis.json,,,0.0064880031022107,0.0089744423489627,results/fits/ci/joint2019_tail90_sweden_emphasis_ci.csv,all_parameter_95_ci_endpoint_envelope,"eta,beta,epsilon,Xc"
paper_sweden_fit_ci_envelope,Baseline fit CI envelope,,,,,,,,,,,,,,,,,,,,,,,,,,,,,,,,,,,,,,,,,,,,B_baseline_fit_ci_envelope,,67.0,,1000000.0,0.025,,results/fits/records/joint2019_tail90_sweden_emphasis.json,,,0.0075483402869887,0.0103051644221872,results/fits/ci/joint2019_tail90_sweden_emphasis_ci.csv,all_parameter_95_ci_endpoint_envelope,"eta,beta,epsilon,Xc"
paper_sweden_fit_ci_envelope,Baseline fit CI envelope,,,,,,,,,,,,,,,,,,,,,,,,,,,,,,,,,,,,,,,,,,,,B_baseline_fit_ci_envelope,,68.0,,1000000.0,0.025,,results/fits/records/joint2019_tail90_sweden_emphasis.json,,,0.0089727611046125,0.0121933645926861,results/fits/ci/joint2019_tail90_sweden_emphasis_ci.csv,all_parameter_95_ci_endpoint_envelope,"eta,beta,epsilon,Xc"
paper_sweden_fit_ci_envelope,Baseline fit CI envelope,,,,,,,,,,,,,,,,,,,,,,,,,,,,,,,,,,,,,,,,,,,,B_baseline_fit_ci_envelope,,69.0,,1000000.0,0.025,,results/fits/records/joint2019_tail90_sweden_emphasis.json,,,0.0096139852614959,0.013853333990881,results/fits/ci/joint2019_tail90_sweden_emphasis_ci.csv,all_parameter_95_ci_endpoint_envelope,"eta,beta,epsilon,Xc"
paper_sweden_fit_ci_envelope,Baseline fit CI envelope,,,,,,,,,,,,,,,,,,,,,,,,,,,,,,,,,,,,,,,,,,,,B_baseline_fit_ci_envelope,,70.0,,1000000.0,0.025,,results/fits/records/joint2019_tail90_sweden_emphasis.json,,,0.0111043350387481,0.0158599777551314,results/fits/ci/joint2019_tail90_sweden_emphasis_ci.csv,all_parameter_95_ci_endpoint_envelope,"eta,beta,epsilon,Xc"
paper_sweden_fit_ci_envelope,Baseline fit CI envelope,,,,,,,,,,,,,,,,,,,,,,,,,,,,,,,,,,,,,,,,,,,,B_baseline_fit_ci_envelope,,71.0,,1000000.0,0.025,,results/fits/records/joint2019_tail90_sweden_emphasis.json,,,0.0130979614603775,0.0164153120180892,results/fits/ci/joint2019_tail90_sweden_emphasis_ci.csv,all_parameter_95_ci_endpoint_envelope,"eta,beta,epsilon,Xc"
paper_sweden_fit_ci_envelope,Baseline fit CI envelope,,,,,,,,,,,,,,,,,,,,,,,,,,,,,,,,,,,,,,,,,,,,B_baseline_fit_ci_envelope,,72.0,,1000000.0,0.025,,results/fits/records/joint2019_tail90_sweden_emphasis.json,,,0.0149917625783072,0.0193924026858242,results/fits/ci/joint2019_tail90_sweden_emphasis_ci.csv,all_parameter_95_ci_endpoint_envelope,"eta,beta,epsilon,Xc"
paper_sweden_fit_ci_envelope,Baseline fit CI envelope,,,,,,,,,,,,,,,,,,,,,,,,,,,,,,,,,,,,,,,,,,,,B_baseline_fit_ci_envelope,,73.0,,1000000.0,0.025,,results/fits/records/joint2019_tail90_sweden_emphasis.json,,,0.0171880731541162,0.0223902021244265,results/fits/ci/joint2019_tail90_sweden_emphasis_ci.csv,all_parameter_95_ci_endpoint_envelope,"eta,beta,epsilon,Xc"
paper_sweden_fit_ci_envelope,Baseline fit CI envelope,,,,,,,,,,,,,,,,,,,,,,,,,,,,,,,,,,,,,,,,,,,,B_baseline_fit_ci_envelope,,74.0,,1000000.0,0.025,,results/fits/records/joint2019_tail90_sweden_emphasis.json,,,0.0178930781789877,0.0260098163702047,results/fits/ci/joint2019_tail90_sweden_emphasis_ci.csv,all_parameter_95_ci_endpoint_envelope,"eta,beta,epsilon,Xc"
paper_sweden_fit_ci_envelope,Baseline fit CI envelope,,,,,,,,,,,,,,,,,,,,,,,,,,,,,,,,,,,,,,,,,,,,B_baseline_fit_ci_envelope,,75.0,,1000000.0,0.025,,results/fits/records/joint2019_tail90_sweden_emphasis.json,,,0.0220814972616997,0.0276632797524336,results/fits/ci/joint2019_tail90_sweden_emphasis_ci.csv,all_parameter_95_ci_endpoint_envelope,"eta,beta,epsilon,Xc"
paper_sweden_fit_ci_envelope,Baseline fit CI envelope,,,,,,,,,,,,,,,,,,,,,,,,,,,,,,,,,,,,,,,,,,,,B_baseline_fit_ci_envelope,,76.0,,1000000.0,0.025,,results/fits/records/joint2019_tail90_sweden_emphasis.json,,,0.0276253387954656,0.0313379926619452,results/fits/ci/joint2019_tail90_sweden_emphasis_ci.csv,all_parameter_95_ci_endpoint_envelope,"eta,beta,epsilon,Xc"
paper_sweden_fit_ci_envelope,Baseline fit CI envelope,,,,,,,,,,,,,,,,,,,,,,,,,,,,,,,,,,,,,,,,,,,,B_baseline_fit_ci_envelope,,77.0,,1000000.0,0.025,,results/fits/records/joint2019_tail90_sweden_emphasis.json,,,0.0289621512697757,0.0373257749535444,results/fits/ci/joint2019_tail90_sweden_emphasis_ci.csv,all_parameter_95_ci_endpoint_envelope,"eta,beta,epsilon,Xc"
paper_sweden_fit_ci_envelope,Baseline fit CI envelope,,,,,,,,,,,,,,,,,,,,,,,,,,,,,,,,,,,,,,,,,,,,B_baseline_fit_ci_envelope,,78.0,,1000000.0,0.025,,results/fits/records/joint2019_tail90_sweden_emphasis.json,,,0.0339237333283235,0.0398061253199944,results/fits/ci/joint2019_tail90_sweden_emphasis_ci.csv,all_parameter_95_ci_endpoint_envelope,"eta,beta,epsilon,Xc"
paper_sweden_fit_ci_envelope,Baseline fit CI envelope,,,,,,,,,,,,,,,,,,,,,,,,,,,,,,,,,,,,,,,,,,,,B_baseline_fit_ci_envelope,,79.0,,1000000.0,0.025,,results/fits/records/joint2019_tail90_sweden_emphasis.json,,,0.0392324937359883,0.0467058772525614,results/fits/ci/joint2019_tail90_sweden_emphasis_ci.csv,all_parameter_95_ci_endpoint_envelope,"eta,beta,epsilon,Xc"
paper_sweden_fit_ci_envelope,Baseline fit CI envelope,,,,,,,,,,,,,,,,,,,,,,,,,,,,,,,,,,,,,,,,,,,,B_baseline_fit_ci_envelope,,80.0,,1000000.0,0.025,,results/fits/records/joint2019_tail90_sweden_emphasis.json,,,0.0399305900696087,0.053525223914874,results/fits/ci/joint2019_tail90_sweden_emphasis_ci.csv,all_parameter_95_ci_endpoint_envelope,"eta,beta,epsilon,Xc"
paper_sweden_fit_ci_envelope,Baseline fit CI envelope,,,,,,,,,,,,,,,,,,,,,,,,,,,,,,,,,,,,,,,,,,,,B_baseline_fit_ci_envelope,,81.0,,1000000.0,0.025,,results/fits/records/joint2019_tail90_sweden_emphasis.json,,,0.047231933336526,0.0574540666706565,results/fits/ci/joint2019_tail90_sweden_emphasis_ci.csv,all_parameter_95_ci_endpoint_envelope,"eta,beta,epsilon,Xc"
paper_sweden_fit_ci_envelope,Baseline fit CI envelope,,,,,,,,,,,,,,,,,,,,,,,,,,,,,,,,,,,,,,,,,,,,B_baseline_fit_ci_envelope,,82.0,,1000000.0,0.025,,results/fits/records/joint2019_tail90_sweden_emphasis.json,,,0.0531142111758549,0.0662110356314481,results/fits/ci/joint2019_tail90_sweden_emphasis_ci.csv,all_parameter_95_ci_endpoint_envelope,"eta,beta,epsilon,Xc"
paper_sweden_fit_ci_envelope,Baseline fit CI envelope,,,,,,,,,,,,,,,,,,,,,,,,,,,,,,,,,,,,,,,,,,,,B_baseline_fit_ci_envelope,,83.0,,1000000.0,0.025,,results/fits/records/joint2019_tail90_sweden_emphasis.json,,,0.0583827578902774,0.0744980566119753,results/fits/ci/joint2019_tail90_sweden_emphasis_ci.csv,all_parameter_95_ci_endpoint_envelope,"eta,beta,epsilon,Xc"
paper_sweden_fit_ci_envelope,Baseline fit CI envelope,,,,,,,,,,,,,,,,,,,,,,,,,,,,,,,,,,,,,,,,,,,,B_baseline_fit_ci_envelope,,84.0,,1000000.0,0.025,,results/fits/records/joint2019_tail90_sweden_emphasis.json,,,0.0697134556226501,0.0808863296535488,results/fits/ci/joint2019_tail90_sweden_emphasis_ci.csv,all_parameter_95_ci_endpoint_envelope,"eta,beta,epsilon,Xc"
paper_sweden_fit_ci_envelope,Baseline fit CI envelope,,,,,,,,,,,,,,,,,,,,,,,,,,,,,,,,,,,,,,,,,,,,B_baseline_fit_ci_envelope,,85.0,,1000000.0,0.025,,results/fits/records/joint2019_tail90_sweden_emphasis.json,,,0.076991809097049,0.0894055301508611,results/fits/ci/joint2019_tail90_sweden_emphasis_ci.csv,all_parameter_95_ci_endpoint_envelope,"eta,beta,epsilon,Xc"
paper_sweden_fit_ci_envelope,Baseline fit CI envelope,,,,,,,,,,,,,,,,,,,,,,,,,,,,,,,,,,,,,,,,,,,,B_baseline_fit_ci_envelope,,86.0,,1000000.0,0.025,,results/fits/records/joint2019_tail90_sweden_emphasis.json,,,0.0821063564688519,0.105036204577327,results/fits/ci/joint2019_tail90_sweden_emphasis_ci.csv,all_parameter_95_ci_endpoint_envelope,"eta,beta,epsilon,Xc"
paper_sweden_fit_ci_envelope,Baseline fit CI envelope,,,,,,,,,,,,,,,,,,,,,,,,,,,,,,,,,,,,,,,,,,,,B_baseline_fit_ci_envelope,,87.0,,1000000.0,0.025,,results/fits/records/joint2019_tail90_sweden_emphasis.json,,,0.0943047046921301,0.1183774329083955,results/fits/ci/joint2019_tail90_sweden_emphasis_ci.csv,all_parameter_95_ci_endpoint_envelope,"eta,beta,epsilon,Xc"
paper_sweden_fit_ci_envelope,Baseline fit CI envelope,,,,,,,,,,,,,,,,,,,,,,,,,,,,,,,,,,,,,,,,,,,,B_baseline_fit_ci_envelope,,88.0,,1000000.0,0.025,,results/fits/records/joint2019_tail90_sweden_emphasis.json,,,0.1063985178009948,0.1245368858127414,results/fits/ci/joint2019_tail90_sweden_emphasis_ci.csv,all_parameter_95_ci_endpoint_envelope,"eta,beta,epsilon,Xc"
paper_sweden_fit_ci_envelope,Baseline fit CI envelope,,,,,,,,,,,,,,,,,,,,,,,,,,,,,,,,,,,,,,,,,,,,B_baseline_fit_ci_envelope,,89.0,,1000000.0,0.025,,results/fits/records/joint2019_tail90_sweden_emphasis.json,,,0.1104150110499254,0.135380817249314,results/fits/ci/joint2019_tail90_sweden_emphasis_ci.csv,all_parameter_95_ci_endpoint_envelope,"eta,beta,epsilon,Xc"
paper_sweden_fit_ci_envelope,Baseline fit CI envelope,,,,,,,,,,,,,,,,,,,,,,,,,,,,,,,,,,,,,,,,,,,,B_baseline_fit_ci_envelope,,90.0,,1000000.0,0.025,,results/fits/records/joint2019_tail90_sweden_emphasis.json,,,0.1238161180263359,0.1563364474162596,results/fits/ci/joint2019_tail90_sweden_emphasis_ci.csv,all_parameter_95_ci_endpoint_envelope,"eta,beta,epsilon,Xc"
paper_sweden_fit_ci_envelope,Baseline fit CI envelope,,,,,,,,,,,,,,,,,,,,,,,,,,,,,,,,,,,,,,,,,,,,B_baseline_fit_ci_envelope,,91.0,,1000000.0,0.025,,results/fits/records/joint2019_tail90_sweden_emphasis.json,,,0.1453443919346969,0.1684716088107858,results/fits/ci/joint2019_tail90_sweden_emphasis_ci.csv,all_parameter_95_ci_endpoint_envelope,"eta,beta,epsilon,Xc"
paper_sweden_fit_ci_envelope,Baseline fit CI envelope,,,,,,,,,,,,,,,,,,,,,,,,,,,,,,,,,,,,,,,,,,,,B_baseline_fit_ci_envelope,,92.0,,1000000.0,0.025,,results/fits/records/joint2019_tail90_sweden_emphasis.json,,,0.1518220317704758,0.1903235500350595,results/fits/ci/joint2019_tail90_sweden_emphasis_ci.csv,all_parameter_95_ci_endpoint_envelope,"eta,beta,epsilon,Xc"
paper_sweden_fit_ci_envelope,Baseline fit CI envelope,,,,,,,,,,,,,,,,,,,,,,,,,,,,,,,,,,,,,,,,,,,,B_baseline_fit_ci_envelope,,93.0,,1000000.0,0.025,,results/fits/records/joint2019_tail90_sweden_emphasis.json,,,0.1759961923900684,0.2128250835372342,results/fits/ci/joint2019_tail90_sweden_emphasis_ci.csv,all_parameter_95_ci_endpoint_envelope,"eta,beta,epsilon,Xc"
paper_sweden_fit_ci_envelope,Baseline fit CI envelope,,,,,,,,,,,,,,,,,,,,,,,,,,,,,,,,,,,,,,,,,,,,B_baseline_fit_ci_envelope,,94.0,,1000000.0,0.025,,results/fits/records/joint2019_tail90_sweden_emphasis.json,,,0.184433788270011,0.2411101181945404,results/fits/ci/joint2019_tail90_sweden_emphasis_ci.csv,all_parameter_95_ci_endpoint_envelope,"eta,beta,epsilon,Xc"
paper_sweden_fit_ci_envelope,Baseline fit CI envelope,,,,,,,,,,,,,,,,,,,,,,,,,,,,,,,,,,,,,,,,,,,,B_baseline_fit_ci_envelope,,95.0,,1000000.0,0.025,,results/fits/records/joint2019_tail90_sweden_emphasis.json,,,0.1970850908231331,0.2700869329270202,results/fits/ci/joint2019_tail90_sweden_emphasis_ci.csv,all_parameter_95_ci_endpoint_envelope,"eta,beta,epsilon,Xc"
paper_sweden_fit_ci_envelope,Baseline fit CI envelope,,,,,,,,,,,,,,,,,,,,,,,,,,,,,,,,,,,,,,,,,,,,B_baseline_fit_ci_envelope,,96.0,,1000000.0,0.025,,results/fits/records/joint2019_tail90_sweden_emphasis.json,,,0.2352917597779358,0.2718856856912512,results/fits/ci/joint2019_tail90_sweden_emphasis_ci.csv,all_parameter_95_ci_endpoint_envelope,"eta,beta,epsilon,Xc"
paper_sweden_fit_ci_envelope,Baseline fit CI envelope,,,,,,,,,,,,,,,,,,,,,,,,,,,,,,,,,,,,,,,,,,,,B_baseline_fit_ci_envelope,,97.0,,1000000.0,0.025,,results/fits/records/joint2019_tail90_sweden_emphasis.json,,,0.2477011695701449,0.3137923999925817,results/fits/ci/joint2019_tail90_sweden_emphasis_ci.csv,all_parameter_95_ci_endpoint_envelope,"eta,beta,epsilon,Xc"
paper_sweden_fit_ci_envelope,Baseline fit CI envelope,,,,,,,,,,,,,,,,,,,,,,,,,,,,,,,,,,,,,,,,,,,,B_baseline_fit_ci_envelope,,98.0,,1000000.0,0.025,,results/fits/records/joint2019_tail90_sweden_emphasis.json,,,0.268423091824874,0.3314749113025849,results/fits/ci/joint2019_tail90_sweden_emphasis_ci.csv,all_parameter_95_ci_endpoint_envelope,"eta,beta,epsilon,Xc"
paper_sweden_fit_ci_envelope,Baseline fit CI envelope,,,,,,,,,,,,,,,,,,,,,,,,,,,,,,,,,,,,,,,,,,,,B_baseline_fit_ci_envelope,,99.0,,1000000.0,0.025,,results/fits/records/joint2019_tail90_sweden_emphasis.json,,,0.3043767460423041,0.3625205166630985,results/fits/ci/joint2019_tail90_sweden_emphasis_ci.csv,all_parameter_95_ci_endpoint_envelope,"eta,beta,epsilon,Xc"
paper_sweden_fit_ci_envelope,Baseline fit CI envelope,,,,,,,,,,,,,,,,,,,,,,,,,,,,,,,,,,,,,,,,,,,,B_baseline_fit_ci_envelope,,100.0,,1000000.0,0.025,,results/fits/records/joint2019_tail90_sweden_emphasis.json,,,0.3184605862825634,0.4216210602835038,results/fits/ci/joint2019_tail90_sweden_emphasis_ci.csv,all_parameter_95_ci_endpoint_envelope,"eta,beta,epsilon,Xc"
