group_id,metric,archived,reconstructed,difference,matches
diet__0,median_age,82.454130709025407,82.454130709025407,0,True
diet__0,steepness,4.5061150287709921,4.5061150287709921,0,True
diet__0,x,1.0014671746421284,1.0014671746421284,0,True
diet__0,y,1.0079467828927635,1.0079467828927637,2.2204460492503131e-16,True
diet__0,x_err,0.0028089068383320998,0.0028089068383321445,4.4669129506402783e-17,True
diet__0,y_err,0.0267221181633206,0.026722118163320645,4.5102810375396984e-17,True
diet__0,x_low,0.99661630899432796,0.99661630899432796,0,True
diet__0,x_high,1.0070929462833331,1.0070929462833331,0,True
diet__0,y_low,0.95878372211751839,0.9587837221175185,1.1102230246251565e-16,True
diet__0,y_high,1.0584805474765415,1.0584805474765415,0,True
diet__1,median_age,84.500000002272515,84.500000002272515,0,True
diet__1,steepness,5.0901492262447876,5.0901492262447876,0,True
diet__1,x,1.0263157895408237,1.0263157895408237,0,True
diet__1,y,1.1385860112933814,1.1385860112933814,0,True
diet__1,x_err,0.0043727762530981996,0.0043727762530982135,1.3877787807814457e-17,True
diet__1,y_err,0.053863118887264402,0.053863118887264458,5.5511151231257827e-17,True
diet__1,x_low,1.0173527426864488,1.0173527426864488,0,True
diet__1,x_high,1.034324040077518,1.034324040077518,0,True
diet__1,y_low,1.0675858706273678,1.0675858706273678,0,True
diet__1,y_high,1.2547672683549442,1.2547672683549442,0,True
number_of_friends__0,median_age,77.499999996926618,77.499999996926618,0,True
number_of_friends__0,steepness,3.909671810830591,3.909671810830591,0,True
number_of_friends__0,x,0.94129554655763881,0.9412955465576387,-1.1102230246251565e-16,True
number_of_friends__0,y,0.87453185254527932,0.87453185254527932,0,True
number_of_friends__0,x_err,0.0153045611331872,0.015304561133187277,7.6327832942979512e-17,True
number_of_friends__0,y_err,0.12862811220302961,0.12862811220302958,-2.7755575615628914e-17,True
number_of_friends__0,x_low,0.91934670672188201,0.9193467067218819,-1.1102230246251565e-16,True
number_of_friends__0,x_high,0.97336265837845681,0.97336265837845681,0,True
number_of_friends__0,y_low,0.64098165775676108,0.64098165775676108,0,True
number_of_friends__0,y_high,1.0695221066300338,1.0695221066300338,0,True
number_of_friends__1,median_age,82.707244163057666,82.707244163057666,0,True
number_of_friends__1,steepness,4.7037295266390133,4.7037295266390133,0,True
number_of_friends__1,x,1.0045414271203714,1.0045414271203714,0,True
number_of_friends__1,y,1.0521500258431256,1.0521500258431256,0,True
number_of_friends__1,x_err,0.0019380590763439,0.0019380590763439657,6.5702651652621569e-17,True
number_of_friends__1,y_err,0.017657246651623101,0.017657246651623163,6.2450045135165055e-17,True
number_of_friends__1,x_low,1.001392043714739,1.001392043714739,0,True
number_of_friends__1,x_high,1.0089183229095062,1.0089183229095062,0,True
number_of_friends__1,y_low,1.0228242565982932,1.0228242565982932,0,True
number_of_friends__1,y_high,1.0899594670131325,1.0899594670131323,-2.2204460492503131e-16,True
income__0,median_age,77.873149057212288,77.873149057212288,0,True
income__0,steepness,3.4829489015529043,3.4829489015529043,0,True
income__0,x,0.94582772137909676,0.94582772137909676,0,True
income__0,y,0.77908067545662096,0.77908067545662096,0,True
income__0,x_err,0.0092617005346307003,0.0092617005346307072,6.9388939039072284e-18,True
income__0,y_err,0.043774851162919903,0.043774851162919966,6.2450045135165055e-17,True
income__0,x_low,0.93014029118431762,0.93014029118431751,-1.1102230246251565e-16,True
income__0,x_high,0.9658080182577532,0.96580801825775331,1.1102230246251565e-16,True
income__0,y_low,0.70627482796980579,0.70627482796980579,0,True
income__0,y_high,0.87343560728877756,0.87343560728877756,0,True
income__1,median_age,78.999999997772733,78.999999997772733,0,True
income__1,steepness,4.0187077377340081,4.0187077377340081,0,True
income__1,x,0.95951417005039863,0.95951417005039863,0,True
income__1,y,0.8989214677770957,0.8989214677770957,0,True
income__1,x_err,0.0068502417698741999,0.0068502417698742355,3.5561831257524545e-17,True
income__1,y_err,0.048414941294988502,0.04841494129498855,4.8572257327350599e-17,True
income__1,x_low,0.94756258442554797,0.94756258442554808,1.1102230246251565e-16,True
income__1,x_high,0.97491309782964275,0.97491309782964275,0,True
income__1,y_low,0.81296169966979892,0.81296169966979892,0,True
income__1,y_high,0.97979002721692621,0.97979002721692621,0,True
income__2,median_age,83.666666668470199,83.666666668470199,0,True
income__2,steepness,5.1273329670246444,5.1273329670246444,0,True
income__2,x,1.0161943320448592,1.0161943320448592,0,True
income__2,y,1.1469034269953051,1.1469034269953053,2.2204460492503131e-16,True
income__2,x_err,0.0059624563011724,0.0059624563011723792,-2.0816681711721685e-17,True
income__2,y_err,0.087376254529900804,0.087376254529900776,-2.7755575615628914e-17,True
income__2,x_low,1.0069556553105885,1.0069556553105885,0,True
income__2,x_high,1.0287034738117296,1.0287034738117296,0,True
income__2,y_low,1.0042739532103488,1.0042739532103488,0,True
income__2,y_high,1.3231921220791898,1.3231921220791898,0,True
income__3,median_age,86.995337117135008,86.995337117135008,0,True
income__3,steepness,7.8727990552130152,7.8727990552130152,0,True
income__3,x,1.0566235277791876,1.0566235277791876,0,True
income__3,y,1.7610208415446194,1.7610208415446194,0,True
income__3,x_err,0.010012274110914999,0.010012274110915062,6.2450045135165055e-17,True
income__3,y_err,0.13763076491149059,0.13763076491149065,5.5511151231257827e-17,True
income__3,x_low,1.0454473583317752,1.0454473583317752,0,True
income__3,x_high,1.0797249674668672,1.0797249674668672,0,True
income__3,y_low,1.5515925356628262,1.5515925356628264,2.2204460492503131e-16,True
income__3,y_high,2.117266042083501,2.117266042083501,0,True
alcohol__0,median_age,77.66666666442309,77.66666666442309,0,True
alcohol__0,steepness,3.8178516090002592,3.8178516090002588,-4.4408920985006262e-16,True
alcohol__0,x,0.94331983806577102,0.94331983806577102,0,True
alcohol__0,y,0.85399312318561404,0.85399312318561404,0,True
alcohol__0,x_err,0.013202787796221201,0.013202787796221286,8.5001450322863548e-17,True
alcohol__0,y_err,0.061880341168773799,0.061880341168773813,1.3877787807814457e-17,True
alcohol__0,x_low,0.91951145985690041,0.91951145985690053,1.1102230246251565e-16,True
alcohol__0,x_high,0.96871687115591165,0.96871687115591154,-1.1102230246251565e-16,True
alcohol__0,y_low,0.76267144147874666,0.76267144147874666,0,True
alcohol__0,y_high,0.98671954185428001,0.9867195418542799,-1.1102230246251565e-16,True
alcohol__1,median_age,86.416666667778472,86.416666667778472,0,True
alcohol__1,steepness,5.9942196526567226,5.9942196526567226,0,True
alcohol__1,x,1.0495951417543437,1.0495951417543437,0,True
alcohol__1,y,1.3408122909138855,1.3408122909138855,0,True
alcohol__1,x_err,0.0039514576974931997,0.0039514576974931702,-2.9490299091605721e-17,True
alcohol__1,y_err,0.045509662962287201,0.045509662962287235,3.4694469519536142e-17,True
alcohol__1,x_low,1.0431782298616794,1.0431782298616794,0,True
alcohol__1,x_high,1.0579464883812832,1.0579464883812832,0,True
alcohol__1,y_low,1.2558415240311509,1.2558415240311507,-2.2204460492503131e-16,True
alcohol__1,y_high,1.4379435414728621,1.4379435414728619,-2.2204460492503131e-16,True
physical_activity__0,median_age,79.242054726497244,79.242054726497244,0,True
physical_activity__0,steepness,3.9544538583875881,3.9544538583875877,-4.4408920985006262e-16,True
physical_activity__0,x,0.96245410602692305,0.96245410602692305,0,True
physical_activity__0,y,0.88454888950022292,0.88454888950022292,0,True
physical_activity__0,x_err,0.0050753035032829004,0.0050753035032829385,3.8163916471489756e-17,True
physical_activity__0,y_err,0.032405758757592398,0.032405758757592537,1.3877787807814457e-16,True
physical_activity__0,x_low,0.95128858233316915,0.95128858233316926,1.1102230246251565e-16,True
physical_activity__0,x_high,0.97206108856863616,0.97206108856863616,0,True
physical_activity__0,y_low,0.82931447355148091,0.82931447355148091,0,True
physical_activity__0,y_high,0.94464588335824584,0.94464588335824584,0,True
physical_activity__1,median_age,85.837984664358004,85.837984664358004,0,True
physical_activity__1,steepness,5.3072037046587699,5.3072037046587699,0,True
physical_activity__1,x,1.0425666153967392,1.0425666153967392,0,True
physical_activity__1,y,1.1871376709454231,1.1871376709454233,2.2204460492503131e-16,True
physical_activity__1,x_err,0.0040113715411230003,0.0040113715411230089,8.6736173798840355e-18,True
physical_activity__1,y_err,0.058091528810788703,0.058091528810788766,6.2450045135165055e-17,True
physical_activity__1,x_low,1.0357383198439836,1.0357383198439836,0,True
physical_activity__1,x_high,1.0506682430638206,1.0506682430638206,0,True
physical_activity__1,y_low,1.1287496800723125,1.1287496800723125,0,True
physical_activity__1,y_high,1.3343105107741846,1.3343105107741846,0,True
sleep_duration__0,median_age,78.583177761627709,78.583177761627709,0,True
sleep_duration__0,steepness,3.5003119023644627,3.5003119023644627,0,True
sleep_duration__0,x,0.95445155179743002,0.95445155179743002,0,True
sleep_duration__0,y,0.78296450458606681,0.78296450458606681,0,True
sleep_duration__0,x_err,0.0182939555634654,0.01829395556346549,9.0205620750793969e-17,True
sleep_duration__0,y_err,0.0697888316105858,0.0697888316105858,0,True
sleep_duration__0,x_low,0.91154491283913242,0.91154491283913242,0,True
sleep_duration__0,x_high,0.97899344239601416,0.97899344239601416,0,True
sleep_duration__0,y_low,0.67996574850673486,0.67996574850673486,0,True
sleep_duration__0,y_high,0.93079875724525163,0.93079875724525152,-1.1102230246251565e-16,True
sleep_duration__1,median_age,82.549923156487495,82.549923156487495,0,True
sleep_duration__1,steepness,4.3187592631076201,4.3187592631076201,0,True
sleep_duration__1,x,1.00263064566398,1.00263064566398,0,True
sleep_duration__1,y,0.96603825635692164,0.96603825635692164,0,True
sleep_duration__1,x_err,0.0059728176391086003,0.0059728176391086497,4.9439619065339002e-17,True
sleep_duration__1,y_err,0.034861437449836802,0.034861437449836899,9.7144514654701197e-17,True
sleep_duration__1,x_low,0.9898149297616412,0.9898149297616412,0,True
sleep_duration__1,x_high,1.0127603646357095,1.0127603646357095,0,True
sleep_duration__1,y_low,0.89944599126173308,0.89944599126173308,0,True
sleep_duration__1,y_high,1.0314694868095076,1.0314694868095076,0,True
sleep_duration__2,median_age,84.190149914311604,84.190149914311604,0,True
sleep_duration__2,steepness,5.1451787954957657,5.1451787954957657,0,True
sleep_duration__2,x,1.0225524281484411,1.0225524281484411,0,True
sleep_duration__2,y,1.1508952570486159,1.1508952570486159,0,True
sleep_duration__2,x_err,0.0039929716856531997,0.0039929716856532318,3.2092384305570931e-17,True
sleep_duration__2,y_err,0.041176322964461297,0.041176322964461373,7.6327832942979512e-17,True
sleep_duration__2,x_low,1.0139154015659679,1.0139154015659679,0,True
sleep_duration__2,x_high,1.0308715917533415,1.0308715917533415,0,True
sleep_duration__2,y_low,1.093372799634647,1.093372799634647,0,True
sleep_duration__2,y_high,1.2473884899624419,1.2473884899624421,2.2204460492503131e-16,True
sleep_duration__3,median_age,77.666666667718047,77.666666667718047,0,True
sleep_duration__3,steepness,3.4608921193446509,3.4608921193446509,0,True
sleep_duration__3,x,0.94331983810579079,0.94331983810579079,0,True
sleep_duration__3,y,0.7741469215409249,0.7741469215409249,0,True
sleep_duration__3,x_err,0.0093395133356965008,0.009339513335696532,3.1225022567582528e-17,True
sleep_duration__3,y_err,0.053857183868731701,0.053857183868731784,8.3266726846886741e-17,True
sleep_duration__3,x_low,0.9281325466662036,0.92813254666620371,1.1102230246251565e-16,True
sleep_duration__3,x_high,0.96027981312435184,0.96027981312435184,0,True
sleep_duration__3,y_low,0.69615332424888032,0.69615332424888032,0,True
sleep_duration__3,y_high,0.88376813247060326,0.88376813247060326,0,True
sleep_frailty__0,median_age,80.703329486900188,80.703329486900188,0,True
sleep_frailty__0,steepness,3.7351651171705806,3.7351651171705806,0,True
sleep_frailty__0,x,0.98020238246974778,0.98020238246974778,0,True
sleep_frailty__0,y,0.83549746053690799,0.83549746053690799,0,True
sleep_frailty__0,x_err,0.0066790819434932001,0.0066790819434932374,3.7296554733501353e-17,True
sleep_frailty__0,y_err,0.043220165513963002,0.043220165513963071,6.9388939039072284e-17,True
sleep_frailty__0,x_low,0.9646976637404846,0.9646976637404846,0,True
sleep_frailty__0,x_high,0.99054342915706584,0.99054342915706584,0,True
sleep_frailty__0,y_low,0.77908377594369027,0.77908377594369027,0,True
sleep_frailty__0,y_high,0.92200066726130603,0.92200066726130603,0,True
sleep_frailty__1,median_age,83.646114426015828,83.646114426015828,0,True
sleep_frailty__1,steepness,4.7369462109693234,4.7369462109693234,0,True
sleep_frailty__1,x,1.0159447096668612,1.0159447096668612,0,True
sleep_frailty__1,y,1.0595800736548948,1.0595800736548948,0,True
sleep_frailty__1,x_err,0.0079298538300707992,0.0079298538300708286,2.9490299091605721e-17,True
sleep_frailty__1,y_err,0.050055617021663001,0.050055617021663071,6.9388939039072284e-17,True
sleep_frailty__1,x_low,0.99914757098079698,0.99914757098079698,0,True
sleep_frailty__1,x_high,1.0274643993786767,1.0274643993786767,0,True
sleep_frailty__1,y_low,1.0180955511356529,1.0180955511356529,0,True
sleep_frailty__1,y_high,1.1854652814292219,1.1854652814292219,0,True
church_frequency__0,median_age,79.333333336405275,79.333333336405275,0,True
church_frequency__0,steepness,4.5700999042907116,4.5700999042907116,0,True
church_frequency__0,x,0.96356275311086881,0.96356275311086892,1.1102230246251565e-16,True
church_frequency__0,y,1.022259189261024,1.022259189261024,0,True
church_frequency__0,x_err,0.0098398399460873,0.0098398399460874111,1.1102230246251565e-16,True
church_frequency__0,y_err,0.050177305783175703,0.050177305783175703,0,True
church_frequency__0,x_low,0.94193610557660723,0.94193610557660723,0,True
church_frequency__0,x_high,0.97819047984996643,0.97819047984996643,0,True
church_frequency__0,y_low,0.9319317213032936,0.93193172130329349,-1.1102230246251565e-16,True
church_frequency__0,y_high,1.1207699315576731,1.1207699315576733,2.2204460492503131e-16,True
church_frequency__1,median_age,83.339576211640733,83.339576211640733,0,True
church_frequency__1,steepness,4.6030404776973564,4.6030404776973564,0,True
church_frequency__1,x,1.0122215734597328,1.0122215734597328,0,True
church_frequency__1,y,1.0296274754188068,1.0296274754188068,0,True
church_frequency__1,x_err,0.0085480871687394003,0.0085480871687394298,2.9490299091605721e-17,True
church_frequency__1,y_err,0.088104663222513993,0.088104663222513979,-1.3877787807814457e-17,True
church_frequency__1,x_low,1.0010460057452857,1.0010460057452857,0,True
church_frequency__1,x_high,1.02920578368959,1.02920578368959,0,True
church_frequency__1,y_low,0.88182058235954663,0.88182058235954663,0,True
church_frequency__1,y_high,1.2124831842817598,1.2124831842817598,0,True
church_frequency__2,median_age,84.947562518041138,84.947562518041138,0,True
church_frequency__2,steepness,5.2109911057065164,5.2109911057065164,0,True
church_frequency__2,x,1.0317517715139315,1.0317517715139315,0,True
church_frequency__2,y,1.1656164317030853,1.1656164317030853,0,True
church_frequency__2,x_err,0.0070538450861880996,0.0070538450861881144,1.474514954580286e-17,True
church_frequency__2,y_err,0.097586400446719401,0.097586400446719415,1.3877787807814457e-17,True
church_frequency__2,x_low,1.0167905663879058,1.0167905663879058,0,True
church_frequency__2,x_high,1.042713518125896,1.042713518125896,0,True
church_frequency__2,y_low,0.99696378774553684,0.99696378774553684,0,True
church_frequency__2,y_high,1.3742297527038621,1.3742297527038621,0,True
education_level__0,median_age,79.583333334755878,79.583333334755878,0,True
education_level__0,steepness,3.8343109598703702,3.8343109598703706,4.4408920985006262e-16,True
education_level__0,x,0.96659919033791641,0.9665991903379163,-1.1102230246251565e-16,True
education_level__0,y,0.85767482009128704,0.85767482009128704,0,True
education_level__0,x_err,0.0045983850093356,0.004598385009335613,1.3010426069826053e-17,True
education_level__0,y_err,0.0187908940291194,0.01879089402911949,9.0205620750793969e-17,True
education_level__0,x_low,0.95725741670228204,0.95725741670228204,0,True
education_level__0,x_high,0.97463088503927242,0.97463088503927231,-1.1102230246251565e-16,True
education_level__0,y_low,0.83064065019850364,0.83064065019850364,0,True
education_level__0,y_high,0.90567522003832202,0.9056752200383219,-1.1102230246251565e-16,True
education_level__1,median_age,84.499999997565013,84.499999997565013,0,True
education_level__1,steepness,5.199999998367737,5.199999998367737,0,True
education_level__1,x,1.0263157894836477,1.0263157894836477,0,True
education_level__1,y,1.1631578945348555,1.1631578945348555,0,True
education_level__1,x_err,0.002610630264856,0.0026106302648560226,2.2551405187698492e-17,True
education_level__1,y_err,0.024388351377502601,0.024388351377502664,6.2450045135165055e-17,True
education_level__1,x_low,1.0230849819906189,1.0230849819906189,0,True
education_level__1,x_high,1.0323361003044376,1.0323361003044376,0,True
education_level__1,y_low,1.124056524284456,1.124056524284456,0,True
education_level__1,y_high,1.2127935888300156,1.2127935888300156,0,True
