series,age,value,value_low,value_high,n_sim,dt,random_seed
survival,0.0,1.0,,,300000,0.05,20260604
survival,1.0,1.0,,,300000,0.05,20260604
survival,2.0,1.0,,,300000,0.05,20260604
survival,3.0,1.0,,,300000,0.05,20260604
survival,4.0,1.0,,,300000,0.05,20260604
survival,5.0,1.0,,,300000,0.05,20260604
survival,6.0,1.0,,,300000,0.05,20260604
survival,7.0,0.9999966666666666,,,300000,0.05,20260604
survival,8.0,0.9999933333333333,,,300000,0.05,20260604
survival,9.0,0.9999933333333333,,,300000,0.05,20260604
survival,10.0,0.99999,,,300000,0.05,20260604
survival,11.0,0.9999866666666667,,,300000,0.05,20260604
survival,12.0,0.99998,,,300000,0.05,20260604
survival,13.0,0.99997,,,300000,0.05,20260604
survival,14.0,0.99997,,,300000,0.05,20260604
survival,15.0,0.9999666666666667,,,300000,0.05,20260604
survival,16.0,0.9999666666666667,,,300000,0.05,20260604
survival,17.0,0.9999666666666667,,,300000,0.05,20260604
survival,18.0,0.9999566666666667,,,300000,0.05,20260604
survival,19.0,0.9999433333333333,,,300000,0.05,20260604
survival,20.0,0.9999366666666667,,,300000,0.05,20260604
survival,21.0,0.9999266666666666,,,300000,0.05,20260604
survival,22.0,0.99991,,,300000,0.05,20260604
survival,23.0,0.99989,,,300000,0.05,20260604
survival,24.0,0.99986,,,300000,0.05,20260604
survival,25.0,0.9998366666666667,,,300000,0.05,20260604
survival,26.0,0.9998033333333334,,,300000,0.05,20260604
survival,27.0,0.9997433333333333,,,300000,0.05,20260604
survival,28.0,0.9997,,,300000,0.05,20260604
survival,29.0,0.9996266666666667,,,300000,0.05,20260604
survival,30.0,0.9995433333333333,,,300000,0.05,20260604
survival,31.0,0.9994833333333333,,,300000,0.05,20260604
survival,32.0,0.9994166666666666,,,300000,0.05,20260604
survival,33.0,0.9993066666666667,,,300000,0.05,20260604
survival,34.0,0.9991833333333333,,,300000,0.05,20260604
survival,35.0,0.99901,,,300000,0.05,20260604
survival,36.0,0.9988266666666666,,,300000,0.05,20260604
survival,37.0,0.9985733333333333,,,300000,0.05,20260604
survival,38.0,0.9983533333333333,,,300000,0.05,20260604
survival,39.0,0.9981,,,300000,0.05,20260604
survival,40.0,0.99775,,,300000,0.05,20260604
survival,41.0,0.9973333333333333,,,300000,0.05,20260604
survival,42.0,0.99692,,,300000,0.05,20260604
survival,43.0,0.99645,,,300000,0.05,20260604
survival,44.0,0.99579,,,300000,0.05,20260604
survival,45.0,0.9950566666666667,,,300000,0.05,20260604
survival,46.0,0.9942566666666667,,,300000,0.05,20260604
survival,47.0,0.9934333333333333,,,300000,0.05,20260604
survival,48.0,0.9923066666666667,,,300000,0.05,20260604
survival,49.0,0.9911633333333333,,,300000,0.05,20260604
survival,50.0,0.98983,,,300000,0.05,20260604
survival,51.0,0.98824,,,300000,0.05,20260604
survival,52.0,0.9864766666666667,,,300000,0.05,20260604
survival,53.0,0.9845233333333333,,,300000,0.05,20260604
survival,54.0,0.98228,,,300000,0.05,20260604
survival,55.0,0.9797966666666666,,,300000,0.05,20260604
survival,56.0,0.9768466666666666,,,300000,0.05,20260604
survival,57.0,0.9735766666666666,,,300000,0.05,20260604
survival,58.0,0.96975,,,300000,0.05,20260604
survival,59.0,0.9653766666666667,,,300000,0.05,20260604
survival,60.0,0.9608333333333333,,,300000,0.05,20260604
survival,61.0,0.9554966666666667,,,300000,0.05,20260604
survival,62.0,0.9494566666666666,,,300000,0.05,20260604
survival,63.0,0.9430466666666667,,,300000,0.05,20260604
survival,64.0,0.9354666666666667,,,300000,0.05,20260604
survival,65.0,0.9272266666666666,,,300000,0.05,20260604
survival,66.0,0.91838,,,300000,0.05,20260604
survival,67.0,0.9083133333333333,,,300000,0.05,20260604
survival,68.0,0.89725,,,300000,0.05,20260604
survival,69.0,0.8852366666666667,,,300000,0.05,20260604
survival,70.0,0.87193,,,300000,0.05,20260604
survival,71.0,0.8575633333333333,,,300000,0.05,20260604
survival,72.0,0.84212,,,300000,0.05,20260604
survival,73.0,0.8253133333333333,,,300000,0.05,20260604
survival,74.0,0.80666,,,300000,0.05,20260604
survival,75.0,0.7867933333333333,,,300000,0.05,20260604
survival,76.0,0.7654133333333333,,,300000,0.05,20260604
survival,77.0,0.7430566666666667,,,300000,0.05,20260604
survival,78.0,0.7191033333333333,,,300000,0.05,20260604
survival,79.0,0.6941633333333334,,,300000,0.05,20260604
survival,80.0,0.66703,,,300000,0.05,20260604
survival,81.0,0.6384366666666667,,,300000,0.05,20260604
survival,82.0,0.60925,,,300000,0.05,20260604
survival,83.0,0.5790433333333334,,,300000,0.05,20260604
survival,84.0,0.5479666666666667,,,300000,0.05,20260604
survival,85.0,0.5156566666666667,,,300000,0.05,20260604
survival,86.0,0.4829866666666667,,,300000,0.05,20260604
survival,87.0,0.44949666666666666,,,300000,0.05,20260604
survival,88.0,0.4175066666666667,,,300000,0.05,20260604
survival,89.0,0.3841333333333333,,,300000,0.05,20260604
survival,90.0,0.35152,,,300000,0.05,20260604
survival,91.0,0.3195866666666667,,,300000,0.05,20260604
survival,92.0,0.28807,,,300000,0.05,20260604
survival,93.0,0.25765333333333335,,,300000,0.05,20260604
survival,94.0,0.22895333333333334,,,300000,0.05,20260604
survival,95.0,0.20132333333333333,,,300000,0.05,20260604
survival,96.0,0.17525666666666667,,,300000,0.05,20260604
survival,97.0,0.15088,,,300000,0.05,20260604
survival,98.0,0.12855666666666668,,,300000,0.05,20260604
survival,99.0,0.10867,,,300000,0.05,20260604
survival,100.0,0.09062333333333333,,,300000,0.05,20260604
survival,101.0,0.07479333333333334,,,300000,0.05,20260604
survival,102.0,0.06046666666666667,,,300000,0.05,20260604
survival,103.0,0.048233333333333336,,,300000,0.05,20260604
survival,104.0,0.03787666666666667,,,300000,0.05,20260604
survival,105.0,0.029256666666666667,,,300000,0.05,20260604
survival,106.0,0.02214,,,300000,0.05,20260604
survival,107.0,0.016273333333333334,,,300000,0.05,20260604
survival,108.0,0.012006666666666667,,,300000,0.05,20260604
survival,109.0,0.008826666666666667,,,300000,0.05,20260604
survival,110.0,0.00605,,,300000,0.05,20260604
survival,111.0,0.004186666666666667,,,300000,0.05,20260604
survival,112.0,0.002756666666666667,,,300000,0.05,20260604
survival,113.0,0.00182,,,300000,0.05,20260604
survival,114.0,0.0011833333333333333,,,300000,0.05,20260604
survival,115.0,0.0007266666666666667,,,300000,0.05,20260604
survival,116.0,0.0004566666666666667,,,300000,0.05,20260604
survival,117.0,0.00023,,,300000,0.05,20260604
survival,118.0,0.00012,,,300000,0.05,20260604
survival,119.0,5.333333333333333e-05,,,300000,0.05,20260604
survival,120.0,2.6666666666666667e-05,,,300000,0.05,20260604
mortality,40.5,0.0004235441195096553,0.0003498420489351825,0.0004972461900841281,300000,0.05,20260604
mortality,41.5,0.0004474003439631433,0.00037180601275897207,0.0005229946751673145,300000,0.05,20260604
mortality,42.5,0.0005187519452850924,0.00043762817774707635,0.0005998757128231085,300000,0.05,20260604
mortality,43.5,0.0006259701141844322,0.0005367711008702017,0.0007151691274986625,300000,0.05,20260604
mortality,44.5,0.0007211646080939681,0.000625105089809463,0.0008172241263784733,300000,0.05,20260604
mortality,45.5,0.0007988315301196646,0.0006976402912943712,0.0009000227689449578,300000,0.05,20260604
mortality,46.5,0.0009017103672825324,0.0007943218133212561,0.0010090989212438086,300000,0.05,20260604
mortality,47.5,0.0010452053241790786,0.0009295540593653008,0.001160856588992856,300000,0.05,20260604
mortality,48.5,0.00119971142873834,0.0010756375379275401,0.0013237853195491396,300000,0.05,20260604
mortality,49.5,0.0013732192286203635,0.001240411306914228,0.0015060271503264987,300000,0.05,20260604
mortality,50.5,0.0015761431145095396,0.0014337315696930414,0.0017185546593260377,300000,0.05,20260604
mortality,51.5,0.0017886135033343723,0.0016367038507654253,0.0019405231559033198,300000,0.05,20260604
mortality,52.5,0.002013444934258917,0.0018521062737166707,0.002174783594801163,300000,0.05,20260604
mortality,53.5,0.002274556937398583,0.0021029568058018797,0.002446157068995286,300000,0.05,20260604
mortality,54.5,0.002598505893750667,0.002414962934327906,0.002782048853173428,300000,0.05,20260604
mortality,55.5,0.002982008955052907,0.0027851160262577,0.0031789018838481145,300000,0.05,20260604
mortality,56.5,0.0034072372217857183,0.003196420222380549,0.003618054221190887,300000,0.05,20260604
mortality,57.5,0.0038792078734088144,0.0036538295543573824,0.004104586192460247,300000,0.05,20260604
mortality,58.5,0.004373036921204469,0.004133178881384189,0.004612894961024747,300000,0.05,20260604
mortality,59.5,0.0049042462496783614,0.004649693222442656,0.005158799276914066,300000,0.05,20260604
mortality,60.5,0.00552581641935893,0.005254963649314127,0.005796669189403733,300000,0.05,20260604
mortality,61.5,0.006210416567449374,0.005922429661176082,0.006498403473722665,300000,0.05,20260604
mortality,62.5,0.006983962903101832,0.00667766466744715,0.007290261138756513,300000,0.05,20260604
mortality,63.5,0.007871220664650192,0.007544851243268793,0.008197590086031591,300000,0.05,20260604
mortality,64.5,0.00877727101287029,0.008431111991200203,0.009123430034540376,300000,0.05,20260604
mortality,65.5,0.00974078196273067,0.009374512552787189,0.01010705137267415,300000,0.05,20260604
mortality,66.5,0.010867846703962144,0.010479103087278521,0.01125659032064577,300000,0.05,20260604
mortality,67.5,0.012125555180212006,0.011712621381267798,0.012538488979156218,300000,0.05,20260604
mortality,68.5,0.013471815026842533,0.01303382801136223,0.013909802042322835,300000,0.05,20260604
mortality,69.5,0.014916113595113521,0.014452043647220698,0.015380183543006345,300000,0.05,20260604
mortality,70.5,0.016459688886253415,0.015968463249347954,0.01695091452315888,300000,0.05,20260604
mortality,71.5,0.018167537678609378,0.01764716511052459,0.01868791024669417,300000,0.05,20260604
mortality,72.5,0.020138895595518323,0.019585989766394942,0.020691801424641706,300000,0.05,20260604
mortality,73.5,0.022329920466346322,0.021741668691385656,0.02291817224130699,300000,0.05,20260604
mortality,74.5,0.024622270143061,0.02399740328484295,0.025247137001279053,300000,0.05,20260604
mortality,75.5,0.026971410035503622,0.026309067157740527,0.02763375291326672,300000,0.05,20260604
mortality,76.5,0.029402167954706328,0.02870101222500797,0.03010332368440469,300000,0.05,20260604
mortality,77.5,0.03210499509097413,0.031361290612993004,0.03284869956895525,300000,0.05,20260604
mortality,78.5,0.03524866731119716,0.034456569664604135,0.03604076495779019,300000,0.05,20260604
mortality,79.5,0.0387680780688672,0.03792218193724898,0.03961397420048542,300000,0.05,20260604
mortality,80.5,0.04230866944420281,0.041407073858773735,0.04321026502963187,300000,0.05,20260604
mortality,81.5,0.04582010218568553,0.044861146648490106,0.04677905772288095,300000,0.05,20260604
mortality,82.5,0.04965663933207251,0.04863453613104549,0.05067874253309952,300000,0.05,20260604
mortality,83.5,0.05400794449363873,0.05291433098241155,0.05510155800486591,300000,0.05,20260604
mortality,84.5,0.0586742706328181,0.057502031070061174,0.059846510195575034,300000,0.05,20260604
mortality,85.5,0.06340648804020842,0.06215019043124397,0.06466278564917285,300000,0.05,20260604
mortality,86.5,0.06808850120179176,0.06674301245020033,0.06943398995338318,300000,0.05,20260604
mortality,87.5,0.07302695521027133,0.07158319554541717,0.07447071487512551,300000,0.05,20260604
mortality,88.5,0.07873960786967905,0.077182061816808,0.0802971539225501,300000,0.05,20260604
mortality,89.5,0.08488202456386398,0.08319661012776315,0.08656743899996482,300000,0.05,20260604
mortality,90.5,0.09129584370340811,0.08946800044384677,0.09312368696296944,300000,0.05,20260604
mortality,91.5,0.09804438836838644,0.09605660041162985,0.10003217632514305,300000,0.05,20260604
mortality,92.5,0.1049392745439698,0.10277304592688877,0.10710550316105083,300000,0.05,20260604
mortality,93.5,0.11230878530797869,0.10993890087839311,0.11467866973756426,300000,0.05,20260604
mortality,94.5,0.1205373766980648,0.11793006362988089,0.12314468976624872,300000,0.05,20260604
mortality,95.5,0.12934368426289033,0.12646200091481716,0.13222536761096354,300000,0.05,20260604
mortality,96.5,0.13823749139940206,0.1350430465357523,0.1414319362630518,300000,0.05,20260604
mortality,97.5,0.14683443537208538,0.1432859742145632,0.1503828965296075,300000,0.05,20260604
mortality,98.5,0.15561487644120797,0.1516570410874272,0.15957271179498875,300000,0.05,20260604
mortality,99.5,0.1654411477833283,0.1609958389056313,0.16988645666102528,300000,0.05,20260604
mortality,100.5,0.17673822664752734,0.1717028891823444,0.18177356411271028,300000,0.05,20260604
mortality,101.5,0.18934212443391443,0.18359103694096898,0.1950932119268599,300000,0.05,20260604
mortality,102.5,0.20218040309028076,0.19557205783912965,0.2087887483414318,300000,0.05,20260604
mortality,103.5,0.21489775772190262,0.20725994952313984,0.2225355659206654,300000,0.05,20260604
mortality,104.5,0.22816513286324316,0.21926832364854104,0.23706194207794531,300000,0.05,20260604
mortality,105.5,0.242368932084146,0.23191469248848795,0.25282317167980406,300000,0.05,20260604
mortality,106.5,0.2553245248082904,0.24298623478841416,0.2676628148281667,300000,0.05,20260604
mortality,107.5,0.26581372953210103,0.2512031078752867,0.28042435118891534,300000,0.05,20260604
mortality,108.5,0.2797352112039816,0.26218233916927164,0.29728808323869155,300000,0.05,20260604
mortality,109.5,0.2987728494121235,0.2773285532273582,0.32021714559688874,300000,0.05,20260604
mortality,110.5,0.3165633898691183,0.2901328858997821,0.34299389383845463,300000,0.05,20260604
mortality,111.5,0.33189573955915846,0.29907941564541857,0.36471206347289836,300000,0.05,20260604
mortality,112.5,0.34516477893280356,0.3041180235339995,0.3862115343316076,300000,0.05,20260604
mortality,113.5,0.3590950505857882,0.3071531290694501,0.4110369721021264,300000,0.05,20260604
mortality,114.5,0.37853052262267234,0.31144958957715063,0.44561145566819405,300000,0.05,20260604
mortality,115.5,0.4102355344029109,0.32056282833968863,0.4999082404661331,300000,0.05,20260604
mortality,116.5,0.4531385796841243,0.32843561368748425,0.5778415456807644,300000,0.05,20260604
mortality,117.5,0.4977613479462243,0.3176065102607452,0.6779161856317034,300000,0.05,20260604
mortality,118.5,0.5571749079073947,0.2850459575947478,0.8293038582200415,300000,0.05,20260604
mortality,119.5,0.6710335570390207,0.25770023330743747,1.084366880770604,300000,0.05,20260604
mortality,120.5,0.8071455653753207,0.26191019540799343,1.3523809353426477,300000,0.05,20260604
