group_id,topic,group,n,deaths,bootstrap_repeats,seed,se_method,missing_quantiles,median_age,median_age_se,median_age_valid_repeats,median_age_q025,median_age_q975,steepness,steepness_se,steepness_valid_repeats,steepness_q025,steepness_q975,x,x_se,x_valid_repeats,x_q025,x_q975,y,y_se,y_valid_repeats,y_q025,y_q975
all,all,All participants,55800,7260,100,20260924,"paired Rao-Wu n-1 PSU bootstrap within wave/stratum; sample SD, ddof=1",omitted separately per statistic; never endpoint-clamped,82.333333330161494,0.19621831121474631,100,81.892652433191756,82.588659941756305,4.4705882346671482,0.051369627087220517,100,4.3754444441947999,4.5633777835065947,1,0,100,1,1,1,0,100,1,1
diet__0,diet,Poor,25916,1890,100,20260924,"paired Rao-Wu n-1 PSU bootstrap within wave/stratum; sample SD, ddof=1",omitted separately per statistic; never endpoint-clamped,82.454130709025407,0.29214528671365853,100,81.830883888853194,82.974401068077981,4.5061150287709921,0.13513664025483282,100,4.2426395427103749,4.7790020063035188,1.0014671746421284,0.0028089068383321445,100,0.99661630899432796,1.0070929462833331,1.0079467828927637,0.026722118163320645,100,0.9587837221175185,1.0584805474765415
diet__1,diet,Good,11042,1028,100,20260924,"paired Rao-Wu n-1 PSU bootstrap within wave/stratum; sample SD, ddof=1",omitted separately per statistic; never endpoint-clamped,84.500000002272515,0.39824070200568257,100,83.553184584705662,85.0579390581767,5.0901492262447876,0.25654537699162572,100,4.7301453975852858,5.6577091692396051,1.0263157895408237,0.0043727762530982135,100,1.0173527426864488,1.034324040077518,1.1385860112933814,0.053863118887264458,100,1.0675858706273678,1.2547672683549442
number_of_friends__0,number_of_friends,0 friends,580,237,100,20260924,"paired Rao-Wu n-1 PSU bootstrap within wave/stratum; sample SD, ddof=1",omitted separately per statistic; never endpoint-clamped,77.499999996926618,1.3419376389262516,100,75.417253576476227,80.161669976225127,3.909671810830591,0.58676149850826465,100,2.8768543604607242,4.8639895335769561,0.9412955465576387,0.015304561133187277,100,0.9193467067218819,0.97336265837845681,0.87453185254527932,0.12862811220302958,100,0.64098165775676108,1.0695221066300338
number_of_friends__1,number_of_friends,1+ friends,12131,4598,100,20260924,"paired Rao-Wu n-1 PSU bootstrap within wave/stratum; sample SD, ddof=1",omitted separately per statistic; never endpoint-clamped,82.707244163057666,0.2650457358260328,100,82.083333334620789,83.166666666023829,4.7037295266390133,0.097586381114708284,100,4.515682442455665,4.9077614226050272,1.0045414271203714,0.0019380590763439657,100,1.001392043714739,1.0089183229095062,1.0521500258431256,0.017657246651623163,100,1.0228242565982932,1.0899594670131323
income__0,income,Q1 (Lowest),7560,584,100,20260924,"paired Rao-Wu n-1 PSU bootstrap within wave/stratum; sample SD, ddof=1",omitted separately per statistic; never endpoint-clamped,77.873149057212288,0.7987406557163409,100,76.583333331077313,79.540611413809842,3.4829489015529043,0.2001755309692349,99,3.1090127105161898,3.8771610621813997,0.94582772137909676,0.0092617005346307072,100,0.93014029118431751,0.96580801825775331,0.77908067545662096,0.043774851162919966,99,0.70627482796980579,0.87343560728877756
income__1,income,Q2,7118,651,100,20260924,"paired Rao-Wu n-1 PSU bootstrap within wave/stratum; sample SD, ddof=1",omitted separately per statistic; never endpoint-clamped,78.999999997772733,0.62338847292860089,100,77.945288939296674,80.390766874300922,4.0187077377340081,0.23392507901894435,100,3.6176753142633116,4.4190096953707938,0.95951417005039863,0.0068502417698742355,100,0.94756258442554808,0.97491309782964275,0.8989214677770957,0.04841494129498855,100,0.81296169966979892,0.97979002721692621
income__2,income,Q3,7142,468,100,20260924,"paired Rao-Wu n-1 PSU bootstrap within wave/stratum; sample SD, ddof=1",omitted separately per statistic; never endpoint-clamped,83.666666668470199,0.50958330229471882,100,82.885555586983685,84.74131929997813,5.1273329670246444,0.39416921297556817,77,4.4429459275101371,5.9267803658043103,1.0161943320448592,0.0059624563011723792,100,1.0069556553105885,1.0287034738117296,1.1469034269953053,0.087376254529900776,77,1.0042739532103488,1.3231921220791898
income__3,income,Q4 (Highest),7381,296,100,20260924,"paired Rao-Wu n-1 PSU bootstrap within wave/stratum; sample SD, ddof=1",omitted separately per statistic; never endpoint-clamped,86.995337117135008,0.81329900173876368,98,86.175575995594755,88.701088316227327,7.8727990552130152,0.61146932607186266,48,6.9887388864712223,9.5309757297505069,1.0566235277791876,0.010012274110915062,98,1.0454473583317752,1.0797249674668672,1.7610208415446194,0.13763076491149065,48,1.5515925356628264,2.117266042083501
alcohol__0,alcohol,>4 drinks/day,4949,425,100,20260924,"paired Rao-Wu n-1 PSU bootstrap within wave/stratum; sample SD, ddof=1",omitted separately per statistic; never endpoint-clamped,77.66666666442309,1.1103786300031426,100,75.583349220035018,79.7534859947922,3.8178516090002588,0.26983923750393901,100,3.4145522869787372,4.4022125705230701,0.94331983806577102,0.013202787796221286,100,0.91951145985690053,0.96871687115591154,0.85399312318561404,0.061880341168773813,100,0.76267144147874666,0.9867195418542799
alcohol__1,alcohol,0-1 drink/day,10481,1314,100,20260924,"paired Rao-Wu n-1 PSU bootstrap within wave/stratum; sample SD, ddof=1",omitted separately per statistic; never endpoint-clamped,86.416666667778472,0.34690251429696251,100,85.813252118521461,86.980829190213313,5.9942196526567226,0.21779006099267684,100,5.5794302564140263,6.436789400690663,1.0495951417543437,0.0039514576974931702,100,1.0431782298616794,1.0579464883812832,1.3408122909138855,0.045509662962287235,100,1.2558415240311507,1.4379435414728619
physical_activity__0,physical_activity,No Activity,10935,1257,100,20260924,"paired Rao-Wu n-1 PSU bootstrap within wave/stratum; sample SD, ddof=1",omitted separately per statistic; never endpoint-clamped,79.242054726497244,0.47647894502972421,100,78.236651846556896,80.178547673036732,3.9544538583875877,0.15193915465752417,100,3.6803596111243073,4.2190650769627807,0.96245410602692305,0.0050753035032829385,100,0.95128858233316926,0.97206108856863616,0.88454888950022292,0.032405758757592537,100,0.82931447355148091,0.94464588335824584
physical_activity__1,physical_activity,Some Activity,23066,1034,100,20260924,"paired Rao-Wu n-1 PSU bootstrap within wave/stratum; sample SD, ddof=1",omitted separately per statistic; never endpoint-clamped,85.837984664358004,0.32338730789277859,100,85.199672589338462,86.413874131653543,5.3072037046587699,0.27668784671888597,68,5.0060745512401876,5.9941412873004953,1.0425666153967392,0.0040113715411230089,100,1.0357383198439836,1.0506682430638206,1.1871376709454233,0.058091528810788766,68,1.1287496800723125,1.3343105107741846
sleep_duration__0,sleep_duration,1-<5 hours,1990,248,100,20260924,"paired Rao-Wu n-1 PSU bootstrap within wave/stratum; sample SD, ddof=1",omitted separately per statistic; never endpoint-clamped,78.583177761627709,1.5269987896939627,100,74.894867006688557,80.483527782695091,3.5003119023644627,0.30730061013707027,100,3.0236616990587719,4.1291725012473401,0.95445155179743002,0.01829395556346549,100,0.91154491283913242,0.97899344239601416,0.78296450458606681,0.0697888316105858,100,0.67996574850673486,0.93079875724525152
sleep_duration__1,sleep_duration,5-<7 hours,11761,973,100,20260924,"paired Rao-Wu n-1 PSU bootstrap within wave/stratum; sample SD, ddof=1",omitted separately per statistic; never endpoint-clamped,82.549923156487495,0.53749456518475458,100,81.420450448209237,83.538677797886521,4.3187592631076201,0.16929285017067841,100,4.0119896033231379,4.6191216178896406,1.00263064566398,0.0059728176391086497,100,0.9898149297616412,1.0127603646357095,0.96603825635692164,0.034861437449836899,100,0.89944599126173308,1.0314694868095076
sleep_duration__2,sleep_duration,7-<9 hours,20866,1481,100,20260924,"paired Rao-Wu n-1 PSU bootstrap within wave/stratum; sample SD, ddof=1",omitted separately per statistic; never endpoint-clamped,84.190149914311604,0.3559242096773152,100,83.415072872553012,84.741919449244861,5.1451787954957657,0.19930226328445227,100,4.8865521215826737,5.6272829615478992,1.0225524281484411,0.0039929716856532318,100,1.0139154015659679,1.0308715917533415,1.1508952570486159,0.041176322964461373,100,1.093372799634647,1.2473884899624421
sleep_duration__3,sleep_duration,>=9 hours,4656,439,100,20260924,"paired Rao-Wu n-1 PSU bootstrap within wave/stratum; sample SD, ddof=1",omitted separately per statistic; never endpoint-clamped,77.666666667718047,0.82244463081726948,100,76.316189757484224,78.98402800515241,3.4608921193446509,0.24446398816939477,100,3.0965289043778599,3.9710445673533874,0.94331983810579079,0.009339513335696532,100,0.92813254666620371,0.96027981312435184,0.7741469215409249,0.053857183868731784,100,0.69615332424888032,0.88376813247060326
sleep_frailty__0,sleep_frailty,Q4 (highest),2833,439,100,20260924,"paired Rao-Wu n-1 PSU bootstrap within wave/stratum; sample SD, ddof=1",omitted separately per statistic; never endpoint-clamped,80.703329486900188,0.60156842878404737,100,79.316104403415508,81.779148662072799,3.7351651171705806,0.19637074181538317,100,3.4606943449431751,4.1194425659812719,0.98020238246974778,0.0066790819434932374,100,0.9646976637404846,0.99054342915706584,0.83549746053690799,0.043220165513963071,100,0.77908377594369027,0.92200066726130603
sleep_frailty__1,sleep_frailty,Q1 (lowest),2725,422,100,20260924,"paired Rao-Wu n-1 PSU bootstrap within wave/stratum; sample SD, ddof=1",omitted separately per statistic; never endpoint-clamped,83.646114426015828,0.73048051409160086,100,82.008097897497947,84.757074543971072,4.7369462109693234,0.23705467134328076,100,4.5420091632906949,5.3236261887402989,1.0159447096668612,0.0079298538300708286,100,0.99914757098079698,1.0274643993786767,1.0595800736548948,0.050055617021663071,100,1.0180955511356529,1.1854652814292219
church_frequency__0,church_frequency,never,2187,621,100,20260924,"paired Rao-Wu n-1 PSU bootstrap within wave/stratum; sample SD, ddof=1",omitted separately per statistic; never endpoint-clamped,79.333333336405275,0.87828400794131689,100,77.265555869293351,80.588793093445474,4.5700999042907116,0.22632917325021401,100,4.1756045027132505,5.0042647618512515,0.96356275311086892,0.0098398399460874111,100,0.94193610557660723,0.97819047984996643,1.022259189261024,0.050177305783175703,100,0.93193172130329349,1.1207699315576733
church_frequency__1,church_frequency,sometimes,1776,351,100,20260924,"paired Rao-Wu n-1 PSU bootstrap within wave/stratum; sample SD, ddof=1",omitted separately per statistic; never endpoint-clamped,83.339576211640733,0.70592853635736441,100,82.352008294821445,84.688621327660329,4.6030404776973564,0.39119901126928974,100,3.9118964907390312,5.4543436751757826,1.0122215734597328,0.0085480871687394298,100,1.0010460057452857,1.02920578368959,1.0296274754188068,0.088104663222513979,100,0.88182058235954663,1.2124831842817598
church_frequency__2,church_frequency,weekly,1689,415,100,20260924,"paired Rao-Wu n-1 PSU bootstrap within wave/stratum; sample SD, ddof=1",omitted separately per statistic; never endpoint-clamped,84.947562518041138,0.64915480456019281,100,83.487062781494416,85.972941838799841,5.2109911057065164,0.45706966864857662,100,4.4236091370856387,6.2414578990883731,1.0317517715139315,0.0070538450861881144,100,1.0167905663879058,1.042713518125896,1.1656164317030853,0.097586400446719415,100,0.99696378774553684,1.3742297527038621
education_level__0,education_level,no highschool,13984,2938,100,20260924,"paired Rao-Wu n-1 PSU bootstrap within wave/stratum; sample SD, ddof=1",omitted separately per statistic; never endpoint-clamped,79.583333334755878,0.43923079370456369,100,78.778031719189357,80.400414471936131,3.8343109598703706,0.095713350715282378,100,3.6911037304702101,4.0148490559448087,0.9665991903379163,0.004598385009335613,100,0.95725741670228204,0.97463088503927231,0.85767482009128704,0.01879089402911949,100,0.83064065019850364,0.9056752200383219
education_level__1,education_level,some college,25746,2444,100,20260924,"paired Rao-Wu n-1 PSU bootstrap within wave/stratum; sample SD, ddof=1",omitted separately per statistic; never endpoint-clamped,84.499999997565013,0.23062995348777382,100,84.166666665392526,84.992663284480201,5.199999998367737,0.12143883959824874,100,5.008330838335759,5.4375181254712199,1.0263157894836477,0.0026106302648560226,100,1.0230849819906189,1.0323361003044376,1.1631578945348555,0.024388351377502664,100,1.124056524284456,1.2127935888300156
