group,label,n,deaths,point_gap_Xc,point_gap_epsilon,point_gap_best_single,point_gap_best_single_vs_requested,high_p_competitive_Xc,high_p_competitive_epsilon,high_p_competitive_either,high_p_competitive_either_vs_requested,high_mcse_competitive_either,high_mcse_competitive_either_vs_requested,high_gap_Xc_q025,high_gap_Xc_median,high_gap_Xc_q975,high_gap_epsilon_q025,high_gap_epsilon_median,high_gap_epsilon_q975,high_gap_best_single_q025,high_gap_best_single_median,high_gap_best_single_q975,high_gap_best_single_vs_requested_q025,high_gap_best_single_vs_requested_median,high_gap_best_single_vs_requested_q975,tight_p_competitive_Xc,tight_p_competitive_epsilon,tight_p_competitive_either,tight_p_competitive_either_vs_requested,tight_mcse_competitive_either,tight_mcse_competitive_either_vs_requested,tight_gap_Xc_q025,tight_gap_Xc_median,tight_gap_Xc_q975,tight_gap_epsilon_q025,tight_gap_epsilon_median,tight_gap_epsilon_q975,tight_gap_best_single_q025,tight_gap_best_single_median,tight_gap_best_single_q975,tight_gap_best_single_vs_requested_q025,tight_gap_best_single_vs_requested_median,tight_gap_best_single_vs_requested_q975
alcohol__0,>4 drinks/day,4949,425,-1.6566007434012135,-1.6721715923667944,-1.6721715923667944,0.0,0.92,0.94,0.96,0.96,0.02771281292110205,0.02771281292110205,-1.871081967986413,-1.150226566652691,3.7671806196156448,-1.8925652051294264,-0.9316926178171343,5.966905654309193,-1.9081062020319224,-1.405260413214819,2.3262528411111782,0.0,0.0,2.3262528411111782,0.94,0.94,0.96,0.96,0.02771281292110205,0.02771281292110205,-2.4580962008421237,-1.2898295240370317,3.1632457289149656,-2.255456059750429,-1.3345209244944272,5.5774394940106005,-2.4580962008421237,-1.561509278339372,2.060953816585695,0.0,0.0,2.060953816585695
alcohol__1,0-1 drink/day,10481,1314,10.672371209031551,1.0788642925326712,1.0788642925326712,1.0788642925326712,0.04,0.48,0.48,0.48,0.07065408693062278,0.07065408693062278,2.074743021814402,12.56827974128737,33.33945933367544,-1.3147140708237202,2.409467819661586,15.42036301155353,-1.3147140708237202,2.409467819661586,15.42036301155353,0.0,2.409467819661586,15.42036301155353,0.04,0.46,0.46,0.46,0.07048404074682439,0.07048404074682439,2.407190731741321,12.977398162080135,36.290921445784114,-1.628401559607255,2.589892904394219,17.980628799397113,-1.628401559607255,2.589892904394219,17.980628799397113,0.0,2.589892904394219,17.980628799397113
church_frequency__0,never,2187,621,-0.8542534773059742,1.158890375689225,-0.8542534773059742,0.0,0.7,0.56,0.7,0.7,0.06480740698407861,0.06480740698407861,-1.8423084728051662,-0.3139289674495558,9.168316410332432,-1.6763313478127202,1.403848539180217,15.646965746826208,-1.8640659812925378,-0.4322282537928004,9.168316410332432,0.0,0.0,9.168316410332432,0.76,0.56,0.76,0.76,0.060398675482166,0.060398675482166,-2.251817791315716,-0.8669700651189487,9.281897361914798,-2.082031897319189,0.8631745911438884,15.026143350507867,-2.251817791315716,-0.9185702558884259,9.281897361914798,0.0,0.0,9.281897361914798
church_frequency__1,sometimes,1776,351,-1.859427090706504,-1.6436189157016088,-1.859427090706504,0.0,0.92,0.9,0.92,0.92,0.038366652186501746,0.038366652186501746,-1.9979848714245123,-1.2774112799497743,3.9029946817572045,-1.982644623861836,-1.3183290012868838,5.229975179907998,-1.9979848714245123,-1.399953631542303,3.9029946817572045,0.0,0.0,3.9029946817572045,0.94,0.9,0.94,0.94,0.03358571124749334,0.03358571124749334,-2.0877477742813424,-1.4727271348549493,3.838390319232346,-2.2425419430531064,-1.2651870590148064,5.153958359068119,-2.2451872334707446,-1.4806211759598682,3.838390319232346,0.0,0.16981203232467124,3.838390319232346
church_frequency__2,weekly,1689,415,-0.6364076023082816,-1.6852942643167808,-1.6852942643167808,0.0,0.66,0.88,0.88,0.88,0.04595650117230423,0.04595650117230423,-1.989448518134975,0.30327505353602646,9.499161036873588,-1.9229513449745013,-0.8009836197982168,5.7510262659816105,-1.989448518134975,-0.8009836197982168,5.7510262659816105,0.0,0.0,5.7510262659816105,0.68,0.88,0.88,0.88,0.04595650117230423,0.04595650117230423,-1.9530169129955084,0.051833897935466666,9.212899586481132,-1.971824338573549,-1.0117003375819422,5.585473055934625,-1.9753985555309896,-1.1456338375571704,5.585473055934625,0.0,0.0,5.585473055934625
diet__0,Poor,25916,1890,-1.975121105373546,-1.951723754646082,-1.975121105373546,1.8482940270951076,0.9,0.9,0.92,0.92,0.038366652186501746,0.038366652186501746,-1.9973276410234575,-1.5558098079491174,3.1915237127402163,-1.9850804961733046,-1.546225632480855,2.860076516746903,-1.9973276410234575,-1.6002209020098235,2.8136042336080203,0.0,1.763221998602603,2.8136042336080203,0.94,0.94,0.96,0.88,0.02771281292110205,0.04595650117230423,-2.0378226459673896,-1.3958143430936616,3.8644421889665845,-2.089857240852416,-1.2742380958243302,3.3402709456396202,-2.0931335900298107,-1.417105746901143,3.269881764697218,0.0,1.7450017376977485,3.2916990595135736
diet__1,Good,11042,1028,1.9024980712274555,-0.5712636898897472,-0.5712636898897472,0.0,0.5,0.86,0.86,0.86,0.04907137658554119,0.04907137658554119,-1.6523438995187463,1.9633998121607874,8.85286320381906,-1.888787761626054,-0.7396017465889599,4.7304600051742,-1.888787761626054,-0.7582269939857724,4.7304600051742,0.0,0.0,4.7304600051742,0.56,0.86,0.86,0.86,0.04907137658554119,0.04907137658554119,-2.092593323251049,1.2486306321443408,12.45734428072328,-1.9812269286674564,-0.671455824674922,7.436579957304048,-2.1560537243296496,-0.671455824674922,7.436579957304048,0.0,0.0,7.436579957304048
education_level__0,no highschool,13984,2938,10.146682694379706,4.382705616390012,4.382705616390012,4.3827056163863745,0.0,0.34,0.34,0.34,0.0669925368977769,0.0669925368977769,2.314446537310414,8.824880147534714,18.662925019719115,-0.629920672775097,3.272918081442185,9.647107578601299,-0.629920672775097,3.272918081442185,9.647107578601299,0.0,3.272918081442185,9.647107578601299,0.02,0.3,0.3,0.3,0.0648074069840786,0.0648074069840786,2.334888679296637,9.09764066029129,19.21778037104241,-0.9109075120187299,3.2675472568407713,10.585751941101716,-0.9109075120187299,3.2675472568407713,10.585751941101716,0.0,3.2675472568407713,10.585751941101716
education_level__1,some college,25746,2444,5.711291507992428,0.0864392414296162,0.0864392414296162,0.08643924142961623,0.16,0.76,0.76,0.76,0.060398675482166,0.060398675482166,0.04166733402653337,5.315108545762996,12.954118740186914,-1.6854027681122716,0.05224976403042092,4.254931510535424,-1.6854027681122716,0.05224976403042092,4.254931510535424,0.0,0.06398485726094805,4.254931510535424,0.14,0.74,0.74,0.74,0.06203224967708329,0.06203224967708329,0.14009156860283842,6.48126506051085,14.667198418940552,-1.9143460226804563,0.345537537286873,4.710386528933304,-1.9143460226804563,0.345537537286873,4.710386528933304,0.0,0.345537537286873,4.710386528933304
income__0,Q1 (Lowest),7560,584,5.000030788055483,1.1753106230007688,1.1753106230007688,1.1753106230007688,0.36,0.66,0.66,0.66,0.0669925368977769,0.0669925368977769,-0.852030489225217,3.8588678083206105,14.354814108081245,-1.6852942665493402,0.6287878216608078,8.827919394787749,-1.6852942665493402,0.6287878216608078,8.827919394787749,0.0,0.6287878216608078,8.827919394787749,0.36,0.66,0.66,0.66,0.0669925368977769,0.0669925368977769,-1.0762872484616537,3.8402041598305914,14.72090525795563,-1.7304692869062137,0.5734565465900232,8.64871154188986,-1.7304692869062137,0.5734565465900232,8.64871154188986,0.0,0.5734565465900232,8.64871154188986
income__1,Q2,7118,651,-1.378457552672444,-1.0729075587132684,-1.378457552672444,0.0,0.94,0.94,0.98,0.98,0.019798989873223337,0.019798989873223337,-1.7313551044862379,-1.157279030601785,2.1775617747172418,-1.7342300967617348,-1.1125739431354305,2.740016060584002,-1.784900144017024,-1.335578091196112,1.040718635007146,0.0,0.0,1.040718635007146,0.94,0.96,0.98,0.98,0.019798989873223337,0.019798989873223337,-2.0834535953547855,-1.3752694691361285,3.104100067261332,-1.9704129163706967,-1.2684069406377603,1.9964777008296992,-2.0834535953547855,-1.596429872466615,0.41433059038733916,0.0,0.0,0.41433059038733916
income__2,Q3,7142,468,-1.263870776031581,-1.728740185397328,-1.728740185397328,0.0,0.96,0.96,0.98,0.98,0.019798989873223337,0.019798989873223337,-1.9937441358600836,-1.4236150013066435,2.2333220425424765,-1.9486639583397847,-1.503340176474012,1.9435750901949156,-1.9937441358600836,-1.6662000853139034,1.6437978641237332,0.0,0.0,1.6942291821266038,0.94,0.98,0.98,0.98,0.019798989873223337,0.019798989873223337,-2.3194411389465133,-1.4950981003703419,2.453898726129977,-2.2364388857850144,-1.4546431917920017,1.6752959950015107,-2.3194411389465133,-1.6714740036431976,1.6752959950015107,0.0,0.0,1.6752959950015107
income__3,Q4 (Highest),7381,296,-0.5408335245178932,-0.9754575940114592,-0.9754575940114592,0.0,0.76,0.8,0.86,0.86,0.04907137658554119,0.04907137658554119,-1.6333799128218516,0.04657928553547208,8.220817532051262,-1.7735733467181944,-0.19719931448139505,5.166161203564582,-1.77614713749648,-0.7389004280455538,4.942162900096263,0.0,0.0,4.942162900096263,0.72,0.96,0.98,0.98,0.019798989873223337,0.019798989873223337,-3.3336327592617296,-0.7100789213372991,6.0028699257059195,-4.679648075305738,-1.8159629941044386,1.9490979354887707,-4.679648075305738,-2.0915682432969334,1.6082459770638249,0.0,0.0,1.6082459770638249
number_of_friends__0,0 friends,580,237,-1.730954891020701,-1.3354475490154982,-1.730954891020701,0.0,0.86,0.8,0.86,0.86,0.04907137658554119,0.04907137658554119,-1.875911646426573,-1.1825643517233857,8.378487502646664,-1.9302092901422327,-0.9899895055918932,10.399084627151101,-1.9391625594301503,-1.4211671851742267,8.378487502646664,0.0,0.0,8.378487502646664,0.86,0.8,0.86,0.86,0.04907137658554119,0.04907137658554119,-1.980939287506942,-1.2945480817621728,8.226063756235527,-1.9582823634721762,-1.1317305927492498,10.28163375670993,-1.9879566499500014,-1.4580001415183688,8.226063756235527,0.0,0.0,8.226063756235527
number_of_friends__1,1+ friends,12131,4598,-1.4966172422718955,-1.6269249673714512,-1.6269249673714512,1.6569903606068692,0.96,1.0,1.0,1.0,0.0,0.0,-1.9770849066038862,-0.41117736208980205,2.3358986933839323,-1.9632310523198613,-0.7968961884471355,1.6138533171888405,-1.9770849066038862,-0.7968961884471355,1.6138533171888405,0.0033850872519906273,1.2859728692492354,1.9652843548252348,0.96,1.0,1.0,0.98,0.0,0.019798989873223337,-2.011995709822622,-0.3707387145332177,2.036878177171274,-1.9769292178865725,-0.8306552189933427,1.0203922925329605,-2.014899430103651,-0.855218010758108,1.0203922925329605,0.0,0.9823354719992494,1.9506872598949485
physical_activity__0,No Activity,10935,1257,0.4728908428533032,-1.3374345224328863,-1.3374345224328863,0.0,0.76,0.94,0.96,0.96,0.02771281292110205,0.02771281292110205,-1.4535567013776927,0.11037182483232755,6.844428589390233,-1.6361522088317089,-0.9579707417615282,2.9107861583973316,-1.6361522088317089,-1.1874932188593448,2.5463115522795294,0.0,0.0,2.5463115522795294,0.8,0.96,0.96,0.96,0.02771281292110205,0.02771281292110205,-2.3425700861670067,-0.10408756025663024,6.557934309812481,-2.451929836203999,-1.4252889224953833,2.051028869465017,-2.454168790258245,-1.5943830925925795,2.051028869465017,0.0,0.0,2.051028869465017
physical_activity__1,Some Activity,23066,1034,-0.3863532931136433,2.436457018731744,-0.3863532931136433,0.0,0.62,0.34,0.62,0.62,0.06864400920692205,0.06864400920692205,-1.7048697328375055,0.769742659311305,15.478075933153557,-1.4108986157725212,3.598904413598575,22.242478361245727,-1.7048697328375055,0.769742659311305,15.478075933153557,0.0,0.769742659311305,15.478075933153557,0.68,0.44,0.68,0.68,0.06596969000988256,0.06596969000988256,-2.266404777009484,0.06937810530416755,13.620109003922646,-1.6948065420357579,3.232901008216686,20.038843202594574,-2.266404777009484,0.06937810530416755,13.620109003922646,0.0,0.09128792204683123,13.620109003922646
sleep_duration__0,1-<5 hours,1990,248,0.0333554104713584,-1.4674955538162069,-1.4674955538162069,0.0,0.7,0.92,0.92,0.92,0.038366652186501746,0.038366652186501746,-1.7517351826227583,0.5510308906955288,6.768577040674776,-1.9453434422351847,-0.9505301378899276,3.600765239551059,-1.9453434422351847,-1.0513319863878223,3.600765239551059,0.0,0.0,3.600765239551059,0.74,0.96,0.96,0.96,0.02771281292110205,0.02771281292110205,-1.941346238397068,0.26825047141301184,5.23157083681052,-1.9868722758061836,-1.098827566280761,2.27295446301706,-1.9868722758061836,-1.2606156097017447,2.27295446301706,0.0,0.0,2.27295446301706
sleep_duration__1,5-<7 hours,11761,973,0.8901262307535944,1.4933462053850235,0.8901262307535944,0.8901262307535944,0.6,0.52,0.6,0.6,0.06928203230275509,0.06928203230275509,-1.9452659577580107,1.3536926197448338,8.504269074131933,-1.9114220835525428,1.968648180357377,9.589910424727712,-1.9452659577580107,1.2773074658998667,8.504269074131933,0.0,1.8635123414915142,8.504269074131933,0.66,0.6,0.66,0.66,0.0669925368977769,0.0669925368977769,-1.999841575554956,0.7584988313401482,8.342096609449753,-1.9876194131401461,1.0199212322368112,9.870764841879554,-1.999844117166549,0.7584988313401482,8.342096609449753,0.0,1.6806773669195536,8.342096609449753
sleep_duration__2,7-<9 hours,20866,1481,1.9385294277290088,-0.6931593713434268,-0.6931593713434268,0.0,0.54,0.92,0.92,0.92,0.038366652186501746,0.038366652186501746,-1.4480138066038308,1.221750521177455,7.760736282639254,-1.7715223682474062,-0.8054085370649773,3.1672415257599362,-1.7715223682474062,-0.8054085370649773,3.1672415257599362,0.0,0.0,3.1672415257599362,0.5,0.88,0.88,0.88,0.04595650117230423,0.04595650117230423,-1.7999629874463152,2.0643592614542285,9.55306672795482,-2.1631619086421323,-0.7674819127460069,4.353137113136745,-2.1631619086421323,-0.7674819127460069,4.353137113136745,0.0,0.0,4.353137113136745
sleep_duration__3,>=9 hours,4656,439,-0.1390530680741903,-0.9793136851676536,-0.9793136851676536,0.0,0.86,0.92,0.92,0.92,0.038366652186501746,0.038366652186501746,-1.9634427157580376,-0.8868232954416726,4.764763161242138,-1.9281541774179458,-1.2736066694405963,2.8334700269625954,-1.9634427157580376,-1.5018318958004784,2.8334700269625954,0.0,0.0,2.8334700269625954,0.9,1.0,1.0,1.0,0.0,0.0,-2.4561647172442234,-1.5677517887663726,3.3466522305275475,-2.431029661895957,-1.8101732674315372,1.2447172935707727,-2.456525609200935,-1.9060026268512047,1.2447172935707727,0.0,0.0,1.2447172935707727
sleep_frailty__0,Q4 (highest),2833,439,1.3744010262007578,-0.2240638261437197,-0.2240638261437197,0.0,0.66,0.8,0.8,0.8,0.0565685424949238,0.0565685424949238,-1.766946447773023,0.8545813392720447,10.944147036410591,-1.8626057269383864,-0.5784637710348761,8.633680074073352,-1.8626057269383864,-0.5784637710348761,8.633680074073352,0.0,0.0,8.633680074073352,0.6,0.78,0.78,0.78,0.05858327406350723,0.05858327406350723,-1.6611271100092835,0.7686818536158171,10.918717911344899,-1.8862735251852427,-0.5394466318016384,8.79559851551513,-1.8862735251852427,-0.6297457523098728,8.79559851551513,0.0,0.0,8.79559851551513
sleep_frailty__1,Q1 (lowest),2725,422,-0.5939818136448594,-1.1656762542502292,-1.1656762542502292,0.0,0.84,0.94,0.94,0.94,0.03358571124749334,0.03358571124749334,-1.9927551414305753,-0.47377075004692415,3.343195454468616,-1.921504895111741,-1.0653025333106143,2.389832631064291,-1.9927551414305753,-1.0755171703267479,2.389832631064291,0.0,0.0,2.389832631064291,0.86,0.96,0.96,0.96,0.02771281292110205,0.02771281292110205,-2.299579925383307,-1.0658066852006414,3.3419986363314016,-2.223384028207829,-1.2978957373959474,2.06895054490933,-2.299579925383307,-1.437788507773348,2.06895054490933,0.0,0.0,2.075005246902583
