replicate,grid320,grid480,targeted640
1,17,19,19
2,19,20,19
3,21,20,20
4,17,16,17
5,16,17,17
6,19,18,19
7,18,18,18
8,17,18,17
9,14,15,15
10,19,19,19
11,17,19,18
12,20,18,19
13,18,19,19
14,20,20,20
15,19,18,19
16,17,19,18
17,18,18,18
18,18,19,18
19,21,20,21
20,18,19,19
21,18,19,19
22,20,21,20
23,19,19,19
24,16,18,17
25,18,18,17
26,18,19,18
27,20,20,20
28,21,21,21
29,17,18,18
30,19,20,19
31,20,21,21
32,21,20,20
33,20,22,20
34,21,21,21
35,17,17,17
36,20,20,20
37,22,23,22
38,15,15,15
39,22,22,21
40,20,20,20
41,21,20,21
42,16,17,16
43,20,20,20
44,20,20,20
45,20,21,21
46,20,21,20
47,16,16,16
48,23,23,23
49,20,20,19
50,19,19,19
