replicate,group,gap320,competitive320,gap480,competitive480,gap640,competitive640,matches320,matches480
1,education_level__1,2.010884009538131,False,1.7152988581365207,True,1.5993805759680981,True,False,True
1,sleep_duration__1,2.3557122271140543,False,1.4198855372178514,True,1.7876233976385265,True,False,True
2,sleep_duration__1,2.541829065448838,False,1.9894094050214337,True,2.847032455030785,False,True,False
3,church_frequency__0,1.7229743668358424,True,2.438853980980639,False,2.0860370594464257,False,False,True
4,sleep_duration__2,1.2290399073717708,True,2.5837810065040685,False,1.6814498987932893,True,True,False
5,sleep_duration__3,2.6788215640690396,False,1.2574927605992343,True,1.598181893913079,True,False,True
6,education_level__0,1.705458324184292,True,2.096701581180241,False,1.9556964009461808,True,True,False
8,physical_activity__0,2.7616129454363545,False,1.8402108599839264,True,2.4034378801006824,False,True,False
9,sleep_duration__3,2.129128026510898,False,1.9633911251903555,True,1.5261471039034404,True,False,True
11,diet__0,2.38822337115198,False,1.4841905390130703,True,1.741442809921864,True,False,True
11,income__3,2.1894206955189475,False,-0.1991245957428873,True,2.2292496461182054,False,True,False
12,education_level__1,1.0564911070396192,True,2.0011922409539693,False,1.6296061633511272,True,True,False
12,income__3,0.9840324880815388,True,2.0341938864007716,False,4.107875528488876,False,False,True
13,income__3,2.675610100694485,False,-0.6687853898815774,True,0.8449018876221999,True,False,True
13,physical_activity__0,0.9164553656992211,True,2.488082669220603,False,1.3977203212652967,True,True,False
13,physical_activity__1,3.767360316982376,False,0.3931306906961254,True,2.6062895795203076,False,True,False
15,diet__0,2.1607166172652796,False,1.165253132388898,True,1.7187704777461477,True,False,True
15,education_level__0,1.8191148819387308,True,2.3348462912144896,False,2.1260048195508716,False,False,True
15,physical_activity__0,1.8047178647393591,True,2.0690907447315112,False,1.98020091476792,True,True,False
16,physical_activity__0,3.3754169654330326,False,1.988815743547093,True,2.969159022661188,False,True,False
16,sleep_duration__0,2.895362863379887,False,1.875273122377166,True,2.2853285985938783,False,True,False
16,sleep_duration__1,1.2243697053345386,True,2.875283751725874,False,1.994807658948048,True,True,False
16,sleep_duration__3,3.3685850226793264,False,-0.0397375370857844,True,1.9983890392695685,True,False,True
18,church_frequency__0,4.669969859865887,False,1.121687892211412,True,2.94813472419537,False,True,False
18,education_level__0,2.221096301022044,False,1.6899353842127312,True,1.9576990606474283,True,False,True
18,physical_activity__1,1.97049089185748,True,3.536956111598556,False,3.6058884209887765,False,False,True
19,sleep_duration__2,0.6781737854871608,True,2.3982935625263053,False,1.2367027344898815,True,True,False
20,income__3,3.62783429395904,False,-5.646292210950378,True,1.0103077212056633,True,False,True
21,church_frequency__0,2.158381291013029,False,1.180941655915376,True,1.738367845720859,True,False,True
21,church_frequency__1,2.66763663153597,False,1.355953890094952,True,2.013671635083938,False,True,False
21,sleep_frailty__0,1.3138777897856926,True,2.101562677441052,False,1.7463798274802684,True,True,False
22,income__3,5.181229481232094,False,0.2423929035217042,True,4.560805842270838,False,True,False
24,education_level__0,2.8565323144612194,False,1.573745153935306,True,2.1394994221263914,False,True,False
24,income__2,2.2939349372772995,False,1.423801808569806,True,1.0131580423667401,True,False,True
25,church_frequency__0,2.7889861174899124,False,1.932415857225351,True,2.4120764235303795,False,True,False
25,income__2,1.926208423987191,True,2.5769953664730565,False,2.5237934594915714,False,False,True
26,education_level__0,1.7609981461937425,True,2.151509065348364,False,1.8998848283372354,True,True,False
26,sleep_duration__1,3.169965754283112,False,1.531390207912409,True,2.648575880952194,False,True,False
26,sleep_frailty__1,2.4676308439375134,False,1.7939883519106845,True,2.0330340885416263,False,True,False
28,education_level__0,2.231740761140827,False,1.7690675919038767,True,2.013738581994403,False,True,False
28,sleep_duration__1,1.1197844105336117,True,3.735425775974363,False,1.7541015200204129,True,True,False
29,sleep_duration__0,2.500172868179561,False,0.913277339761862,True,1.6480704872942624,True,False,True
30,income__3,2.0164708943189,False,-1.7280347064074704,True,3.105315151265586,False,True,False
31,sleep_duration__3,2.87836796780266,False,-0.4620578060034859,True,1.347399083188975,True,False,True
32,education_level__0,1.8778934758738617,True,2.632572812915896,False,2.213504010516772,False,False,True
33,physical_activity__1,4.9804197103767365,False,1.4802571240688849,True,3.493425884989847,False,True,False
33,sleep_frailty__0,2.16415816994504,False,1.648759669890751,True,2.0723584293682507,False,True,False
36,sleep_duration__1,6.2224548310532555,False,-1.275880605668135,True,3.8894936751203204,False,True,False
36,sleep_frailty__0,1.2636879873539328,True,2.198332697513706,False,1.6986107966758937,True,True,False
37,income__3,4.349386210847115,False,1.4437955131857052,True,4.182661114097755,False,True,False
39,alcohol__1,1.8103779952434709,True,2.5094160713906604,False,2.1081713230487367,False,False,True
39,church_frequency__0,2.014543015538038,False,1.7968947159224626,True,2.0274252003937363,False,True,False
41,education_level__0,1.2181927145647933,True,2.8715920687827747,False,1.9823645929500344,True,True,False
42,physical_activity__1,11.449178294124067,False,-0.2296062349996646,True,8.365069541447156,False,True,False
45,physical_activity__1,2.6764263943969127,False,0.3539945265347342,True,1.537200463577392,True,False,True
46,income__3,5.114259358265372,False,0.3185202382710486,True,5.060981246328083,False,True,False
47,education_level__1,1.9175307062687352,True,4.208586644152092,False,2.364155904862855,False,False,True
47,sleep_frailty__1,2.121861008945416,False,0.862301778885012,True,0.9497339985455255,True,False,True
49,sleep_duration__1,3.545820895324141,False,1.6833039864814054,True,2.801571127065472,False,True,False
49,sleep_frailty__1,1.6007829618620235,True,2.101011563402608,False,2.148942024653934,False,False,True
