group,label,n,deaths,best_pair_high,best_all_high,high_AIC_mex_only,high_AIC_Xc,high_AIC_epsilon,high_AIC_eta+beta,high_AIC_Xc+eta,high_AIC_Xc+beta,high_AIC_epsilon+beta,high_AIC_epsilon+eta,high_AIC_Xc+epsilon,high_delta_Xc_vs_best_pair,high_delta_Xc_vs_eta_beta,high_delta_Xc_vs_best_all,high_delta_epsilon_vs_best_pair,high_delta_epsilon_vs_eta_beta,high_delta_epsilon_vs_best_all,high_best_single_gap,high_single_competitive_best_pair,best_pair_tight,best_all_tight,tight_AIC_mex_only,tight_AIC_Xc,tight_AIC_epsilon,tight_AIC_eta+beta,tight_AIC_Xc+eta,tight_AIC_Xc+beta,tight_AIC_epsilon+beta,tight_AIC_epsilon+eta,tight_AIC_Xc+epsilon,tight_delta_Xc_vs_best_pair,tight_delta_Xc_vs_eta_beta,tight_delta_Xc_vs_best_all,tight_delta_epsilon_vs_best_pair,tight_delta_epsilon_vs_eta_beta,tight_delta_epsilon_vs_best_all,tight_best_single_gap,tight_single_competitive_best_pair
diet__0,Poor,25916,1890,Xc+eta,mex_only,18473.17836554797,18475.026659575065,18475.050056925793,18477.002532318227,18477.00178068044,18477.00704955423,18477.005699101755,18477.002625761754,18476.961138234863,-1.975121105373546,-1.9758727431617444,1.8482940270951076,-1.951723754646082,-1.9524753924342804,1.8716913778225717,-1.975121105373546,True,eta+beta,mex_only,18474.173414622524,18476.03888641211,18476.055164372694,18477.99770889528,18478.000001299144,18478.001572716803,18477.99872055758,18477.998336702232,18478.00873458721,-1.9588224831713887,-1.9588224831713887,1.8654717895842623,-1.942544522586104,-1.942544522586104,1.881749750169547,-1.9588224831713887,True
diet__1,Good,11042,1028,eta+beta,epsilon,9501.26004291381,9457.762811159644,9455.289049398527,9455.860313088417,9456.587943293625,9456.705543311957,9456.226005422961,9456.204799943866,9455.929450367516,1.9024980712274555,1.9024980712274555,2.4737617611172027,-0.5712636898897472,-0.5712636898897472,0.0,-0.5712636898897472,True,Xc+beta,epsilon,9501.158955586363,9462.318099403707,9460.759265649178,9462.06922902109,9461.821195358087,9461.818540388042,9461.927634978942,9461.932102510802,9462.08857456106,0.4995590156649996,0.24887038261658745,1.5588337545286777,-1.059274738863678,-1.3099633719120902,0.0,-1.059274738863678,True
number_of_friends__0,0 friends,580,237,Xc+beta,Xc,1867.749790546824,1865.6969212358895,1866.0924285778947,1867.4325019056691,1867.4555659313296,1867.4278761269102,1867.43382588355,1867.446609495989,1867.5593097545393,-1.7309548910207013,-1.7355806697796652,0.0,-1.3354475490154982,-1.340073327774462,0.3955073420052031,-1.7309548910207013,True,eta+beta,Xc,1867.7098786265153,1865.5322863994552,1865.9667453931627,1867.350899833404,1867.3806420411136,1867.381674778629,1867.3631121811195,1867.3651267122784,1867.3806546361711,-1.8186134339487126,-1.8186134339487126,0.0,-1.3841544402412183,-1.3841544402412183,0.4344589937074943,-1.8186134339487126,True
number_of_friends__1,1+ friends,12131,4598,eta+beta,mex_only,36730.67897316298,36732.46627124869,36732.33596352359,36733.96288849096,36734.080116380144,36734.10636999165,36734.03651651969,36734.02948119071,36733.97411437347,-1.4966172422718955,-1.4966172422718955,1.787298085706425,-1.6269249673714512,-1.6269249673714512,1.6569903606068692,-1.6269249673714512,True,eta+beta,mex_only,36730.33826802126,36731.99077846802,36731.79871254183,36733.310764614165,36733.455991110925,36733.488453921615,36733.40041662719,36733.39206636025,36733.32592449102,-1.31998614614713,-1.31998614614713,1.6525104467582423,-1.5120520723357913,-1.5120520723357913,1.460444520569581,-1.5120520723357913,True
income__0,Q1 (Lowest),7560,584,eta+beta,eta+beta,5779.875258854041,5755.041078838851,5751.216358673796,5750.041048050795,5750.714415802706,5750.836508801907,5750.526244048376,5750.48199719255,5750.12823899288,5.000030788055483,5.000030788055483,5.000030788055483,1.1753106230007688,1.1753106230007688,1.1753106230007688,1.1753106230007688,True,eta+beta,eta+beta,5781.415205832742,5755.403756845319,5751.658222890371,5750.3774680509005,5750.893808220184,5750.98201912771,5750.778507896765,5750.741313740815,5750.457979593111,5.026288794418178,5.026288794418178,5.026288794418178,1.280754839470319,1.280754839470319,1.280754839470319,1.280754839470319,True
income__1,Q2,7118,651,eta+beta,Xc,6036.307811495561,6013.626221787076,6013.931771781035,6015.004679339749,6015.59818804397,6015.578394479131,6015.321115770421,6015.356252767902,6015.620635666148,-1.3784575526724439,-1.3784575526724439,0.0,-1.0729075587132684,-1.0729075587132684,0.3055499939591755,-1.3784575526724439,True,eta+beta,Xc,6038.16352131354,6013.031872040584,6013.237825768683,6014.806355733259,6015.098089256576,6015.121882174907,6014.995341162693,6015.000091613881,6015.011481106941,-1.7744836926749485,-1.7744836926749485,0.0,-1.5685299645756459,-1.5685299645756459,0.20595372809930268,-1.7744836926749485,True
income__2,Q3,7142,468,eta+beta,epsilon,4599.579965362556,4589.004894754857,4588.540025345491,4590.268765530888,4590.281108054685,4590.286601325978,4590.270396642198,4590.269858333278,4590.26591332467,-1.263870776031581,-1.263870776031581,0.46486940936574683,-1.7287401853973279,-1.7287401853973279,0.0,-1.7287401853973279,True,Xc+beta,epsilon,4599.691937301053,4590.34685942341,4590.081337362613,4591.976618120789,4591.868834337948,4591.855881245114,4591.9186872829305,4591.921918508986,4591.975031055512,-1.5090218217037545,-1.6297586973787475,0.26552206079668395,-1.7745438825004385,-1.8952807581754314,0.0,-1.7745438825004385,True
income__3,Q4 (Highest),7381,296,eta+beta,epsilon,3365.5815788236546,3222.5516921666563,3222.1170680971627,3223.092525691174,3224.4228343816,3224.4611166667,3223.7900872508144,3223.8149175206618,3224.041519042227,-0.5408335245178932,-0.5408335245178932,0.4346240694935659,-0.9754575940114592,-0.9754575940114592,0.0,-0.9754575940114592,True,Xc+eta,epsilon,3364.86273731669,3225.2505310152665,3223.401171763532,3226.685075735008,3226.264059627825,3226.396882682306,3226.54618774408,3226.483167483851,3225.787232760645,-1.01352861255873,-1.4345447197415524,1.8493592517343131,-2.862887864293043,-3.2839039714758655,0.0,-2.862887864293043,True
alcohol__0,>4 drinks/day,4949,425,eta+beta,epsilon,4413.200393660235,4390.183053822488,4390.167482973522,4391.839654565889,4392.056396152487,4392.064275796976,4391.974865631209,4391.980677045167,4392.019848546544,-1.6566007434012135,-1.6566007434012135,0.015570848965580808,-1.6721715923667944,-1.6721715923667944,0.0,-1.6721715923667944,True,eta+beta,Xc,4414.216324486996,4389.367286437665,4389.544283282286,4391.044122159014,4391.382434835015,4391.394157159385,4391.225422067217,4391.236300855854,4391.31975497868,-1.6768357213486524,-1.6768357213486524,0.0,-1.4998388767271535,-1.4998388767271535,0.1769968446214989,-1.6768357213486524,True
alcohol__1,0-1 drink/day,10481,1314,eta+beta,eta+beta,11801.503927829395,11619.4409776897,11609.8474707732,11608.768606480668,11610.970374923978,11611.343829715044,11609.902929385915,11609.857455403771,11609.456230628513,10.672371209031553,10.672371209031553,10.672371209031553,1.0788642925326712,1.0788642925326712,1.0788642925326712,1.0788642925326712,True,eta+beta,eta+beta,11802.127033646657,11620.806195273019,11610.524943873292,11609.004507746942,11610.081361315111,11610.360572597352,11609.48037219129,11609.447445937189,11609.209331762946,11.801687526076421,11.801687526076421,11.801687526076421,1.520436126349523,1.520436126349523,1.520436126349523,1.520436126349523,True
physical_activity__0,No Activity,10935,1257,eta+beta,epsilon,11476.01285736244,11444.095508123013,11442.285182757727,11443.62261728016,11444.435204555233,11444.524964710781,11444.110396677639,11444.096684835258,11443.94406366042,0.4728908428533032,0.4728908428533032,1.8103253652861895,-1.3374345224328863,-1.3374345224328863,0.0,-1.3374345224328863,True,eta+beta,epsilon,11477.637737905914,11440.508955516938,11439.082674898973,11440.843149621427,11441.006526635669,11441.021465073045,11440.974445723383,11440.973430978825,11441.00336703092,-0.3341941044891428,-0.3341941044891428,1.4262806179649488,-1.7604747224540915,-1.7604747224540915,0.0,-1.7604747224540915,True
physical_activity__1,Some Activity,23066,1034,eta+beta,Xc,11206.18427414085,11106.816715315263,11109.639525627108,11107.203068608376,11107.27248631404,11107.249996620512,11107.239645270096,11107.25544116074,11107.455603347418,-0.3863532931136433,-0.3863532931136433,0.0,2.436457018731744,2.436457018731744,2.8228103118453873,-0.3863532931136433,True,eta+beta,Xc,11203.979781835857,11107.958925715318,11110.42137682403,11108.178312869044,11108.430340486571,11108.372869068475,11108.288989111494,11108.330999380527,11108.765933981893,-0.21938715372562,-0.21938715372562,0.0,2.2430639549857005,2.2430639549857005,2.4624511087113206,-0.21938715372562,True
sleep_duration__0,1-<5 hours,1990,248,eta+beta,epsilon,2315.4994416718196,2303.6066203871524,2302.105769422865,2303.573264976681,2303.605398071922,2303.587537432015,2303.6333154664803,2303.6313977191867,2303.615858814554,0.03335541047135848,0.03335541047135848,1.5008509642875651,-1.4674955538162067,-1.4674955538162067,0.0,-1.4674955538162067,True,eta+beta,epsilon,2316.4714215724057,2302.7435167467997,2301.3903560427834,2303.006926208623,2303.0752766298056,2303.10855229449,2303.0359120645508,2303.0330417924592,2303.0289517654546,-0.26340946182335756,-0.26340946182335756,1.353160704016318,-1.6165701658396756,-1.6165701658396756,0.0,-1.6165701658396756,True
sleep_duration__1,5-<7 hours,11761,973,eta+beta,Xc+epsilon,9598.51035259948,9598.293869017984,9598.897088992615,9597.40374278723,9597.446024019267,9597.467960234342,9597.437055210154,9597.427512840773,9597.331889594312,0.8901262307535944,0.8901262307535944,0.961979423671437,1.4933462053850235,1.4933462053850235,1.565199398302866,0.8901262307535944,True,eta+beta,Xc+epsilon,9597.212431565767,9597.298943414391,9597.847924485674,9596.496500186777,9596.607567272144,9596.678681126721,9596.585844929294,9596.557694732881,9596.383035056786,0.8024432276142761,0.8024432276142761,0.9159083576050762,1.3514242988967453,1.3514242988967453,1.4648894288875454,0.8024432276142761,True
sleep_duration__2,7-<9 hours,20866,1481,eta+beta,epsilon,14283.52332236794,14231.075860708908,14228.444171909836,14229.13733128118,14230.084927615706,14230.220071311425,14229.661363542175,14229.63547712629,14229.327017704247,1.9385294277290086,1.9385294277290086,2.6316887990724354,-0.6931593713434268,-0.6931593713434268,0.0,-0.6931593713434268,True,epsilon+eta,epsilon,14288.589964607563,14235.357105846022,14232.480930508298,14233.129998708655,14233.127237148901,14233.160587009681,14233.131658742179,14233.123203030525,14233.098087122802,2.233902815496549,2.2271071373670566,2.8761753377239074,-0.6422725222273584,-0.6490682003568509,0.0,-0.6422725222273584,True
sleep_duration__3,>=9 hours,4656,439,Xc+beta,epsilon,3898.9320752391277,3884.520455319455,3883.6801947023614,3885.6493891971477,3884.800445000159,3884.659508387529,3885.166909904205,3885.1946994635728,3885.423791804349,-0.13905306807419038,-1.1289338776928162,0.8402606170934632,-0.9793136851676536,-1.9691944947862794,0.0,-0.9793136851676536,True,eta+beta,epsilon,3898.6515945562523,3882.782467287221,3882.4434062178125,3884.7620500022103,3884.9275707618294,3884.9687099884295,3884.8762891565425,3884.867398342953,3884.713207248953,-1.979582714989192,-1.979582714989192,0.33906106940867176,-2.318643784397864,-2.318643784397864,0.0,-2.318643784397864,True
sleep_frailty__0,Q4 (highest),2833,439,eta+beta,epsilon,4120.9725099564885,4114.269062006275,4112.67059715393,4112.894660980074,4113.198711816842,4113.267161717076,4113.1081777320105,4113.084946360571,4112.919918811235,1.3744010262007578,1.3744010262007578,1.5984648523444775,-0.22406382614371978,-0.22406382614371978,0.0,-0.22406382614371978,True,eta+beta,eta+beta,4122.346385067378,4115.798271842325,4114.068441005708,4113.9252755352345,4114.163856318407,4114.216265662261,4114.104226113861,4114.083663698272,4113.933247221188,1.8729963070909434,1.8729963070909434,1.8729963070909434,0.1431654704738321,0.1431654704738321,0.1431654704738321,0.1431654704738321,True
sleep_frailty__1,Q1 (lowest),2725,422,Xc+beta,epsilon,3713.6294793014567,3710.0413271457737,3709.4696327051684,3711.122101953292,3710.708167774089,3710.6353089594186,3710.8473248641217,3710.868861169947,3711.0363962872834,-0.5939818136448594,-1.0807748075180825,0.5716944406053699,-1.1656762542502292,-1.6524692481234524,0.0,-1.1656762542502292,True,Xc+beta,epsilon,3713.471793644354,3710.6789180479204,3710.37060612783,3712.481457842492,3712.2382441667346,3712.19507157994,3712.352032662441,3712.358272739446,3712.419085452603,-1.5161535320194162,-1.8025397945716577,0.30831192009054575,-1.824465452109962,-2.1108517146622034,0.0,-1.824465452109962,True
church_frequency__0,never,2187,621,eta+beta,Xc,5236.321776665948,5220.331637379893,5222.344781232889,5221.185890857199,5221.217838914308,5221.1953438882965,5221.190916694713,5221.202380308562,5221.401370733907,-0.8542534773059742,-0.8542534773059742,0.0,1.158890375689225,1.158890375689225,2.0131438529951993,-0.8542534773059742,True,eta+beta,Xc,5236.659807372725,5219.9340948585805,5222.002198567307,5221.566923680664,5221.573254412055,5221.584691801154,5221.5740926122835,5221.567106768362,5221.454306084831,-1.6328288220838658,-1.6328288220838658,0.0,0.4352748866422189,0.4352748866422189,2.0681037087260847,-1.6328288220838658,True
church_frequency__1,sometimes,1776,351,epsilon+beta,Xc,3252.3951518165454,3250.5758426798093,3250.791650854814,3252.435345036026,3252.437593852614,3252.4407528514676,3252.435269770516,3252.435311579741,3252.3949792321027,-1.8594270907065038,-1.8595023562165807,0.0,-1.6436189157016088,-1.6436941812116856,0.21580817500489502,-1.8594270907065038,True,Xc+beta,Xc,3251.6484559075197,3250.1634971468484,3250.5373735084754,3251.667914791188,3251.646305743566,3251.616354780177,3251.640797618351,3251.655662970203,3251.807878445814,-1.4528576333286765,-1.50441764433981,0.0,-1.0789812717016503,-1.1305412827127839,0.3738763616270262,-1.4528576333286765,True
church_frequency__2,weekly,1689,415,eta+beta,epsilon,3560.8548059284626,3543.6452195774305,3542.596332915422,3544.2816271797387,3544.4374610840628,3544.46309100472,3544.368130466806,3544.364601024998,3544.334536826115,-0.6364076023082816,-0.6364076023082816,1.0488866620084991,-1.6852942643167808,-1.6852942643167808,0.0,-1.6852942643167808,True,eta+beta,epsilon,3560.270232064542,3543.38641737872,3542.501757635824,3544.2634895709157,3544.5725579698633,3544.608150433228,3544.4481735004,3544.4431789461705,3544.3937275620183,-0.8770721921955555,-0.8770721921955555,0.8846597428960195,-1.761731935091575,-1.761731935091575,0.0,-1.761731935091575,True
education_level__0,no highschool,13984,2938,eta+beta,eta+beta,24910.54273050208,24886.30761441243,24880.543637334442,24876.160931718052,24876.66378653587,24876.779342721406,24876.47248474633,24876.442973753445,24876.23526008441,10.146682694379706,10.146682694379706,10.146682694379706,4.382705616390012,4.382705616390012,4.382705616390012,4.382705616390012,False,eta+beta,eta+beta,24912.014575933328,24886.00707266318,24879.872742441643,24875.462707349943,24875.99447693733,24876.120405869733,24875.785746852445,24875.755071614956,24875.54245879674,10.544365313235176,10.544365313235176,10.544365313235176,4.410035091699683,4.410035091699683,4.410035091699683,4.410035091699683,False
education_level__1,some college,25746,2444,eta+beta,eta+beta,22937.892934044252,22838.05405914913,22832.429206882567,22832.342767641137,22833.823522671366,22834.052674902567,22833.171589360183,22833.135061373046,22832.79640016368,5.711291507992428,5.711291507992428,5.711291507992428,0.08643924142961623,0.08643924142961623,0.08643924142961623,0.08643924142961623,True,eta+beta,eta+beta,22943.129049585055,22843.215794021515,22837.0054132264,22836.75112891817,22837.18159400041,22837.30398795526,22836.9944751292,22836.972503522346,22836.854686003895,6.464665103343577,6.464665103343577,6.464665103343577,0.25428430823012604,0.25428430823012604,0.25428430823012604,0.25428430823012604,True
