candidate_id,label,curve,age,value,hmd_reference,ratio_to_hmd,top_0_01pct_lifespan,top_0_01pct_censored
HMD,Sweden 2019 HMD,hazard,65.0,0.008,,,,
HMD,Sweden 2019 HMD,hazard,66.0,0.00936,,,,
HMD,Sweden 2019 HMD,hazard,67.0,0.00929,,,,
HMD,Sweden 2019 HMD,hazard,68.0,0.0114,,,,
HMD,Sweden 2019 HMD,hazard,69.0,0.01177,,,,
HMD,Sweden 2019 HMD,hazard,70.0,0.01313,,,,
HMD,Sweden 2019 HMD,hazard,71.0,0.01401,,,,
HMD,Sweden 2019 HMD,hazard,72.0,0.01675,,,,
HMD,Sweden 2019 HMD,hazard,73.0,0.0181,,,,
HMD,Sweden 2019 HMD,hazard,74.0,0.02037,,,,
HMD,Sweden 2019 HMD,hazard,75.0,0.02293,,,,
HMD,Sweden 2019 HMD,hazard,76.0,0.02501,,,,
HMD,Sweden 2019 HMD,hazard,77.0,0.02782,,,,
HMD,Sweden 2019 HMD,hazard,78.0,0.03134,,,,
HMD,Sweden 2019 HMD,hazard,79.0,0.03612,,,,
HMD,Sweden 2019 HMD,hazard,80.0,0.04089,,,,
HMD,Sweden 2019 HMD,hazard,81.0,0.04512,,,,
HMD,Sweden 2019 HMD,hazard,82.0,0.05388,,,,
HMD,Sweden 2019 HMD,hazard,83.0,0.06085,,,,
HMD,Sweden 2019 HMD,hazard,84.0,0.06798,,,,
HMD,Sweden 2019 HMD,hazard,85.0,0.0784,,,,
HMD,Sweden 2019 HMD,hazard,86.0,0.09248,,,,
HMD,Sweden 2019 HMD,hazard,87.0,0.10344,,,,
HMD,Sweden 2019 HMD,hazard,88.0,0.1168,,,,
HMD,Sweden 2019 HMD,hazard,89.0,0.13126,,,,
HMD,Sweden 2019 HMD,hazard,90.0,0.15457,,,,
HMD,Sweden 2019 HMD,hazard,91.0,0.16941,,,,
HMD,Sweden 2019 HMD,hazard,92.0,0.19681,,,,
HMD,Sweden 2019 HMD,hazard,93.0,0.21975,,,,
HMD,Sweden 2019 HMD,hazard,94.0,0.241,,,,
HMD,Sweden 2019 HMD,hazard,95.0,0.26987,,,,
HMD,Sweden 2019 HMD,hazard,96.0,0.29935,,,,
HMD,Sweden 2019 HMD,hazard,97.0,0.33062,,,,
HMD,Sweden 2019 HMD,hazard,98.0,0.36349,,,,
HMD,Sweden 2019 HMD,hazard,99.0,0.39775,,,,
HMD,Sweden 2019 HMD,hazard,100.0,0.43311,,,,
HMD,Sweden 2019 HMD,hazard,101.0,0.46923,,,,
HMD,Sweden 2019 HMD,hazard,102.0,0.50576,,,,
HMD,Sweden 2019 HMD,hazard,103.0,0.54232,,,,
HMD,Sweden 2019 HMD,hazard,104.0,0.57851,,,,
HMD,Sweden 2019 HMD,hazard,105.0,0.61397,,,,
HMD,Sweden 2019 HMD,hazard,106.0,0.64834,,,,
HMD,Sweden 2019 HMD,hazard,107.0,0.68131,,,,
HMD,Sweden 2019 HMD,hazard,108.0,0.71264,,,,
HMD,Sweden 2019 HMD,hazard,109.0,0.74212,,,,
HMD,Sweden 2019 HMD,hazard,110.0,0.76961,,,,
HMD,Sweden 2019 HMD,conditional_survival_from90,90.0,1.0,,,,
HMD,Sweden 2019 HMD,conditional_survival_from90,91.0,0.8565294266228847,,,,
HMD,Sweden 2019 HMD,conditional_survival_from90,92.0,0.7227519575650417,,,,
HMD,Sweden 2019 HMD,conditional_survival_from90,93.0,0.5932685021470069,,,,
HMD,Sweden 2019 HMD,conditional_survival_from90,94.0,0.4757830260166708,,,,
HMD,Sweden 2019 HMD,conditional_survival_from90,95.0,0.3734528921444809,,,,
HMD,Sweden 2019 HMD,conditional_survival_from90,96.0,0.284667845415509,,,,
HMD,Sweden 2019 HMD,conditional_survival_from90,97.0,0.2105329628694114,,,,
HMD,Sweden 2019 HMD,conditional_survival_from90,98.0,0.1507956554685526,,,,
HMD,Sweden 2019 HMD,conditional_survival_from90,99.0,0.104413993432685,,,,
HMD,Sweden 2019 HMD,conditional_survival_from90,100.0,0.0697777216468805,,,,
HMD,Sweden 2019 HMD,conditional_survival_from90,101.0,0.0449292750694619,,,,
HMD,Sweden 2019 HMD,conditional_survival_from90,102.0,0.0278479413993432,,,,
HMD,Sweden 2019 HMD,conditional_survival_from90,103.0,0.0166077292245516,,,,
HMD,Sweden 2019 HMD,conditional_survival_from90,104.0,0.0095352361707501,,,,
HMD,Sweden 2019 HMD,conditional_survival_from90,105.0,0.0052412225309421,,,,
HMD,Sweden 2019 HMD,conditional_survival_from90,106.0,0.0027784794139934,,,,
HMD,Sweden 2019 HMD,conditional_survival_from90,107.0,0.0014208133367011,,,,
HMD,Sweden 2019 HMD,conditional_survival_from90,108.0,0.0006946198534983,,,,
HMD,Sweden 2019 HMD,conditional_survival_from90,109.0,0.0003473099267491,,,,
HMD,Sweden 2019 HMD,conditional_survival_from90,110.0,0.0001578681485223,,,,
profile_tau_sd_0.000,profile $\sigma_v=0.000$,hazard,65.0,0.0072121421564734,,,,
profile_tau_sd_0.000,profile $\sigma_v=0.000$,hazard,66.0,0.0088267554534421,,,,
profile_tau_sd_0.000,profile $\sigma_v=0.000$,hazard,67.0,0.0094220248291643,,,,
profile_tau_sd_0.000,profile $\sigma_v=0.000$,hazard,68.0,0.0110982159011177,,,,
profile_tau_sd_0.000,profile $\sigma_v=0.000$,hazard,69.0,0.0127405177496292,,,,
profile_tau_sd_0.000,profile $\sigma_v=0.000$,hazard,70.0,0.0142765761124917,,,,
profile_tau_sd_0.000,profile $\sigma_v=0.000$,hazard,71.0,0.0165731432271509,,,,
profile_tau_sd_0.000,profile $\sigma_v=0.000$,hazard,72.0,0.0190873886227453,,,,
profile_tau_sd_0.000,profile $\sigma_v=0.000$,hazard,73.0,0.0216369746010608,,,,
profile_tau_sd_0.000,profile $\sigma_v=0.000$,hazard,74.0,0.0248181471074865,,,,
profile_tau_sd_0.000,profile $\sigma_v=0.000$,hazard,75.0,0.029316222984321,,,,
profile_tau_sd_0.000,profile $\sigma_v=0.000$,hazard,76.0,0.0332934451585133,,,,
profile_tau_sd_0.000,profile $\sigma_v=0.000$,hazard,77.0,0.0377889377079901,,,,
profile_tau_sd_0.000,profile $\sigma_v=0.000$,hazard,78.0,0.0422239728246902,,,,
profile_tau_sd_0.000,profile $\sigma_v=0.000$,hazard,79.0,0.0491076058362388,,,,
profile_tau_sd_0.000,profile $\sigma_v=0.000$,hazard,80.0,0.0530539853502147,,,,
profile_tau_sd_0.000,profile $\sigma_v=0.000$,hazard,81.0,0.0619813535361094,,,,
profile_tau_sd_0.000,profile $\sigma_v=0.000$,hazard,82.0,0.0695845921319087,,,,
profile_tau_sd_0.000,profile $\sigma_v=0.000$,hazard,83.0,0.0745314247413711,,,,
profile_tau_sd_0.000,profile $\sigma_v=0.000$,hazard,84.0,0.0853669157125757,,,,
profile_tau_sd_0.000,profile $\sigma_v=0.000$,hazard,85.0,0.0970589604912154,,,,
profile_tau_sd_0.000,profile $\sigma_v=0.000$,hazard,86.0,0.1050586810936122,,,,
profile_tau_sd_0.000,profile $\sigma_v=0.000$,hazard,87.0,0.1196365555225751,,,,
profile_tau_sd_0.000,profile $\sigma_v=0.000$,hazard,88.0,0.1300897213521843,,,,
profile_tau_sd_0.000,profile $\sigma_v=0.000$,hazard,89.0,0.1495119771119239,,,,
profile_tau_sd_0.000,profile $\sigma_v=0.000$,hazard,90.0,0.1611833266156119,,,,
profile_tau_sd_0.000,profile $\sigma_v=0.000$,hazard,91.0,0.1834418419017685,,,,
profile_tau_sd_0.000,profile $\sigma_v=0.000$,hazard,92.0,0.2054054706404136,,,,
profile_tau_sd_0.000,profile $\sigma_v=0.000$,hazard,93.0,0.2227571507355681,,,,
profile_tau_sd_0.000,profile $\sigma_v=0.000$,hazard,94.0,0.2352985326678425,,,,
profile_tau_sd_0.000,profile $\sigma_v=0.000$,hazard,95.0,0.2646852554956349,,,,
profile_tau_sd_0.000,profile $\sigma_v=0.000$,hazard,96.0,0.2711951133710704,,,,
profile_tau_sd_0.000,profile $\sigma_v=0.000$,hazard,97.0,0.3104251099422264,,,,
profile_tau_sd_0.000,profile $\sigma_v=0.000$,hazard,98.0,0.3359072199020521,,,,
profile_tau_sd_0.000,profile $\sigma_v=0.000$,hazard,99.0,0.3556954384754678,,,,
profile_tau_sd_0.000,profile $\sigma_v=0.000$,hazard,100.0,0.4171177482009806,,,,
profile_tau_sd_0.000,profile $\sigma_v=0.000$,conditional_survival_from90,90.0,1.0,,,,
profile_tau_sd_0.000,profile $\sigma_v=0.000$,conditional_survival_from90,91.0,0.8396796067202364,,,,
profile_tau_sd_0.000,profile $\sigma_v=0.000$,conditional_survival_from90,92.0,0.6926648373923027,,,,
profile_tau_sd_0.000,profile $\sigma_v=0.000$,conditional_survival_from90,93.0,0.5598475699526749,,,,
profile_tau_sd_0.000,profile $\sigma_v=0.000$,conditional_survival_from90,94.0,0.4441466776480024,,,,
profile_tau_sd_0.000,profile $\sigma_v=0.000$,conditional_survival_from90,95.0,0.3435778387535896,,,,
profile_tau_sd_0.000,profile $\sigma_v=0.000$,conditional_survival_from90,96.0,0.2596346287611429,,,,
profile_tau_sd_0.000,profile $\sigma_v=0.000$,conditional_survival_from90,97.0,0.1918092320034821,,,,
profile_tau_sd_0.000,profile $\sigma_v=0.000$,conditional_survival_from90,98.0,0.1372595876878171,,,,
profile_tau_sd_0.000,profile $\sigma_v=0.000$,conditional_survival_from90,99.0,0.095456543354229,,,,
profile_tau_sd_0.000,profile $\sigma_v=0.000$,conditional_survival_from90,100.0,0.064215211426279,,,,
profile_tau_sd_0.000,profile $\sigma_v=0.000$,conditional_survival_from90,101.0,0.041990808109688,,,,
profile_tau_sd_0.000,profile $\sigma_v=0.000$,conditional_survival_from90,102.0,0.0262399877100072,,,,
profile_tau_sd_0.000,profile $\sigma_v=0.000$,conditional_survival_from90,103.0,0.0156569385116308,,,,
profile_tau_sd_0.000,profile $\sigma_v=0.000$,conditional_survival_from90,104.0,0.0091065431408611,,,,
profile_tau_sd_0.000,profile $\sigma_v=0.000$,conditional_survival_from90,105.0,0.0051720385598517,,,,
profile_tau_sd_0.000,profile $\sigma_v=0.000$,conditional_survival_from90,106.0,0.0027097726778103,,,,
profile_tau_sd_0.000,profile $\sigma_v=0.000$,conditional_survival_from90,107.0,0.0013442179425355,,,,
profile_tau_sd_0.000,profile $\sigma_v=0.000$,conditional_survival_from90,108.0,0.0006699752919938,,,,
profile_tau_sd_0.000,profile $\sigma_v=0.000$,conditional_survival_from90,109.0,0.0002816456641503,,,,
profile_tau_sd_0.000,profile $\sigma_v=0.000$,conditional_survival_from90,110.0,0.0001450901906228,,,,
profile_tau_sd_0.000,profile $\sigma_v=0.000$,tail_metric,100.0,0.064215211426279,0.0697777216468805,0.920282432711814,108.62637362637356,False
profile_tau_sd_0.000,profile $\sigma_v=0.000$,tail_metric,105.0,0.0051720385598517,0.0052412225309421,0.9868000317326876,108.62637362637356,False
profile_tau_sd_0.000,profile $\sigma_v=0.000$,tail_metric,110.0,0.0001450901906228,0.0001578681485223,0.9190593034811564,108.62637362637356,False
profile_tau_sd_0.025,profile $\sigma_v=0.025$,hazard,65.0,0.0080828201556241,,,,
profile_tau_sd_0.025,profile $\sigma_v=0.025$,hazard,66.0,0.0098063465449045,,,,
profile_tau_sd_0.025,profile $\sigma_v=0.025$,hazard,67.0,0.0113200580595165,,,,
profile_tau_sd_0.025,profile $\sigma_v=0.025$,hazard,68.0,0.0126821237972112,,,,
profile_tau_sd_0.025,profile $\sigma_v=0.025$,hazard,69.0,0.0139929389477309,,,,
profile_tau_sd_0.025,profile $\sigma_v=0.025$,hazard,70.0,0.0159272658691917,,,,
profile_tau_sd_0.025,profile $\sigma_v=0.025$,hazard,71.0,0.0186322327099196,,,,
profile_tau_sd_0.025,profile $\sigma_v=0.025$,hazard,72.0,0.0217348797726123,,,,
profile_tau_sd_0.025,profile $\sigma_v=0.025$,hazard,73.0,0.0232638059537794,,,,
profile_tau_sd_0.025,profile $\sigma_v=0.025$,hazard,74.0,0.0258581598733824,,,,
profile_tau_sd_0.025,profile $\sigma_v=0.025$,hazard,75.0,0.0299705048096686,,,,
profile_tau_sd_0.025,profile $\sigma_v=0.025$,hazard,76.0,0.0336783820587038,,,,
profile_tau_sd_0.025,profile $\sigma_v=0.025$,hazard,77.0,0.0389808889182116,,,,
profile_tau_sd_0.025,profile $\sigma_v=0.025$,hazard,78.0,0.0416571330511383,,,,
profile_tau_sd_0.025,profile $\sigma_v=0.025$,hazard,79.0,0.0480546324187049,,,,
profile_tau_sd_0.025,profile $\sigma_v=0.025$,hazard,80.0,0.053735531833898,,,,
profile_tau_sd_0.025,profile $\sigma_v=0.025$,hazard,81.0,0.0595352953309956,,,,
profile_tau_sd_0.025,profile $\sigma_v=0.025$,hazard,82.0,0.0650931395303514,,,,
profile_tau_sd_0.025,profile $\sigma_v=0.025$,hazard,83.0,0.0722573829641297,,,,
profile_tau_sd_0.025,profile $\sigma_v=0.025$,hazard,84.0,0.0837007298670804,,,,
profile_tau_sd_0.025,profile $\sigma_v=0.025$,hazard,85.0,0.0909400118150409,,,,
profile_tau_sd_0.025,profile $\sigma_v=0.025$,hazard,86.0,0.1016801361646784,,,,
profile_tau_sd_0.025,profile $\sigma_v=0.025$,hazard,87.0,0.1103198948290972,,,,
profile_tau_sd_0.025,profile $\sigma_v=0.025$,hazard,88.0,0.1222825668877025,,,,
profile_tau_sd_0.025,profile $\sigma_v=0.025$,hazard,89.0,0.1315043169548137,,,,
profile_tau_sd_0.025,profile $\sigma_v=0.025$,hazard,90.0,0.1531358990383646,,,,
profile_tau_sd_0.025,profile $\sigma_v=0.025$,hazard,91.0,0.1637344836030062,,,,
profile_tau_sd_0.025,profile $\sigma_v=0.025$,hazard,92.0,0.1808668654582816,,,,
profile_tau_sd_0.025,profile $\sigma_v=0.025$,hazard,93.0,0.1929364278506559,,,,
profile_tau_sd_0.025,profile $\sigma_v=0.025$,hazard,94.0,0.2088161312935549,,,,
profile_tau_sd_0.025,profile $\sigma_v=0.025$,hazard,95.0,0.2299039329994252,,,,
profile_tau_sd_0.025,profile $\sigma_v=0.025$,hazard,96.0,0.2406532015470562,,,,
profile_tau_sd_0.025,profile $\sigma_v=0.025$,hazard,97.0,0.2722834991470026,,,,
profile_tau_sd_0.025,profile $\sigma_v=0.025$,hazard,98.0,0.2909415439535921,,,,
profile_tau_sd_0.025,profile $\sigma_v=0.025$,hazard,99.0,0.3059931196813326,,,,
profile_tau_sd_0.025,profile $\sigma_v=0.025$,hazard,100.0,0.3143000250438266,,,,
profile_tau_sd_0.025,profile $\sigma_v=0.025$,conditional_survival_from90,90.0,1.0,,,,
profile_tau_sd_0.025,profile $\sigma_v=0.025$,conditional_survival_from90,91.0,0.8553008185343364,,,,
profile_tau_sd_0.025,profile $\sigma_v=0.025$,conditional_survival_from90,92.0,0.720027680300716,,,,
profile_tau_sd_0.025,profile $\sigma_v=0.025$,conditional_survival_from90,93.0,0.5969363312136337,,,,
profile_tau_sd_0.025,profile $\sigma_v=0.025$,conditional_survival_from90,94.0,0.4861373286871921,,,,
profile_tau_sd_0.025,profile $\sigma_v=0.025$,conditional_survival_from90,95.0,0.3897844949368801,,,,
profile_tau_sd_0.025,profile $\sigma_v=0.025$,conditional_survival_from90,96.0,0.3068705290786471,,,,
profile_tau_sd_0.025,profile $\sigma_v=0.025$,conditional_survival_from90,97.0,0.2358189642817655,,,,
profile_tau_sd_0.025,profile $\sigma_v=0.025$,conditional_survival_from90,98.0,0.1781857937817596,,,,
profile_tau_sd_0.025,profile $\sigma_v=0.025$,conditional_survival_from90,99.0,0.1315387544683623,,,,
profile_tau_sd_0.025,profile $\sigma_v=0.025$,conditional_survival_from90,100.0,0.0950179553429942,,,,
profile_tau_sd_0.025,profile $\sigma_v=0.025$,conditional_survival_from90,101.0,0.0671247292367033,,,,
profile_tau_sd_0.025,profile $\sigma_v=0.025$,conditional_survival_from90,102.0,0.0466224709991524,,,,
profile_tau_sd_0.025,profile $\sigma_v=0.025$,conditional_survival_from90,103.0,0.0317873039141417,,,,
profile_tau_sd_0.025,profile $\sigma_v=0.025$,conditional_survival_from90,104.0,0.0207929832894517,,,,
profile_tau_sd_0.025,profile $\sigma_v=0.025$,conditional_survival_from90,105.0,0.0129966382356675,,,,
profile_tau_sd_0.025,profile $\sigma_v=0.025$,conditional_survival_from90,106.0,0.0079969862867858,,,,
profile_tau_sd_0.025,profile $\sigma_v=0.025$,conditional_survival_from90,107.0,0.0048153895920429,,,,
profile_tau_sd_0.025,profile $\sigma_v=0.025$,conditional_survival_from90,108.0,0.0027352723192898,,,,
profile_tau_sd_0.025,profile $\sigma_v=0.025$,conditional_survival_from90,109.0,0.0015559932355243,,,,
profile_tau_sd_0.025,profile $\sigma_v=0.025$,conditional_survival_from90,110.0,0.0008598909985793,,,,
profile_tau_sd_0.025,profile $\sigma_v=0.025$,tail_metric,100.0,0.0950179553429942,0.0697777216468805,1.3617233853499158,111.08163265306112,False
profile_tau_sd_0.025,profile $\sigma_v=0.025$,tail_metric,105.0,0.0129966382356675,0.0052412225309421,2.4796959409642234,111.08163265306112,False
profile_tau_sd_0.025,profile $\sigma_v=0.025$,tail_metric,110.0,0.0008598909985793,0.0001578681485223,5.446893541400784,111.08163265306112,False
profile_tau_sd_0.050,profile $\sigma_v=0.050$,hazard,65.0,0.0101035670174182,,,,
profile_tau_sd_0.050,profile $\sigma_v=0.050$,hazard,66.0,0.0113573837880513,,,,
profile_tau_sd_0.050,profile $\sigma_v=0.050$,hazard,67.0,0.0128328735816884,,,,
profile_tau_sd_0.050,profile $\sigma_v=0.050$,hazard,68.0,0.0145910765952344,,,,
profile_tau_sd_0.050,profile $\sigma_v=0.050$,hazard,69.0,0.0164829042992238,,,,
profile_tau_sd_0.050,profile $\sigma_v=0.050$,hazard,70.0,0.0183199002985898,,,,
profile_tau_sd_0.050,profile $\sigma_v=0.050$,hazard,71.0,0.0212016999518251,,,,
profile_tau_sd_0.050,profile $\sigma_v=0.050$,hazard,72.0,0.0239653435520419,,,,
profile_tau_sd_0.050,profile $\sigma_v=0.050$,hazard,73.0,0.026992698080978,,,,
profile_tau_sd_0.050,profile $\sigma_v=0.050$,hazard,74.0,0.0303336573558475,,,,
profile_tau_sd_0.050,profile $\sigma_v=0.050$,hazard,75.0,0.0346344174371328,,,,
profile_tau_sd_0.050,profile $\sigma_v=0.050$,hazard,76.0,0.0377425073265678,,,,
profile_tau_sd_0.050,profile $\sigma_v=0.050$,hazard,77.0,0.0432943918192685,,,,
profile_tau_sd_0.050,profile $\sigma_v=0.050$,hazard,78.0,0.0481899477090997,,,,
profile_tau_sd_0.050,profile $\sigma_v=0.050$,hazard,79.0,0.0542192460160778,,,,
profile_tau_sd_0.050,profile $\sigma_v=0.050$,hazard,80.0,0.0597732324809649,,,,
profile_tau_sd_0.050,profile $\sigma_v=0.050$,hazard,81.0,0.0660984333605189,,,,
profile_tau_sd_0.050,profile $\sigma_v=0.050$,hazard,82.0,0.0737133003688519,,,,
profile_tau_sd_0.050,profile $\sigma_v=0.050$,hazard,83.0,0.0786420186564329,,,,
profile_tau_sd_0.050,profile $\sigma_v=0.050$,hazard,84.0,0.0887089213405895,,,,
profile_tau_sd_0.050,profile $\sigma_v=0.050$,hazard,85.0,0.0952106174264281,,,,
profile_tau_sd_0.050,profile $\sigma_v=0.050$,hazard,86.0,0.1043882476163738,,,,
profile_tau_sd_0.050,profile $\sigma_v=0.050$,hazard,87.0,0.1135316473231225,,,,
profile_tau_sd_0.050,profile $\sigma_v=0.050$,hazard,88.0,0.1224207820706891,,,,
profile_tau_sd_0.050,profile $\sigma_v=0.050$,hazard,89.0,0.1326276271655845,,,,
profile_tau_sd_0.050,profile $\sigma_v=0.050$,hazard,90.0,0.1436410516340877,,,,
profile_tau_sd_0.050,profile $\sigma_v=0.050$,hazard,91.0,0.152189123074016,,,,
profile_tau_sd_0.050,profile $\sigma_v=0.050$,hazard,92.0,0.1656779914914015,,,,
profile_tau_sd_0.050,profile $\sigma_v=0.050$,hazard,93.0,0.171504145394559,,,,
profile_tau_sd_0.050,profile $\sigma_v=0.050$,hazard,94.0,0.1843970421418032,,,,
profile_tau_sd_0.050,profile $\sigma_v=0.050$,hazard,95.0,0.2013408952386855,,,,
profile_tau_sd_0.050,profile $\sigma_v=0.050$,hazard,96.0,0.2181184580360435,,,,
profile_tau_sd_0.050,profile $\sigma_v=0.050$,hazard,97.0,0.2273448407158268,,,,
profile_tau_sd_0.050,profile $\sigma_v=0.050$,hazard,98.0,0.2248842359573183,,,,
profile_tau_sd_0.050,profile $\sigma_v=0.050$,hazard,99.0,0.2502695210226398,,,,
profile_tau_sd_0.050,profile $\sigma_v=0.050$,hazard,100.0,0.2529920212765957,,,,
profile_tau_sd_0.050,profile $\sigma_v=0.050$,conditional_survival_from90,90.0,1.0,,,,
profile_tau_sd_0.050,profile $\sigma_v=0.050$,conditional_survival_from90,91.0,0.8622834554121616,,,,
profile_tau_sd_0.050,profile $\sigma_v=0.050$,conditional_survival_from90,92.0,0.7339262876409719,,,,
profile_tau_sd_0.050,profile $\sigma_v=0.050$,conditional_survival_from90,93.0,0.6181123840698307,,,,
profile_tau_sd_0.050,profile $\sigma_v=0.050$,conditional_survival_from90,94.0,0.5146315723574182,,,,
profile_tau_sd_0.050,profile $\sigma_v=0.050$,conditional_survival_from90,95.0,0.4241546152951805,,,,
profile_tau_sd_0.050,profile $\sigma_v=0.050$,conditional_survival_from90,96.0,0.3439313854381869,,,,
profile_tau_sd_0.050,profile $\sigma_v=0.050$,conditional_survival_from90,97.0,0.2754554479353919,,,,
profile_tau_sd_0.050,profile $\sigma_v=0.050$,conditional_survival_from90,98.0,0.2171169720873242,,,,
profile_tau_sd_0.050,profile $\sigma_v=0.050$,conditional_survival_from90,99.0,0.1698505540500657,,,,
profile_tau_sd_0.050,profile $\sigma_v=0.050$,conditional_survival_from90,100.0,0.1311072952161197,,,,
profile_tau_sd_0.050,profile $\sigma_v=0.050$,conditional_survival_from90,101.0,0.0996842943128257,,,,
profile_tau_sd_0.050,profile $\sigma_v=0.050$,conditional_survival_from90,102.0,0.0749510343162245,,,,
profile_tau_sd_0.050,profile $\sigma_v=0.050$,conditional_survival_from90,103.0,0.0550696251777519,,,,
profile_tau_sd_0.050,profile $\sigma_v=0.050$,conditional_survival_from90,104.0,0.0399595753624357,,,,
profile_tau_sd_0.050,profile $\sigma_v=0.050$,conditional_survival_from90,105.0,0.0286102689311619,,,,
profile_tau_sd_0.050,profile $\sigma_v=0.050$,conditional_survival_from90,106.0,0.0201720730147659,,,,
profile_tau_sd_0.050,profile $\sigma_v=0.050$,conditional_survival_from90,107.0,0.0140368293490023,,,,
profile_tau_sd_0.050,profile $\sigma_v=0.050$,conditional_survival_from90,108.0,0.009372792072478,,,,
profile_tau_sd_0.050,profile $\sigma_v=0.050$,conditional_survival_from90,109.0,0.0064572098056576,,,,
profile_tau_sd_0.050,profile $\sigma_v=0.050$,conditional_survival_from90,110.0,0.0041989750744547,,,,
profile_tau_sd_0.050,profile $\sigma_v=0.050$,tail_metric,100.0,0.1311072952161197,0.0697777216468805,1.8789277167805172,114.96666666666736,False
profile_tau_sd_0.050,profile $\sigma_v=0.050$,tail_metric,105.0,0.0286102689311619,0.0052412225309421,5.458701431251568,114.96666666666736,False
profile_tau_sd_0.050,profile $\sigma_v=0.050$,tail_metric,110.0,0.0041989750744547,0.0001578681485223,26.597987711626317,114.96666666666736,False
profile_tau_sd_0.075,profile $\sigma_v=0.075$,hazard,65.0,0.0133863581854791,,,,
profile_tau_sd_0.075,profile $\sigma_v=0.075$,hazard,66.0,0.0158330815205643,,,,
profile_tau_sd_0.075,profile $\sigma_v=0.075$,hazard,67.0,0.0183388288460343,,,,
profile_tau_sd_0.075,profile $\sigma_v=0.075$,hazard,68.0,0.0207911910080737,,,,
profile_tau_sd_0.075,profile $\sigma_v=0.075$,hazard,69.0,0.0235391642578454,,,,
profile_tau_sd_0.075,profile $\sigma_v=0.075$,hazard,70.0,0.0264504784171955,,,,
profile_tau_sd_0.075,profile $\sigma_v=0.075$,hazard,71.0,0.0296512662693809,,,,
profile_tau_sd_0.075,profile $\sigma_v=0.075$,hazard,72.0,0.0321807225620595,,,,
profile_tau_sd_0.075,profile $\sigma_v=0.075$,hazard,73.0,0.0381948612266862,,,,
profile_tau_sd_0.075,profile $\sigma_v=0.075$,hazard,74.0,0.0418413563163896,,,,
profile_tau_sd_0.075,profile $\sigma_v=0.075$,hazard,75.0,0.0470583409151177,,,,
profile_tau_sd_0.075,profile $\sigma_v=0.075$,hazard,76.0,0.0502601412019384,,,,
profile_tau_sd_0.075,profile $\sigma_v=0.075$,hazard,77.0,0.0548320322892535,,,,
profile_tau_sd_0.075,profile $\sigma_v=0.075$,hazard,78.0,0.0621197125521752,,,,
profile_tau_sd_0.075,profile $\sigma_v=0.075$,hazard,79.0,0.0691447833714511,,,,
profile_tau_sd_0.075,profile $\sigma_v=0.075$,hazard,80.0,0.0735736594855565,,,,
profile_tau_sd_0.075,profile $\sigma_v=0.075$,hazard,81.0,0.0813136328186595,,,,
profile_tau_sd_0.075,profile $\sigma_v=0.075$,hazard,82.0,0.0864259351990949,,,,
profile_tau_sd_0.075,profile $\sigma_v=0.075$,hazard,83.0,0.0930828460162622,,,,
profile_tau_sd_0.075,profile $\sigma_v=0.075$,hazard,84.0,0.1021682052545247,,,,
profile_tau_sd_0.075,profile $\sigma_v=0.075$,hazard,85.0,0.1103799485765157,,,,
profile_tau_sd_0.075,profile $\sigma_v=0.075$,hazard,86.0,0.1161415468560842,,,,
profile_tau_sd_0.075,profile $\sigma_v=0.075$,hazard,87.0,0.1254011180055663,,,,
profile_tau_sd_0.075,profile $\sigma_v=0.075$,hazard,88.0,0.1340674910995327,,,,
profile_tau_sd_0.075,profile $\sigma_v=0.075$,hazard,89.0,0.1360116963881224,,,,
profile_tau_sd_0.075,profile $\sigma_v=0.075$,hazard,90.0,0.1530442035029191,,,,
profile_tau_sd_0.075,profile $\sigma_v=0.075$,hazard,91.0,0.1636690772426345,,,,
profile_tau_sd_0.075,profile $\sigma_v=0.075$,hazard,92.0,0.167076973576235,,,,
profile_tau_sd_0.075,profile $\sigma_v=0.075$,hazard,93.0,0.1807652493212758,,,,
profile_tau_sd_0.075,profile $\sigma_v=0.075$,hazard,94.0,0.1917516359762593,,,,
profile_tau_sd_0.075,profile $\sigma_v=0.075$,hazard,95.0,0.1999745255381479,,,,
profile_tau_sd_0.075,profile $\sigma_v=0.075$,hazard,96.0,0.1972386587771203,,,,
profile_tau_sd_0.075,profile $\sigma_v=0.075$,hazard,97.0,0.2019858397295516,,,,
profile_tau_sd_0.075,profile $\sigma_v=0.075$,hazard,98.0,0.2230542079730014,,,,
profile_tau_sd_0.075,profile $\sigma_v=0.075$,hazard,99.0,0.23359989381823,,,,
profile_tau_sd_0.075,profile $\sigma_v=0.075$,hazard,100.0,0.2394431165345745,,,,
profile_tau_sd_0.075,profile $\sigma_v=0.075$,conditional_survival_from90,90.0,1.0,,,,
profile_tau_sd_0.075,profile $\sigma_v=0.075$,conditional_survival_from90,91.0,0.8566286125681374,,,,
profile_tau_sd_0.075,profile $\sigma_v=0.075$,conditional_survival_from90,92.0,0.7249275520143267,,,,
profile_tau_sd_0.075,profile $\sigma_v=0.075$,conditional_survival_from90,93.0,0.6083029324040636,,,,
profile_tau_sd_0.075,profile $\sigma_v=0.075$,conditional_survival_from90,94.0,0.5068939022693312,,,,
profile_tau_sd_0.075,profile $\sigma_v=0.075$,conditional_survival_from90,95.0,0.4189338802475637,,,,
profile_tau_sd_0.075,profile $\sigma_v=0.075$,conditional_survival_from90,96.0,0.3427772836996569,,,,
profile_tau_sd_0.075,profile $\sigma_v=0.075$,conditional_survival_from90,97.0,0.2787992086683485,,,,
profile_tau_sd_0.075,profile $\sigma_v=0.075$,conditional_survival_from90,98.0,0.2243437331736147,,,,
profile_tau_sd_0.075,profile $\sigma_v=0.075$,conditional_survival_from90,99.0,0.1780677713850121,,,,
profile_tau_sd_0.075,profile $\sigma_v=0.075$,conditional_survival_from90,100.0,0.1408183143667832,,,,
profile_tau_sd_0.075,profile $\sigma_v=0.075$,conditional_survival_from90,101.0,0.1098305412877894,,,,
profile_tau_sd_0.075,profile $\sigma_v=0.075$,conditional_survival_from90,102.0,0.0848140552117175,,,,
profile_tau_sd_0.075,profile $\sigma_v=0.075$,conditional_survival_from90,103.0,0.0648250660955528,,,,
profile_tau_sd_0.075,profile $\sigma_v=0.075$,conditional_survival_from90,104.0,0.0493977288539604,,,,
profile_tau_sd_0.075,profile $\sigma_v=0.075$,conditional_survival_from90,105.0,0.0370195594436477,,,,
profile_tau_sd_0.075,profile $\sigma_v=0.075$,conditional_survival_from90,106.0,0.0275574592688045,,,,
profile_tau_sd_0.075,profile $\sigma_v=0.075$,conditional_survival_from90,107.0,0.0204003847759408,,,,
profile_tau_sd_0.075,profile $\sigma_v=0.075$,conditional_survival_from90,108.0,0.0149675420924307,,,,
profile_tau_sd_0.075,profile $\sigma_v=0.075$,conditional_survival_from90,109.0,0.0109201347925776,,,,
profile_tau_sd_0.075,profile $\sigma_v=0.075$,conditional_survival_from90,110.0,0.0080343152379742,,,,
profile_tau_sd_0.075,profile $\sigma_v=0.075$,tail_metric,100.0,0.1408183143667832,0.0697777216468805,2.0180984853505692,117.09090909090814,False
profile_tau_sd_0.075,profile $\sigma_v=0.075$,tail_metric,105.0,0.0370195594436477,0.0052412225309421,7.063153534332608,117.09090909090814,False
profile_tau_sd_0.075,profile $\sigma_v=0.075$,tail_metric,110.0,0.0080343152379742,0.0001578681485223,50.89256644342387,117.09090909090814,False
profile_tau_sd_0.100,profile $\sigma_v=0.100$,hazard,65.0,0.0100951013111626,,,,
profile_tau_sd_0.100,profile $\sigma_v=0.100$,hazard,66.0,0.0114265041956005,,,,
profile_tau_sd_0.100,profile $\sigma_v=0.100$,hazard,67.0,0.013559761240975,,,,
profile_tau_sd_0.100,profile $\sigma_v=0.100$,hazard,68.0,0.0164794686674751,,,,
profile_tau_sd_0.100,profile $\sigma_v=0.100$,hazard,69.0,0.0193833980791871,,,,
profile_tau_sd_0.100,profile $\sigma_v=0.100$,hazard,70.0,0.0222684906741867,,,,
profile_tau_sd_0.100,profile $\sigma_v=0.100$,hazard,71.0,0.0259426658649704,,,,
profile_tau_sd_0.100,profile $\sigma_v=0.100$,hazard,72.0,0.0298153749766293,,,,
profile_tau_sd_0.100,profile $\sigma_v=0.100$,hazard,73.0,0.0333882350235302,,,,
profile_tau_sd_0.100,profile $\sigma_v=0.100$,hazard,74.0,0.0371778219992612,,,,
profile_tau_sd_0.100,profile $\sigma_v=0.100$,hazard,75.0,0.0422067718298055,,,,
profile_tau_sd_0.100,profile $\sigma_v=0.100$,hazard,76.0,0.0471964746122477,,,,
profile_tau_sd_0.100,profile $\sigma_v=0.100$,hazard,77.0,0.0538414158669089,,,,
profile_tau_sd_0.100,profile $\sigma_v=0.100$,hazard,78.0,0.0590182142696636,,,,
profile_tau_sd_0.100,profile $\sigma_v=0.100$,hazard,79.0,0.063713965472464,,,,
profile_tau_sd_0.100,profile $\sigma_v=0.100$,hazard,80.0,0.0713458360857321,,,,
profile_tau_sd_0.100,profile $\sigma_v=0.100$,hazard,81.0,0.0786429797980793,,,,
profile_tau_sd_0.100,profile $\sigma_v=0.100$,hazard,82.0,0.0863970627566183,,,,
profile_tau_sd_0.100,profile $\sigma_v=0.100$,hazard,83.0,0.0917362559263865,,,,
profile_tau_sd_0.100,profile $\sigma_v=0.100$,hazard,84.0,0.0965762373589292,,,,
profile_tau_sd_0.100,profile $\sigma_v=0.100$,hazard,85.0,0.1039632608032565,,,,
profile_tau_sd_0.100,profile $\sigma_v=0.100$,hazard,86.0,0.1138291607645907,,,,
profile_tau_sd_0.100,profile $\sigma_v=0.100$,hazard,87.0,0.1199196005779602,,,,
profile_tau_sd_0.100,profile $\sigma_v=0.100$,hazard,88.0,0.127714334274869,,,,
profile_tau_sd_0.100,profile $\sigma_v=0.100$,hazard,89.0,0.133692429014808,,,,
profile_tau_sd_0.100,profile $\sigma_v=0.100$,hazard,90.0,0.1374049845061843,,,,
profile_tau_sd_0.100,profile $\sigma_v=0.100$,hazard,91.0,0.1484175529472272,,,,
profile_tau_sd_0.100,profile $\sigma_v=0.100$,hazard,92.0,0.1602635095064912,,,,
profile_tau_sd_0.100,profile $\sigma_v=0.100$,hazard,93.0,0.1663733132176682,,,,
profile_tau_sd_0.100,profile $\sigma_v=0.100$,hazard,94.0,0.171452937209948,,,,
profile_tau_sd_0.100,profile $\sigma_v=0.100$,hazard,95.0,0.1746080468454854,,,,
profile_tau_sd_0.100,profile $\sigma_v=0.100$,hazard,96.0,0.1916294879966008,,,,
profile_tau_sd_0.100,profile $\sigma_v=0.100$,hazard,97.0,0.193568262335484,,,,
profile_tau_sd_0.100,profile $\sigma_v=0.100$,hazard,98.0,0.2013199258842878,,,,
profile_tau_sd_0.100,profile $\sigma_v=0.100$,hazard,99.0,0.2045807750121016,,,,
profile_tau_sd_0.100,profile $\sigma_v=0.100$,hazard,100.0,0.2195871761089152,,,,
profile_tau_sd_0.100,profile $\sigma_v=0.100$,conditional_survival_from90,90.0,1.0,,,,
profile_tau_sd_0.100,profile $\sigma_v=0.100$,conditional_survival_from90,91.0,0.8641609959665076,,,,
profile_tau_sd_0.100,profile $\sigma_v=0.100$,conditional_survival_from90,92.0,0.7396383283832194,,,,
profile_tau_sd_0.100,profile $\sigma_v=0.100$,conditional_survival_from90,93.0,0.6301324983484702,,,,
profile_tau_sd_0.100,profile $\sigma_v=0.100$,conditional_survival_from90,94.0,0.5323297044432865,,,,
profile_tau_sd_0.100,profile $\sigma_v=0.100$,conditional_survival_from90,95.0,0.4469872335397521,,,,
profile_tau_sd_0.100,profile $\sigma_v=0.100$,conditional_survival_from90,96.0,0.3719406415992179,,,,
profile_tau_sd_0.100,profile $\sigma_v=0.100$,conditional_survival_from90,97.0,0.3077377531674461,,,,
profile_tau_sd_0.100,profile $\sigma_v=0.100$,conditional_survival_from90,98.0,0.2527834320670712,,,,
profile_tau_sd_0.100,profile $\sigma_v=0.100$,conditional_survival_from90,99.0,0.2064976287790496,,,,
profile_tau_sd_0.100,profile $\sigma_v=0.100$,conditional_survival_from90,100.0,0.1674517028212966,,,,
profile_tau_sd_0.100,profile $\sigma_v=0.100$,conditional_survival_from90,101.0,0.1351783920812498,,,,
profile_tau_sd_0.100,profile $\sigma_v=0.100$,conditional_survival_from90,102.0,0.1087485431626665,,,,
profile_tau_sd_0.100,profile $\sigma_v=0.100$,conditional_survival_from90,103.0,0.0869322362520209,,,,
profile_tau_sd_0.100,profile $\sigma_v=0.100$,conditional_survival_from90,104.0,0.0690527469104307,,,,
profile_tau_sd_0.100,profile $\sigma_v=0.100$,conditional_survival_from90,105.0,0.054062763506292,,,,
profile_tau_sd_0.100,profile $\sigma_v=0.100$,conditional_survival_from90,106.0,0.0423704690344862,,,,
profile_tau_sd_0.100,profile $\sigma_v=0.100$,conditional_survival_from90,107.0,0.0329661476655691,,,,
profile_tau_sd_0.100,profile $\sigma_v=0.100$,conditional_survival_from90,108.0,0.0253664248003396,,,,
profile_tau_sd_0.100,profile $\sigma_v=0.100$,conditional_survival_from90,109.0,0.0194961088344765,,,,
profile_tau_sd_0.100,profile $\sigma_v=0.100$,conditional_survival_from90,110.0,0.0148771959976585,,,,
profile_tau_sd_0.100,profile $\sigma_v=0.100$,tail_metric,100.0,0.1674517028212966,0.0697777216468805,2.399787480432627,120.73529411764636,False
profile_tau_sd_0.100,profile $\sigma_v=0.100$,tail_metric,105.0,0.054062763506292,0.0052412225309421,10.314914733561936,120.73529411764636,False
profile_tau_sd_0.100,profile $\sigma_v=0.100$,tail_metric,110.0,0.0148771959976585,0.0001578681485223,94.23811032756856,120.73529411764636,False
profile_tau_sd_0.130,profile $\sigma_v=0.130$,hazard,65.0,0.0206411871627924,,,,
profile_tau_sd_0.130,profile $\sigma_v=0.130$,hazard,66.0,0.0235934842660951,,,,
profile_tau_sd_0.130,profile $\sigma_v=0.130$,hazard,67.0,0.0261626186792032,,,,
profile_tau_sd_0.130,profile $\sigma_v=0.130$,hazard,68.0,0.0283322384925335,,,,
profile_tau_sd_0.130,profile $\sigma_v=0.130$,hazard,69.0,0.0309141234408138,,,,
profile_tau_sd_0.130,profile $\sigma_v=0.130$,hazard,70.0,0.0326498179858567,,,,
profile_tau_sd_0.130,profile $\sigma_v=0.130$,hazard,71.0,0.0367295339620062,,,,
profile_tau_sd_0.130,profile $\sigma_v=0.130$,hazard,72.0,0.0390360562497598,,,,
profile_tau_sd_0.130,profile $\sigma_v=0.130$,hazard,73.0,0.0427581385967262,,,,
profile_tau_sd_0.130,profile $\sigma_v=0.130$,hazard,74.0,0.0439741718063657,,,,
profile_tau_sd_0.130,profile $\sigma_v=0.130$,hazard,75.0,0.0477927241178898,,,,
profile_tau_sd_0.130,profile $\sigma_v=0.130$,hazard,76.0,0.0510162536863757,,,,
profile_tau_sd_0.130,profile $\sigma_v=0.130$,hazard,77.0,0.0578714287580503,,,,
profile_tau_sd_0.130,profile $\sigma_v=0.130$,hazard,78.0,0.0576374568410407,,,,
profile_tau_sd_0.130,profile $\sigma_v=0.130$,hazard,79.0,0.0623035979698921,,,,
profile_tau_sd_0.130,profile $\sigma_v=0.130$,hazard,80.0,0.0656302198243905,,,,
profile_tau_sd_0.130,profile $\sigma_v=0.130$,hazard,81.0,0.0687330345909322,,,,
profile_tau_sd_0.130,profile $\sigma_v=0.130$,hazard,82.0,0.0719691633904903,,,,
profile_tau_sd_0.130,profile $\sigma_v=0.130$,hazard,83.0,0.0774604224362418,,,,
profile_tau_sd_0.130,profile $\sigma_v=0.130$,hazard,84.0,0.0808086823182623,,,,
profile_tau_sd_0.130,profile $\sigma_v=0.130$,hazard,85.0,0.0843058655563702,,,,
profile_tau_sd_0.130,profile $\sigma_v=0.130$,hazard,86.0,0.0846338155833023,,,,
profile_tau_sd_0.130,profile $\sigma_v=0.130$,hazard,87.0,0.0881991524612693,,,,
profile_tau_sd_0.130,profile $\sigma_v=0.130$,hazard,88.0,0.0895159430619903,,,,
profile_tau_sd_0.130,profile $\sigma_v=0.130$,hazard,89.0,0.0963423952569897,,,,
profile_tau_sd_0.130,profile $\sigma_v=0.130$,hazard,90.0,0.0986487859392461,,,,
profile_tau_sd_0.130,profile $\sigma_v=0.130$,hazard,91.0,0.1027720370203971,,,,
profile_tau_sd_0.130,profile $\sigma_v=0.130$,hazard,92.0,0.1036479335855453,,,,
profile_tau_sd_0.130,profile $\sigma_v=0.130$,hazard,93.0,0.1076956192671698,,,,
profile_tau_sd_0.130,profile $\sigma_v=0.130$,hazard,94.0,0.1098090951420145,,,,
profile_tau_sd_0.130,profile $\sigma_v=0.130$,hazard,95.0,0.107807080232173,,,,
profile_tau_sd_0.130,profile $\sigma_v=0.130$,hazard,96.0,0.1278300312211596,,,,
profile_tau_sd_0.130,profile $\sigma_v=0.130$,hazard,97.0,0.1230731669422588,,,,
profile_tau_sd_0.130,profile $\sigma_v=0.130$,hazard,98.0,0.128342111548276,,,,
profile_tau_sd_0.130,profile $\sigma_v=0.130$,hazard,99.0,0.1274149494487265,,,,
profile_tau_sd_0.130,profile $\sigma_v=0.130$,hazard,100.0,0.1387622149837133,,,,
profile_tau_sd_0.130,profile $\sigma_v=0.130$,conditional_survival_from90,90.0,1.0,,,,
profile_tau_sd_0.130,profile $\sigma_v=0.130$,conditional_survival_from90,91.0,0.904144306836721,,,,
profile_tau_sd_0.130,profile $\sigma_v=0.130$,conditional_survival_from90,92.0,0.8146194810125283,,,,
profile_tau_sd_0.130,profile $\sigma_v=0.130$,conditional_survival_from90,93.0,0.7309022255512573,,,,
profile_tau_sd_0.130,profile $\sigma_v=0.130$,conditional_survival_from90,94.0,0.6538390502672919,,,,
profile_tau_sd_0.130,profile $\sigma_v=0.130$,conditional_survival_from90,95.0,0.5823217968581658,,,,
profile_tau_sd_0.130,profile $\sigma_v=0.130$,conditional_survival_from90,96.0,0.5158682112478066,,,,
profile_tau_sd_0.130,profile $\sigma_v=0.130$,conditional_survival_from90,97.0,0.4566022635159398,,,,
profile_tau_sd_0.130,profile $\sigma_v=0.130$,conditional_survival_from90,98.0,0.4028976287464474,,,,
profile_tau_sd_0.130,profile $\sigma_v=0.130$,conditional_survival_from90,99.0,0.3541899670630728,,,,
profile_tau_sd_0.130,profile $\sigma_v=0.130$,conditional_survival_from90,100.0,0.310633189341159,,,,
profile_tau_sd_0.130,profile $\sigma_v=0.130$,conditional_survival_from90,101.0,0.2715757395417557,,,,
profile_tau_sd_0.130,profile $\sigma_v=0.130$,conditional_survival_from90,102.0,0.2366584922890649,,,,
profile_tau_sd_0.130,profile $\sigma_v=0.130$,conditional_survival_from90,103.0,0.2055274525697986,,,,
profile_tau_sd_0.130,profile $\sigma_v=0.130$,conditional_survival_from90,104.0,0.1783467919843215,,,,
profile_tau_sd_0.130,profile $\sigma_v=0.130$,conditional_survival_from90,105.0,0.1542597399932278,,,,
profile_tau_sd_0.130,profile $\sigma_v=0.130$,conditional_survival_from90,106.0,0.1331380375337318,,,,
profile_tau_sd_0.130,profile $\sigma_v=0.130$,conditional_survival_from90,107.0,0.1148995988056514,,,,
profile_tau_sd_0.130,profile $\sigma_v=0.130$,conditional_survival_from90,108.0,0.0985080905816806,,,,
profile_tau_sd_0.130,profile $\sigma_v=0.130$,conditional_survival_from90,109.0,0.083814732348988,,,,
profile_tau_sd_0.130,profile $\sigma_v=0.130$,conditional_survival_from90,110.0,0.0711889102083953,,,,
profile_tau_sd_0.130,profile $\sigma_v=0.130$,tail_metric,100.0,0.310633189341159,0.0697777216468805,4.4517531098702205,136.6956521739134,False
profile_tau_sd_0.130,profile $\sigma_v=0.130$,tail_metric,105.0,0.1542597399932278,0.0052412225309421,29.432014970274167,136.6956521739134,False
profile_tau_sd_0.130,profile $\sigma_v=0.130$,tail_metric,110.0,0.0711889102083953,0.0001578681485223,450.9390328240592,136.6956521739134,False
profile_tau_sd_0.160,profile $\sigma_v=0.160$,hazard,65.0,0.0279356016473749,,,,
profile_tau_sd_0.160,profile $\sigma_v=0.160$,hazard,66.0,0.0286032099157794,,,,
profile_tau_sd_0.160,profile $\sigma_v=0.160$,hazard,67.0,0.0321929771302784,,,,
profile_tau_sd_0.160,profile $\sigma_v=0.160$,hazard,68.0,0.0353679123739544,,,,
profile_tau_sd_0.160,profile $\sigma_v=0.160$,hazard,69.0,0.0360273771797394,,,,
profile_tau_sd_0.160,profile $\sigma_v=0.160$,hazard,70.0,0.0384783710143199,,,,
profile_tau_sd_0.160,profile $\sigma_v=0.160$,hazard,71.0,0.0411580390364906,,,,
profile_tau_sd_0.160,profile $\sigma_v=0.160$,hazard,72.0,0.0438483758568391,,,,
profile_tau_sd_0.160,profile $\sigma_v=0.160$,hazard,73.0,0.0448974142151408,,,,
profile_tau_sd_0.160,profile $\sigma_v=0.160$,hazard,74.0,0.0474287962146451,,,,
profile_tau_sd_0.160,profile $\sigma_v=0.160$,hazard,75.0,0.0463849500514953,,,,
profile_tau_sd_0.160,profile $\sigma_v=0.160$,hazard,76.0,0.0539622820337949,,,,
profile_tau_sd_0.160,profile $\sigma_v=0.160$,hazard,77.0,0.0553797296268502,,,,
profile_tau_sd_0.160,profile $\sigma_v=0.160$,hazard,78.0,0.0589583036203112,,,,
profile_tau_sd_0.160,profile $\sigma_v=0.160$,hazard,79.0,0.0593563062414425,,,,
profile_tau_sd_0.160,profile $\sigma_v=0.160$,hazard,80.0,0.0635759252243322,,,,
profile_tau_sd_0.160,profile $\sigma_v=0.160$,hazard,81.0,0.0639081006490363,,,,
profile_tau_sd_0.160,profile $\sigma_v=0.160$,hazard,82.0,0.0694333693642608,,,,
profile_tau_sd_0.160,profile $\sigma_v=0.160$,hazard,83.0,0.0724210872979682,,,,
profile_tau_sd_0.160,profile $\sigma_v=0.160$,hazard,84.0,0.0716502000489915,,,,
profile_tau_sd_0.160,profile $\sigma_v=0.160$,hazard,85.0,0.0755672119618171,,,,
profile_tau_sd_0.160,profile $\sigma_v=0.160$,hazard,86.0,0.0764872745087193,,,,
profile_tau_sd_0.160,profile $\sigma_v=0.160$,hazard,87.0,0.0807584119788798,,,,
profile_tau_sd_0.160,profile $\sigma_v=0.160$,hazard,88.0,0.0827341125517088,,,,
profile_tau_sd_0.160,profile $\sigma_v=0.160$,hazard,89.0,0.0825631298520303,,,,
profile_tau_sd_0.160,profile $\sigma_v=0.160$,hazard,90.0,0.0867520852285805,,,,
profile_tau_sd_0.160,profile $\sigma_v=0.160$,hazard,91.0,0.0866494164609987,,,,
profile_tau_sd_0.160,profile $\sigma_v=0.160$,hazard,92.0,0.0841434096372948,,,,
profile_tau_sd_0.160,profile $\sigma_v=0.160$,hazard,93.0,0.0904521175806024,,,,
profile_tau_sd_0.160,profile $\sigma_v=0.160$,hazard,94.0,0.097508210598923,,,,
profile_tau_sd_0.160,profile $\sigma_v=0.160$,hazard,95.0,0.0987191556618847,,,,
profile_tau_sd_0.160,profile $\sigma_v=0.160$,hazard,96.0,0.0972223544759419,,,,
profile_tau_sd_0.160,profile $\sigma_v=0.160$,hazard,97.0,0.1004310208555079,,,,
profile_tau_sd_0.160,profile $\sigma_v=0.160$,hazard,98.0,0.1034535042396109,,,,
profile_tau_sd_0.160,profile $\sigma_v=0.160$,hazard,99.0,0.1000982877243805,,,,
profile_tau_sd_0.160,profile $\sigma_v=0.160$,hazard,100.0,0.1113108506507514,,,,
profile_tau_sd_0.160,profile $\sigma_v=0.160$,conditional_survival_from90,90.0,1.0,,,,
profile_tau_sd_0.160,profile $\sigma_v=0.160$,conditional_survival_from90,91.0,0.9170771348491632,,,,
profile_tau_sd_0.160,profile $\sigma_v=0.160$,conditional_survival_from90,92.0,0.8390909442703065,,,,
profile_tau_sd_0.160,profile $\sigma_v=0.160$,conditional_survival_from90,93.0,0.7661409357016105,,,,
profile_tau_sd_0.160,profile $\sigma_v=0.160$,conditional_survival_from90,94.0,0.6984040112553966,,,,
profile_tau_sd_0.160,profile $\sigma_v=0.160$,conditional_survival_from90,95.0,0.6337518173927943,,,,
profile_tau_sd_0.160,profile $\sigma_v=0.160$,conditional_survival_from90,96.0,0.5749097522817607,,,,
profile_tau_sd_0.160,profile $\sigma_v=0.160$,conditional_survival_from90,97.0,0.5193072071026196,,,,
profile_tau_sd_0.160,profile $\sigma_v=0.160$,conditional_survival_from90,98.0,0.4690780635852531,,,,
profile_tau_sd_0.160,profile $\sigma_v=0.160$,conditional_survival_from90,99.0,0.4231830218197699,,,,
profile_tau_sd_0.160,profile $\sigma_v=0.160$,conditional_survival_from90,100.0,0.3801239420424452,,,,
profile_tau_sd_0.160,profile $\sigma_v=0.160$,conditional_survival_from90,101.0,0.3411557236125621,,,,
profile_tau_sd_0.160,profile $\sigma_v=0.160$,conditional_survival_from90,102.0,0.3052998767213404,,,,
profile_tau_sd_0.160,profile $\sigma_v=0.160$,conditional_survival_from90,103.0,0.2730097130316047,,,,
profile_tau_sd_0.160,profile $\sigma_v=0.160$,conditional_survival_from90,104.0,0.2440806894759825,,,,
profile_tau_sd_0.160,profile $\sigma_v=0.160$,conditional_survival_from90,105.0,0.2175619572007453,,,,
profile_tau_sd_0.160,profile $\sigma_v=0.160$,conditional_survival_from90,106.0,0.193669115655284,,,,
profile_tau_sd_0.160,profile $\sigma_v=0.160$,conditional_survival_from90,107.0,0.1724187494126298,,,,
profile_tau_sd_0.160,profile $\sigma_v=0.160$,conditional_survival_from90,108.0,0.1530756090684444,,,,
profile_tau_sd_0.160,profile $\sigma_v=0.160$,conditional_survival_from90,109.0,0.1352306084879843,,,,
profile_tau_sd_0.160,profile $\sigma_v=0.160$,conditional_survival_from90,110.0,0.1196908635587175,,,,
profile_tau_sd_0.160,profile $\sigma_v=0.160$,tail_metric,100.0,0.3801239420424452,0.0697777216468805,5.447640494284309,146.6296296296309,False
profile_tau_sd_0.160,profile $\sigma_v=0.160$,tail_metric,105.0,0.2175619572007453,0.0052412225309421,41.509772942542206,146.6296296296309,False
profile_tau_sd_0.160,profile $\sigma_v=0.160$,tail_metric,110.0,0.1196908635587175,0.0001578681485223,758.1698061263403,146.6296296296309,False
profile_tau_sd_0.200,profile $\sigma_v=0.200$,hazard,65.0,0.0308921524228504,,,,
profile_tau_sd_0.200,profile $\sigma_v=0.200$,hazard,66.0,0.0325885179737743,,,,
profile_tau_sd_0.200,profile $\sigma_v=0.200$,hazard,67.0,0.0342678638704006,,,,
profile_tau_sd_0.200,profile $\sigma_v=0.200$,hazard,68.0,0.0359067595125267,,,,
profile_tau_sd_0.200,profile $\sigma_v=0.200$,hazard,69.0,0.0385468317002123,,,,
profile_tau_sd_0.200,profile $\sigma_v=0.200$,hazard,70.0,0.0401944633047884,,,,
profile_tau_sd_0.200,profile $\sigma_v=0.200$,hazard,71.0,0.041184506589521,,,,
profile_tau_sd_0.200,profile $\sigma_v=0.200$,hazard,72.0,0.0426584599915063,,,,
profile_tau_sd_0.200,profile $\sigma_v=0.200$,hazard,73.0,0.0463737553590434,,,,
profile_tau_sd_0.200,profile $\sigma_v=0.200$,hazard,74.0,0.0461968356105296,,,,
profile_tau_sd_0.200,profile $\sigma_v=0.200$,hazard,75.0,0.0487820862916439,,,,
profile_tau_sd_0.200,profile $\sigma_v=0.200$,hazard,76.0,0.0490265803444019,,,,
profile_tau_sd_0.200,profile $\sigma_v=0.200$,hazard,77.0,0.0513582916610352,,,,
profile_tau_sd_0.200,profile $\sigma_v=0.200$,hazard,78.0,0.0534596231134701,,,,
profile_tau_sd_0.200,profile $\sigma_v=0.200$,hazard,79.0,0.0554996983712045,,,,
profile_tau_sd_0.200,profile $\sigma_v=0.200$,hazard,80.0,0.05335888813913,,,,
profile_tau_sd_0.200,profile $\sigma_v=0.200$,hazard,81.0,0.0585781592293611,,,,
profile_tau_sd_0.200,profile $\sigma_v=0.200$,hazard,82.0,0.0597377645734061,,,,
profile_tau_sd_0.200,profile $\sigma_v=0.200$,hazard,83.0,0.0599309865146839,,,,
profile_tau_sd_0.200,profile $\sigma_v=0.200$,hazard,84.0,0.0621060038196987,,,,
profile_tau_sd_0.200,profile $\sigma_v=0.200$,hazard,85.0,0.065825730206356,,,,
profile_tau_sd_0.200,profile $\sigma_v=0.200$,hazard,86.0,0.0631798053180417,,,,
profile_tau_sd_0.200,profile $\sigma_v=0.200$,hazard,87.0,0.0672285771623519,,,,
profile_tau_sd_0.200,profile $\sigma_v=0.200$,hazard,88.0,0.0703054974604123,,,,
profile_tau_sd_0.200,profile $\sigma_v=0.200$,hazard,89.0,0.0700789763071078,,,,
profile_tau_sd_0.200,profile $\sigma_v=0.200$,hazard,90.0,0.0714665121444782,,,,
profile_tau_sd_0.200,profile $\sigma_v=0.200$,hazard,91.0,0.0713738015485462,,,,
profile_tau_sd_0.200,profile $\sigma_v=0.200$,hazard,92.0,0.0750840122515283,,,,
profile_tau_sd_0.200,profile $\sigma_v=0.200$,hazard,93.0,0.076402663407532,,,,
profile_tau_sd_0.200,profile $\sigma_v=0.200$,hazard,94.0,0.0741654582314279,,,,
profile_tau_sd_0.200,profile $\sigma_v=0.200$,hazard,95.0,0.0777397820481862,,,,
profile_tau_sd_0.200,profile $\sigma_v=0.200$,hazard,96.0,0.0741340485287048,,,,
profile_tau_sd_0.200,profile $\sigma_v=0.200$,hazard,97.0,0.0805773798647907,,,,
profile_tau_sd_0.200,profile $\sigma_v=0.200$,hazard,98.0,0.0790979468192527,,,,
profile_tau_sd_0.200,profile $\sigma_v=0.200$,hazard,99.0,0.0845400249215829,,,,
profile_tau_sd_0.200,profile $\sigma_v=0.200$,hazard,100.0,0.0872062480299793,,,,
profile_tau_sd_0.200,profile $\sigma_v=0.200$,conditional_survival_from90,90.0,1.0,,,,
profile_tau_sd_0.200,profile $\sigma_v=0.200$,conditional_survival_from90,91.0,0.9306453966246776,,,,
profile_tau_sd_0.200,profile $\sigma_v=0.200$,conditional_survival_from90,92.0,0.8650411512626383,,,,
profile_tau_sd_0.200,profile $\sigma_v=0.200$,conditional_survival_from90,93.0,0.8029711049505804,,,,
profile_tau_sd_0.200,profile $\sigma_v=0.200$,conditional_survival_from90,94.0,0.7434841582499767,,,,
profile_tau_sd_0.200,profile $\sigma_v=0.200$,conditional_survival_from90,95.0,0.688352814659901,,,,
profile_tau_sd_0.200,profile $\sigma_v=0.200$,conditional_survival_from90,96.0,0.6359937097741677,,,,
profile_tau_sd_0.200,profile $\sigma_v=0.200$,conditional_survival_from90,97.0,0.5867526979340604,,,,
profile_tau_sd_0.200,profile $\sigma_v=0.200$,conditional_survival_from90,98.0,0.5415592626817765,,,,
profile_tau_sd_0.200,profile $\sigma_v=0.200$,conditional_survival_from90,99.0,0.4988138276888822,,,,
profile_tau_sd_0.200,profile $\sigma_v=0.200$,conditional_survival_from90,100.0,0.4588622472966618,,,,
profile_tau_sd_0.200,profile $\sigma_v=0.200$,conditional_survival_from90,101.0,0.4221692632762134,,,,
profile_tau_sd_0.200,profile $\sigma_v=0.200$,conditional_survival_from90,102.0,0.3872379748066727,,,,
profile_tau_sd_0.200,profile $\sigma_v=0.200$,conditional_survival_from90,103.0,0.3546087792962945,,,,
profile_tau_sd_0.200,profile $\sigma_v=0.200$,conditional_survival_from90,104.0,0.325108484779707,,,,
profile_tau_sd_0.200,profile $\sigma_v=0.200$,conditional_survival_from90,105.0,0.2971429189025608,,,,
profile_tau_sd_0.200,profile $\sigma_v=0.200$,conditional_survival_from90,106.0,0.271182227410037,,,,
profile_tau_sd_0.200,profile $\sigma_v=0.200$,conditional_survival_from90,107.0,0.2472318142762185,,,,
profile_tau_sd_0.200,profile $\sigma_v=0.200$,conditional_survival_from90,108.0,0.2253132953974353,,,,
profile_tau_sd_0.200,profile $\sigma_v=0.200$,conditional_survival_from90,109.0,0.2060211079227666,,,,
profile_tau_sd_0.200,profile $\sigma_v=0.200$,conditional_survival_from90,110.0,0.1879340066685037,,,,
profile_tau_sd_0.200,profile $\sigma_v=0.200$,tail_metric,100.0,0.4588622472966618,0.0697777216468805,6.576056604696775,163.57142857143006,False
profile_tau_sd_0.200,profile $\sigma_v=0.200$,tail_metric,105.0,0.2971429189025608,0.0052412225309421,56.6934369125416,163.57142857143006,False
profile_tau_sd_0.200,profile $\sigma_v=0.200$,tail_metric,110.0,0.1879340066685037,0.0001578681485223,1190.44917184097,163.57142857143006,False
profile_tau_sd_0.250,profile $\sigma_v=0.250$,hazard,65.0,0.03383507031399,,,,
profile_tau_sd_0.250,profile $\sigma_v=0.250$,hazard,66.0,0.0347723437971142,,,,
profile_tau_sd_0.250,profile $\sigma_v=0.250$,hazard,67.0,0.0371109291187898,,,,
profile_tau_sd_0.250,profile $\sigma_v=0.250$,hazard,68.0,0.0373206335203385,,,,
profile_tau_sd_0.250,profile $\sigma_v=0.250$,hazard,69.0,0.037388800550088,,,,
profile_tau_sd_0.250,profile $\sigma_v=0.250$,hazard,70.0,0.0410096459308034,,,,
profile_tau_sd_0.250,profile $\sigma_v=0.250$,hazard,71.0,0.0412311096875636,,,,
profile_tau_sd_0.250,profile $\sigma_v=0.250$,hazard,72.0,0.0426851122509107,,,,
profile_tau_sd_0.250,profile $\sigma_v=0.250$,hazard,73.0,0.0459378537648515,,,,
profile_tau_sd_0.250,profile $\sigma_v=0.250$,hazard,74.0,0.0466823825518225,,,,
profile_tau_sd_0.250,profile $\sigma_v=0.250$,hazard,75.0,0.048069662675963,,,,
profile_tau_sd_0.250,profile $\sigma_v=0.250$,hazard,76.0,0.0481598076533859,,,,
profile_tau_sd_0.250,profile $\sigma_v=0.250$,hazard,77.0,0.0488995048540703,,,,
profile_tau_sd_0.250,profile $\sigma_v=0.250$,hazard,78.0,0.0510670670022579,,,,
profile_tau_sd_0.250,profile $\sigma_v=0.250$,hazard,79.0,0.0533958510940608,,,,
profile_tau_sd_0.250,profile $\sigma_v=0.250$,hazard,80.0,0.0556506720958055,,,,
profile_tau_sd_0.250,profile $\sigma_v=0.250$,hazard,81.0,0.0556193949293598,,,,
profile_tau_sd_0.250,profile $\sigma_v=0.250$,hazard,82.0,0.0538516118667666,,,,
profile_tau_sd_0.250,profile $\sigma_v=0.250$,hazard,83.0,0.0566563204217866,,,,
profile_tau_sd_0.250,profile $\sigma_v=0.250$,hazard,84.0,0.0596485692607033,,,,
profile_tau_sd_0.250,profile $\sigma_v=0.250$,hazard,85.0,0.0603993377615542,,,,
profile_tau_sd_0.250,profile $\sigma_v=0.250$,hazard,86.0,0.0596472039578272,,,,
profile_tau_sd_0.250,profile $\sigma_v=0.250$,hazard,87.0,0.0651621392649206,,,,
profile_tau_sd_0.250,profile $\sigma_v=0.250$,hazard,88.0,0.0662445576255646,,,,
profile_tau_sd_0.250,profile $\sigma_v=0.250$,hazard,89.0,0.064299463488553,,,,
profile_tau_sd_0.250,profile $\sigma_v=0.250$,hazard,90.0,0.0646485825361464,,,,
profile_tau_sd_0.250,profile $\sigma_v=0.250$,hazard,91.0,0.0639524724794688,,,,
profile_tau_sd_0.250,profile $\sigma_v=0.250$,hazard,92.0,0.0630679379769746,,,,
profile_tau_sd_0.250,profile $\sigma_v=0.250$,hazard,93.0,0.0671324018629407,,,,
profile_tau_sd_0.250,profile $\sigma_v=0.250$,hazard,94.0,0.0642090035133228,,,,
profile_tau_sd_0.250,profile $\sigma_v=0.250$,hazard,95.0,0.0662256714228971,,,,
profile_tau_sd_0.250,profile $\sigma_v=0.250$,hazard,96.0,0.0713250407396185,,,,
profile_tau_sd_0.250,profile $\sigma_v=0.250$,hazard,97.0,0.0677712829077484,,,,
profile_tau_sd_0.250,profile $\sigma_v=0.250$,hazard,98.0,0.0726387683483642,,,,
profile_tau_sd_0.250,profile $\sigma_v=0.250$,hazard,99.0,0.0744875177592855,,,,
profile_tau_sd_0.250,profile $\sigma_v=0.250$,hazard,100.0,0.0732476775792242,,,,
profile_tau_sd_0.250,profile $\sigma_v=0.250$,conditional_survival_from90,90.0,1.0,,,,
profile_tau_sd_0.250,profile $\sigma_v=0.250$,conditional_survival_from90,91.0,0.937524730710046,,,,
profile_tau_sd_0.250,profile $\sigma_v=0.250$,conditional_survival_from90,92.0,0.8780226423389758,,,,
profile_tau_sd_0.250,profile $\sigma_v=0.250$,conditional_survival_from90,93.0,0.8204605407781927,,,,
profile_tau_sd_0.250,profile $\sigma_v=0.250$,conditional_survival_from90,94.0,0.7662233457902838,,,,
profile_tau_sd_0.250,profile $\sigma_v=0.250$,conditional_survival_from90,95.0,0.7147120246207955,,,,
profile_tau_sd_0.250,profile $\sigma_v=0.250$,conditional_survival_from90,96.0,0.6663332600571552,,,,
profile_tau_sd_0.250,profile $\sigma_v=0.250$,conditional_survival_from90,97.0,0.6209826335458344,,,,
profile_tau_sd_0.250,profile $\sigma_v=0.250$,conditional_survival_from90,98.0,0.5783358979995605,,,,
profile_tau_sd_0.250,profile $\sigma_v=0.250$,conditional_survival_from90,99.0,0.5375137392833587,,,,
profile_tau_sd_0.250,profile $\sigma_v=0.250$,conditional_survival_from90,100.0,0.499758188612882,,,,
profile_tau_sd_0.250,profile $\sigma_v=0.250$,conditional_survival_from90,101.0,0.4634260276983951,,,,
profile_tau_sd_0.250,profile $\sigma_v=0.250$,conditional_survival_from90,102.0,0.4295284677951199,,,,
profile_tau_sd_0.250,profile $\sigma_v=0.250$,conditional_survival_from90,103.0,0.3978511760826557,,,,
profile_tau_sd_0.250,profile $\sigma_v=0.250$,conditional_survival_from90,104.0,0.3687019125082433,,,,
profile_tau_sd_0.250,profile $\sigma_v=0.250$,conditional_survival_from90,105.0,0.3423005056056278,,,,
profile_tau_sd_0.250,profile $\sigma_v=0.250$,conditional_survival_from90,106.0,0.3174488898659046,,,,
profile_tau_sd_0.250,profile $\sigma_v=0.250$,conditional_survival_from90,107.0,0.2942514838426026,,,,
profile_tau_sd_0.250,profile $\sigma_v=0.250$,conditional_survival_from90,108.0,0.2723345790283578,,,,
profile_tau_sd_0.250,profile $\sigma_v=0.250$,conditional_survival_from90,109.0,0.2518850296768521,,,,
profile_tau_sd_0.250,profile $\sigma_v=0.250$,conditional_survival_from90,110.0,0.2326994943943723,,,,
profile_tau_sd_0.250,profile $\sigma_v=0.250$,tail_metric,100.0,0.499758188612882,0.0697777216468805,7.162145407125428,176.89999999999668,False
profile_tau_sd_0.250,profile $\sigma_v=0.250$,tail_metric,105.0,0.3423005056056278,0.0052412225309421,65.30928682856292,176.89999999999668,False
profile_tau_sd_0.250,profile $\sigma_v=0.250$,tail_metric,110.0,0.2326994943943723,0.0001578681485223,1474.011677291712,176.89999999999668,False
