topic,group,label,x,y,x_err,y_err,n,deaths,curve_set,coordinate,coordinate_class,distance,distance_sq,factor,projected_log_median,projected_log_steepness
diet,Poor,Poor,1.0111675126903554,0.997631848385146,0.005968299880893023,0.027724661256650383,27271,2586.0,mean_model_curve,eta,senogenic,0.0005731666786836346,3.2852004155322885e-07,0.9876750700280111,0.011089069208002306,-0.002943887892436383
diet,Poor,Poor,1.0111675126903554,0.997631848385146,0.005968299880893023,0.027724661256650383,27271,2586.0,mean_model_curve,beta,senogenic,0.00937922671382277,8.796989374928665e-05,1.0049619847939175,0.005212202587572702,0.004925447710328004
diet,Poor,Poor,1.0111675126903554,0.997631848385146,0.005968299880893023,0.027724661256650383,27271,2586.0,mean_model_curve,Xc,robustness,0.011573741033262001,0.00013395148150501256,1.000800320128051,0.00023868862653009606,0.0016116724256154055
diet,Poor,Poor,1.0111675126903554,0.997631848385146,0.005968299880893023,0.027724661256650383,27271,2586.0,mean_model_curve,epsilon,robustness,0.011540501271873902,0.00013318316960612313,0.9991996798719487,-9.515977402818707e-07,0.0007638950018764227
diet,Poor,Poor,1.0111675126903554,0.997631848385146,0.005968299880893023,0.027724661256650383,27271,2586.0,mean_model_curve,h_ext,extrinsic,0.013757223164874393,0.0001892611892081566,0.0001,-0.0011665781836224676,-0.00858822873347331
diet,Good,Good,1.0233502538071066,1.1442717104369384,0.0023873199523572093,0.055610680843957074,12236,1656.0,mean_model_curve,eta,senogenic,0.13823253883915898,0.019108234793919595,0.9871148459383753,0.01160355677711361,-0.002986787748174219
diet,Good,Good,1.0233502538071066,1.1442717104369384,0.0023873199523572093,0.055610680843957074,12236,1656.0,mean_model_curve,beta,senogenic,0.08806024211233682,0.007754606240883378,1.074749899959984,0.07986715325230465,0.06746287080598094
diet,Good,Good,1.0233502538071066,1.1442717104369384,0.0023873199523572093,0.055610680843957074,12236,1656.0,mean_model_curve,Xc,robustness,0.020365702552966995,0.0004147618404759264,1.104201680672269,0.042482072998722586,0.12857228338088758
diet,Good,Good,1.0233502538071066,1.1442717104369384,0.0023873199523572093,0.055610680843957074,12236,1656.0,mean_model_curve,epsilon,robustness,0.010399926769498075,0.00010815847681092266,0.8868347338935574,0.03318278965479941,0.13229276577375124
diet,Good,Good,1.0233502538071066,1.1442717104369384,0.0023873199523572093,0.055610680843957074,12236,1656.0,mean_model_curve,h_ext,extrinsic,0.14539291495514872,0.021139099719155112,0.0001,-0.0011665781836224676,-0.00858822873347331
number_of_friends,0 friends,0 friends,0.950253807106599,0.8388458027639211,0.018579778614446648,0.14010486261938443,637,288.0,mean_model_curve,eta,senogenic,0.1775760077787564,0.031533238538640956,1.0389355742296917,-0.03473954209418113,0.0010991793848702414
number_of_friends,0 friends,0 friends,0.950253807106599,0.8388458027639211,0.018579778614446648,0.14010486261938443,637,288.0,mean_model_curve,beta,senogenic,0.09996744759301421,0.009993490578262041,0.9015606242496998,-0.11583965824116883,-0.09961857649237307
number_of_friends,0 friends,0 friends,0.950253807106599,0.8388458027639211,0.018579778614446648,0.14010486261938443,637,288.0,mean_model_curve,Xc,robustness,0.012664159219617353,0.00016038092873981921,0.885874349739896,-0.06276755786364026,-0.1709827873136901
number_of_friends,0 friends,0 friends,0.950253807106599,0.8388458027639211,0.018579778614446648,0.14010486261938443,637,288.0,mean_model_curve,epsilon,robustness,0.0001729974027962187,2.992810137423713e-08,1.1605442176870748,-0.051136656101070425,-0.17559526078498552
number_of_friends,0 friends,0 friends,0.950253807106599,0.8388458027639211,0.018579778614446648,0.14010486261938443,637,288.0,mean_model_curve,h_ext,extrinsic,0.03124445527725846,0.000976215985572604,0.0017512163874480113,-0.019983588662414557,-0.17927442468296337
number_of_friends,1+ friends,1+ friends,1.0111675126903554,0.997631848385146,0.0,0.023983687729216743,13031,5571.0,mean_model_curve,eta,senogenic,0.0005731666786836346,3.2852004155322885e-07,0.9876750700280111,0.011089069208002306,-0.002943887892436383
number_of_friends,1+ friends,1+ friends,1.0111675126903554,0.997631848385146,0.0,0.023983687729216743,13031,5571.0,mean_model_curve,beta,senogenic,0.00937922671382277,8.796989374928665e-05,1.0049619847939175,0.005212202587572702,0.004925447710328004
number_of_friends,1+ friends,1+ friends,1.0111675126903554,0.997631848385146,0.0,0.023983687729216743,13031,5571.0,mean_model_curve,Xc,robustness,0.011573741033262001,0.00013395148150501256,1.000800320128051,0.00023868862653009606,0.0016116724256154055
number_of_friends,1+ friends,1+ friends,1.0111675126903554,0.997631848385146,0.0,0.023983687729216743,13031,5571.0,mean_model_curve,epsilon,robustness,0.011540501271873902,0.00013318316960612313,0.9991996798719487,-9.515977402818707e-07,0.0007638950018764227
number_of_friends,1+ friends,1+ friends,1.0111675126903554,0.997631848385146,0.0,0.023983687729216743,13031,5571.0,mean_model_curve,h_ext,extrinsic,0.013757223164874393,0.0001892611892081566,0.0001,-0.0011665781836224676,-0.00858822873347331
income,Q1 (Lowest),Q1 income,0.950253807106599,0.724457738750659,0.010656243028066456,0.04321224241344358,7897,763.0,mean_model_curve,eta,senogenic,0.3235771886775986,0.10470219703249824,1.0243697478991596,-0.0219671164542917,-6.213624091542555e-05
income,Q1 (Lowest),Q1 income,0.950253807106599,0.724457738750659,0.010656243028066456,0.04321224241344358,7897,763.0,mean_model_curve,beta,senogenic,0.21233508694049857,0.04508618914602908,0.8468187274909964,-0.18623482168213104,-0.15861011030690567
income,Q1 (Lowest),Q1 income,0.950253807106599,0.724457738750659,0.010656243028066456,0.04321224241344358,7897,763.0,mean_model_curve,Xc,robustness,0.06932057810866774,0.0048053425493199044,0.814485794317727,-0.11428491361667499,-0.29398271942992543
income,Q1 (Lowest),Q1 income,0.950253807106599,0.724457738750659,0.010656243028066456,0.04321224241344358,7897,763.0,mean_model_curve,epsilon,robustness,0.04815963927616598,0.002319350855210429,1.2933973589435772,-0.09625277852083697,-0.30578179744795575
income,Q1 (Lowest),Q1 income,0.950253807106599,0.724457738750659,0.010656243028066456,0.04321224241344358,7897,763.0,mean_model_curve,h_ext,extrinsic,0.014473417875402213,0.00020947982499601233,0.003043882930764454,-0.03666810280906329,-0.32415555113303973
income,Q2,Q2 income,0.9624365482233503,0.8496002361326892,0.008135116032388168,0.055573880666262426,7770,993.0,mean_model_curve,eta,senogenic,0.16373483335565325,0.026809095654003544,1.0260504201680671,-0.02345061100250587,7.190508727581536e-05
income,Q2,Q2 income,0.9624365482233503,0.8496002361326892,0.008135116032388168,0.055573880666262426,7770,993.0,mean_model_curve,beta,senogenic,0.09853237708467742,0.009708629333957063,0.9124449779911965,-0.10240174223527827,-0.08816992143076972
income,Q2,Q2 income,0.9624365482233503,0.8496002361326892,0.008135116032388168,0.055573880666262426,7770,993.0,mean_model_curve,Xc,robustness,0.0198768413493127,0.0003950888220257471,0.89515806322529,-0.056875660659396296,-0.1559497709238979
income,Q2,Q2 income,0.9624365482233503,0.8496002361326892,0.008135116032388168,0.055573880666262426,7770,993.0,mean_model_curve,epsilon,robustness,0.008295564828870594,6.881639582999481e-05,1.1458183273309324,-0.046164025941801703,-0.16038722707585787
income,Q2,Q2 income,0.9624365482233503,0.8496002361326892,0.008135116032388168,0.055573880666262426,7770,993.0,mean_model_curve,h_ext,extrinsic,0.020015091442895525,0.0004006038854674697,0.0016261957181126618,-0.018410024802468644,-0.1653354579627552
income,Q3,Q3 income,1.0233502538071066,1.1442717104369384,0.006086495511129404,0.09984266402370386,7783,788.0,mean_model_curve,eta,senogenic,0.13823253883915898,0.019108234793919595,0.9871148459383753,0.01160355677711361,-0.002986787748174219
income,Q3,Q3 income,1.0233502538071066,1.1442717104369384,0.006086495511129404,0.09984266402370386,7783,788.0,mean_model_curve,beta,senogenic,0.08806024211233682,0.007754606240883378,1.074749899959984,0.07986715325230465,0.06746287080598094
income,Q3,Q3 income,1.0233502538071066,1.1442717104369384,0.006086495511129404,0.09984266402370386,7783,788.0,mean_model_curve,Xc,robustness,0.020365702552966995,0.0004147618404759264,1.104201680672269,0.042482072998722586,0.12857228338088758
income,Q3,Q3 income,1.0233502538071066,1.1442717104369384,0.006086495511129404,0.09984266402370386,7783,788.0,mean_model_curve,epsilon,robustness,0.010399926769498075,0.00010815847681092266,0.8868347338935574,0.03318278965479941,0.13229276577375124
income,Q3,Q3 income,1.0233502538071066,1.1442717104369384,0.006086495511129404,0.09984266402370386,7783,788.0,mean_model_curve,h_ext,extrinsic,0.14539291495514872,0.021139099719155112,0.0001,-0.0011665781836224676,-0.00858822873347331
income,Q4 (Highest),Q4 income,1.0477157360406093,1.597522193142479,0.005448287457867509,0.1083471090357268,7784,486.0,mean_model_curve,eta,senogenic,0.4727173434923754,0.22346168683848838,0.992156862745098,0.006983632791117242,-0.0025995468411869373
income,Q4 (Highest),Q4 income,1.0477157360406093,1.597522193142479,0.005448287457867509,0.1083471090357268,7784,486.0,mean_model_curve,beta,senogenic,0.323136252486491,0.10441703767101326,1.2629851940776309,0.2574634058875776,0.22358883503100213
income,Q4 (Highest),Q4 income,1.0477157360406093,1.597522193142479,0.005448287457867509,0.1083471090357268,7784,486.0,mean_model_curve,Xc,robustness,0.098562829315568,0.009714631322689793,1.4,0.12113327512120518,0.4039459991709442
income,Q4 (Highest),Q4 income,1.0477157360406093,1.597522193142479,0.005448287457867509,0.1083471090357268,7784,486.0,mean_model_curve,epsilon,robustness,0.05231558034678307,0.0027369199470207144,0.6396958783513405,0.09826528215355075,0.4601538065394528
income,Q4 (Highest),Q4 income,1.0477157360406093,1.597522193142479,0.005448287457867509,0.1083471090357268,7784,486.0,mean_model_curve,h_ext,extrinsic,0.47942874179235095,0.22985191845659675,0.0001,-0.0011665781836224676,-0.00858822873347331
alcohol,>4 drinks/day,>4 drinks/day,0.950253807106599,0.7969035126257249,0.012925193625867868,0.04718436499038651,4963,430.0,mean_model_curve,eta,senogenic,0.22865686330788812,0.05228396113780223,1.033893557422969,-0.030339733129622848,0.0006975262845510574
alcohol,>4 drinks/day,>4 drinks/day,0.950253807106599,0.7969035126257249,0.012925193625867868,0.04718436499038651,4963,430.0,mean_model_curve,beta,senogenic,0.1391647179872534,0.01936681873247177,0.8820328131252501,-0.14041063728701658,-0.12035754933586199
alcohol,>4 drinks/day,>4 drinks/day,0.950253807106599,0.7969035126257249,0.012925193625867868,0.04718436499038651,4963,430.0,mean_model_curve,Xc,robustness,0.03185189810612205,0.0010145434129627817,0.8596238495398159,-0.0803671192493479,-0.21462603444605413
alcohol,>4 drinks/day,>4 drinks/day,0.950253807106599,0.7969035126257249,0.012925193625867868,0.04718436499038651,4963,430.0,mean_model_curve,epsilon,robustness,0.016445212814510758,0.0002704450245145489,1.2063225290116044,-0.06663965708469727,-0.22185796276557054
alcohol,>4 drinks/day,>4 drinks/day,0.950253807106599,0.7969035126257249,0.012925193625867868,0.04718436499038651,4963,430.0,mean_model_curve,h_ext,extrinsic,0.02541935743926768,0.0006461437326252532,0.0022041214537194655,-0.025787617321960905,-0.2300481305632755
alcohol,0-1 drink/day,0-1 drink/day,1.0477157360406093,1.2551960088976621,0.005881879896644863,0.0609195095101623,11241,1738.0,mean_model_curve,eta,senogenic,0.23236979701304164,0.05399572256388217,0.9694677871148458,0.02796192770230883,-0.004328390189349997
alcohol,0-1 drink/day,0-1 drink/day,1.0477157360406093,1.2551960088976621,0.005881879896644863,0.0609195095101623,11241,1738.0,mean_model_curve,beta,senogenic,0.14234880007506598,0.0202631808828111,1.136534613845538,0.1416052977339981,0.1212751771402323
alcohol,0-1 drink/day,0-1 drink/day,1.0477157360406093,1.2551960088976621,0.005881879896644863,0.0609195095101623,11241,1738.0,mean_model_curve,Xc,robustness,0.025114155535497867,0.0006307208082611781,1.1899959983993598,0.07072572432355831,0.2202729244656173
alcohol,0-1 drink/day,0-1 drink/day,1.0477157360406093,1.2551960088976621,0.005881879896644863,0.0609195095101623,11241,1738.0,mean_model_curve,epsilon,robustness,0.00772828853516589,5.972644368277654e-05,0.8119247699079631,0.054190499630648155,0.22577602253787699
alcohol,0-1 drink/day,0-1 drink/day,1.0477157360406093,1.2551960088976621,0.005881879896644863,0.0609195095101623,11241,1738.0,mean_model_curve,h_ext,extrinsic,0.24067027781933528,0.05792218262563603,0.0001,-0.0011665781836224676,-0.00858822873347331
physical_activity,No Activity,No Activity,0.9746192893401016,0.9081521511404274,0.007002692156686252,0.03645429005289974,12510,2147.0,mean_model_curve,eta,senogenic,0.09622940441732339,0.009260098274512778,1.018767507002801,-0.01700329770875258,-0.0005084879647461267
physical_activity,No Activity,No Activity,0.9746192893401016,0.9081521511404274,0.007002692156686252,0.03645429005289974,12510,2147.0,mean_model_curve,beta,senogenic,0.056354245281265265,0.0031758009612210085,0.9454181672669066,-0.06277739151654026,-0.05389705608233509
physical_activity,No Activity,No Activity,0.9746192893401016,0.9081521511404274,0.007002692156686252,0.03645429005289974,12510,2147.0,mean_model_curve,Xc,robustness,0.008155481857862211,6.651188433391965e-05,0.9348539415766306,-0.03339587221477134,-0.09362048283761913
physical_activity,No Activity,No Activity,0.9746192893401016,0.9081521511404274,0.007002692156686252,0.03645429005289974,12510,2147.0,mean_model_curve,epsilon,robustness,0.0007350153055303848,5.40247499363925e-07,1.08531412565026,-0.026383017446590884,-0.09605166165328655
physical_activity,No Activity,No Activity,0.9746192893401016,0.9081521511404274,0.007002692156686252,0.03645429005289974,12510,2147.0,mean_model_curve,h_ext,extrinsic,0.014697330056620772,0.00021601151079324836,0.0010034512519894118,-0.011102479765530106,-0.0979803777704173
physical_activity,Some Activity,Some Activity,1.0477157360406093,1.0982965077854543,0.0052752816474179,0.05354797967760916,23951,1356.0,mean_model_curve,eta,senogenic,0.09927076593907404,0.009854684970130423,0.9579831932773109,0.03877053298102768,-0.0052002055440045275
physical_activity,Some Activity,Some Activity,1.0477157360406093,1.0982965077854543,0.0052752816474179,0.05354797967760916,23951,1356.0,mean_model_curve,beta,senogenic,0.0415322134684077,0.001724924755585386,1.0683473389355742,0.0732384220034417,0.061885993030444925
physical_activity,Some Activity,Some Activity,1.0477157360406093,1.0982965077854543,0.0052752816474179,0.05354797967760916,23951,1356.0,mean_model_curve,Xc,robustness,0.014587656659416555,0.00021279972681302015,1.0779511804721889,0.032731809785788726,0.09824717342149872
physical_activity,Some Activity,Some Activity,1.0477157360406093,1.0982965077854543,0.0052752816474179,0.05354797967760916,23951,1356.0,mean_model_curve,epsilon,robustness,0.0220447870352963,0.0004859726354315678,0.9143657462985193,0.02523863044136127,0.0991583754281012
physical_activity,Some Activity,Some Activity,1.0477157360406093,1.0982965077854543,0.0052752816474179,0.05354797967760916,23951,1356.0,mean_model_curve,h_ext,extrinsic,0.11295155273742413,0.012758053265795105,0.0001,-0.0011665781836224676,-0.00858822873347331
sleep_duration,1-<5 hours,1-5 h sleep,0.9624365482233503,0.7337456584782316,0.02113626587561113,0.06305259864170545,2092,307.0,mean_model_curve,eta,senogenic,0.30975394024016745,0.09594750349430922,1.0120448179271708,-0.011007811004539637,-0.0010424370311439626
sleep_duration,1-<5 hours,1-5 h sleep,0.9624365482233503,0.7337456584782316,0.02113626587561113,0.06305259864170545,2092,307.0,mean_model_curve,beta,senogenic,0.21066576305209805,0.04438006372232273,0.8567426970788314,-0.17311802697311224,-0.14772653626608703
sleep_duration,1-<5 hours,1-5 h sleep,0.9624365482233503,0.7337456584782316,0.02113626587561113,0.06305259864170545,2092,307.0,mean_model_curve,Xc,robustness,0.07584813274073271,0.0057529392402558095,0.8224889955982393,-0.10790437590202613,-0.2794866865936355
sleep_duration,1-<5 hours,1-5 h sleep,0.9624365482233503,0.7337456584782316,0.02113626587561113,0.06305259864170545,2092,307.0,mean_model_curve,epsilon,robustness,0.05580129556307646,0.0031137845865178166,1.277390956382553,-0.09074520314255624,-0.2905682069052136
sleep_duration,1-<5 hours,1-5 h sleep,0.9624365482233503,0.7337456584782316,0.02113626587561113,0.06305259864170545,2092,307.0,mean_model_curve,h_ext,extrinsic,0.0033055328629819987,1.0926547508253968e-05,0.002918862261429105,-0.03501525212262861,-0.31006325467561174
sleep_duration,5-<7 hours,5-7 h sleep,1.0111675126903554,0.9422078568081933,0.00394953869907346,0.03357033060330004,12255,1251.0,mean_model_curve,eta,senogenic,0.05639027435092601,0.0031798630413727032,0.9826330532212885,0.015730016688205235,-0.0033290362084796104
sleep_duration,5-<7 hours,5-7 h sleep,1.0111675126903554,0.9422078568081933,0.00394953869907346,0.03357033060330004,12255,1251.0,mean_model_curve,beta,senogenic,0.05275208447777323,0.0027827824167501233,0.9793517406962784,-0.023525631571537052,-0.019736672622160972
sleep_duration,5-<7 hours,5-7 h sleep,1.0111675126903554,0.9422078568081933,0.00394953869907346,0.03357033060330004,12255,1251.0,mean_model_curve,Xc,robustness,0.030381130287058047,0.0009230130775191958,0.9643057222889155,-0.017604624646258598,-0.04959281842737928
sleep_duration,5-<7 hours,5-7 h sleep,1.0111675126903554,0.9422078568081933,0.00394953869907346,0.03357033060330004,12255,1251.0,mean_model_curve,epsilon,robustness,0.026285200770884695,0.0006909117795657174,1.0462585034013605,-0.01427047041494428,-0.052676199740578036
sleep_duration,5-<7 hours,5-7 h sleep,1.0111675126903554,0.9422078568081933,0.00394953869907346,0.03357033060330004,12255,1251.0,mean_model_curve,h_ext,extrinsic,0.017897447907622037,0.0003203186416060444,0.0005906471551274091,-0.006683543125193754,-0.057563554907934585
sleep_duration,7-<9 hours,7-9 h sleep,1.0233502538071066,1.1442717104369384,0.002106592868928802,0.04191548314543049,22189,2178.0,mean_model_curve,eta,senogenic,0.13823253883915898,0.019108234793919595,0.9871148459383753,0.01160355677711361,-0.002986787748174219
sleep_duration,7-<9 hours,7-9 h sleep,1.0233502538071066,1.1442717104369384,0.002106592868928802,0.04191548314543049,22189,2178.0,mean_model_curve,beta,senogenic,0.08806024211233682,0.007754606240883378,1.074749899959984,0.07986715325230465,0.06746287080598094
sleep_duration,7-<9 hours,7-9 h sleep,1.0233502538071066,1.1442717104369384,0.002106592868928802,0.04191548314543049,22189,2178.0,mean_model_curve,Xc,robustness,0.020365702552966995,0.0004147618404759264,1.104201680672269,0.042482072998722586,0.12857228338088758
sleep_duration,7-<9 hours,7-9 h sleep,1.0233502538071066,1.1442717104369384,0.002106592868928802,0.04191548314543049,22189,2178.0,mean_model_curve,epsilon,robustness,0.010399926769498075,0.00010815847681092266,0.8868347338935574,0.03318278965479941,0.13229276577375124
sleep_duration,7-<9 hours,7-9 h sleep,1.0233502538071066,1.1442717104369384,0.002106592868928802,0.04191548314543049,22189,2178.0,mean_model_curve,h_ext,extrinsic,0.14539291495514872,0.021139099719155112,0.0001,-0.0011665781836224676,-0.00858822873347331
sleep_duration,>=9 hours,>=9 h sleep,0.950253807106599,0.724457738750659,0.010849481671698096,0.05344716048311557,5389,781.0,mean_model_curve,eta,senogenic,0.3235771886775986,0.10470219703249824,1.0243697478991596,-0.0219671164542917,-6.213624091542555e-05
sleep_duration,>=9 hours,>=9 h sleep,0.950253807106599,0.724457738750659,0.010849481671698096,0.05344716048311557,5389,781.0,mean_model_curve,beta,senogenic,0.21233508694049857,0.04508618914602908,0.8468187274909964,-0.18623482168213104,-0.15861011030690567
sleep_duration,>=9 hours,>=9 h sleep,0.950253807106599,0.724457738750659,0.010849481671698096,0.05344716048311557,5389,781.0,mean_model_curve,Xc,robustness,0.06932057810866774,0.0048053425493199044,0.814485794317727,-0.11428491361667499,-0.29398271942992543
sleep_duration,>=9 hours,>=9 h sleep,0.950253807106599,0.724457738750659,0.010849481671698096,0.05344716048311557,5389,781.0,mean_model_curve,epsilon,robustness,0.04815963927616598,0.002319350855210429,1.2933973589435772,-0.09625277852083697,-0.30578179744795575
sleep_duration,>=9 hours,>=9 h sleep,0.950253807106599,0.724457738750659,0.010849481671698096,0.05344716048311557,5389,781.0,mean_model_curve,h_ext,extrinsic,0.014473417875402213,0.00020947982499601233,0.003043882930764454,-0.03666810280906329,-0.32415555113303973
sleep_frailty,Q4 (highest),Q4 sleep frailty,0.9868020304568529,0.7881463311682995,0.00951424503382876,0.04719588998782171,2945,532.0,mean_model_curve,eta,senogenic,0.2363424481423088,0.05585775279389992,0.9927170868347338,0.006471754254375224,-0.0025563473297190694
sleep_frailty,Q4 (highest),Q4 sleep frailty,0.9868020304568529,0.7881463311682995,0.00951424503382876,0.04719588998782171,2945,532.0,mean_model_curve,beta,senogenic,0.1719391299354097,0.0295630644029457,0.8948379351740696,-0.12423272450860542,-0.10671758618221569
sleep_frailty,Q4 (highest),Q4 sleep frailty,0.9868020304568529,0.7881463311682995,0.00951424503382876,0.04719588998782171,2945,532.0,mean_model_curve,Xc,robustness,0.07095814822718034,0.005035058799830497,0.8615446178471389,-0.07902979712799253,-0.21137337086097654
sleep_frailty,Q4 (highest),Q4 sleep frailty,0.9868020304568529,0.7881463311682995,0.00951424503382876,0.04719588998782171,2945,532.0,mean_model_curve,epsilon,robustness,0.05573389029027943,0.003106266526888903,1.2047218887555022,-0.06609966358365311,-0.22026796181505293
sleep_frailty,Q4 (highest),Q4 sleep frailty,0.9868020304568529,0.7881463311682995,0.00951424503382876,0.04719588998782171,2945,532.0,mean_model_curve,h_ext,extrinsic,0.013335332967436983,0.00017783110535241165,0.0022630934675568946,-0.026544054644426905,-0.23663945851928378
sleep_frailty,Q1 (lowest),Q1 sleep frailty,1.0111675126903554,1.0599838389092175,0.0056410169678571655,0.06958924467135963,2951,614.0,mean_model_curve,eta,senogenic,0.060984229179559014,0.0037190762086249775,0.9932773109243697,0.005960163276241348,-0.0025131098217056388
sleep_frailty,Q1 (lowest),Q1 sleep frailty,1.0111675126903554,1.0599838389092175,0.0056410169678571655,0.06958924467135963,2951,614.0,mean_model_curve,beta,senogenic,0.037031736272500906,0.0013713494913560596,1.032172869147659,0.03495565521925867,0.02992478702208925
sleep_frailty,Q1 (lowest),Q1 sleep frailty,1.0111675126903554,1.0599838389092175,0.0056410169678571655,0.06958924467135963,2951,614.0,mean_model_curve,Xc,robustness,0.007977824835881385,6.364568911200584e-05,1.042737094837935,0.01868438847764969,0.0557620953015009
sleep_frailty,Q1 (lowest),Q1 sleep frailty,1.0111675126903554,1.0599838389092175,0.0056410169678571655,0.06958924467135963,2951,614.0,mean_model_curve,epsilon,robustness,0.0037699802802687084,1.4212751313614931e-05,0.9498999599839936,0.014783386906851471,0.05742495456735027
sleep_frailty,Q1 (lowest),Q1 sleep frailty,1.0111675126903554,1.0599838389092175,0.0056410169678571655,0.06958924467135963,2951,614.0,mean_model_curve,h_ext,extrinsic,0.0679591426987546,0.004618445076349691,0.0001,-0.0011665781836224676,-0.00858822873347331
church_frequency,never,never,0.9746192893401016,0.9615728659133936,0.009749238102940535,0.05159237632934707,2415,817.0,mean_model_curve,eta,senogenic,0.03930074124577744,0.001544548262467552,1.0246498599439775,-0.02221454537571744,-3.979887370078903e-05
church_frequency,never,never,0.9746192893401016,0.9615728659133936,0.009749238102940535,0.05159237632934707,2415,817.0,mean_model_curve,beta,senogenic,0.013256562140654116,0.00017573643978902406,0.9697478991596638,-0.03449085270683219,-0.0292549682959753
church_frequency,never,never,0.9746192893401016,0.9615728659133936,0.009749238102940535,0.05159237632934707,2415,817.0,mean_model_curve,Xc,robustness,0.011103544195745314,0.00012328869370686944,0.9687875150060024,-0.015314395307455477,-0.04309060348875551
church_frequency,never,never,0.9746192893401016,0.9615728659133936,0.009749238102940535,0.05159237632934707,2415,817.0,mean_model_curve,epsilon,robustness,0.014563443405451652,0.0002120938838237932,1.0376150460184073,-0.011633512661048095,-0.04292560815791801
church_frequency,never,never,0.9746192893401016,0.9615728659133936,0.009749238102940535,0.05159237632934707,2415,817.0,mean_model_curve,h_ext,extrinsic,0.02112754467903495,0.0004463731441646181,0.00041844887472211644,-0.004774583705984148,-0.042039804864443135
church_frequency,sometimes,sometimes,1.0111675126903554,0.997631848385146,0.008855771863741525,0.07862675316003966,1882,438.0,mean_model_curve,eta,senogenic,0.0005731666786836346,3.2852004155322885e-07,0.9876750700280111,0.011089069208002306,-0.002943887892436383
church_frequency,sometimes,sometimes,1.0111675126903554,0.997631848385146,0.008855771863741525,0.07862675316003966,1882,438.0,mean_model_curve,beta,senogenic,0.00937922671382277,8.796989374928665e-05,1.0049619847939175,0.005212202587572702,0.004925447710328004
church_frequency,sometimes,sometimes,1.0111675126903554,0.997631848385146,0.008855771863741525,0.07862675316003966,1882,438.0,mean_model_curve,Xc,robustness,0.011573741033262001,0.00013395148150501256,1.000800320128051,0.00023868862653009606,0.0016116724256154055
church_frequency,sometimes,sometimes,1.0111675126903554,0.997631848385146,0.008855771863741525,0.07862675316003966,1882,438.0,mean_model_curve,epsilon,robustness,0.011540501271873902,0.00013318316960612313,0.9991996798719487,-9.515977402818707e-07,0.0007638950018764227
church_frequency,sometimes,sometimes,1.0111675126903554,0.997631848385146,0.008855771863741525,0.07862675316003966,1882,438.0,mean_model_curve,h_ext,extrinsic,0.013757223164874393,0.0001892611892081566,0.0001,-0.0011665781836224676,-0.00858822873347331
church_frequency,weekly,weekly,1.0355329949238579,1.1578939927040448,0.008436933048453582,0.09326775574441565,1890,582.0,mean_model_curve,eta,senogenic,0.1509986250143937,0.022800584756237485,0.9750700280112043,0.022736493256846204,-0.0039037726933478165
church_frequency,weekly,weekly,1.0355329949238579,1.1578939927040448,0.008436933048453582,0.09326775574441565,1890,582.0,mean_model_curve,beta,senogenic,0.08943151542949804,0.007997995952016546,1.0875550220088035,0.0929938958528724,0.07859559103839
church_frequency,weekly,weekly,1.0355329949238579,1.1578939927040448,0.008436933048453582,0.09326775574441565,1890,582.0,mean_model_curve,Xc,robustness,0.012662117074510384,0.0001603292088086074,1.116686674669868,0.046933078050732976,0.1426121654841521
church_frequency,weekly,weekly,1.0355329949238579,1.1578939927040448,0.008436933048453582,0.09326775574441565,1890,582.0,mean_model_curve,epsilon,robustness,0.0015774650674664225,2.488396039076845e-06,0.8753101240496198,0.036476508423608264,0.1463703732949327
church_frequency,weekly,weekly,1.0355329949238579,1.1578939927040448,0.008436933048453582,0.09326775574441565,1890,582.0,mean_model_curve,h_ext,extrinsic,0.15933058954464346,0.025386236764643647,0.0001,-0.0011665781836224676,-0.00858822873347331
education_level,no highschool,no high school,0.9746192893401016,0.8173369360263846,0.0044993751015519326,0.02304410827292601,15116,3710.0,mean_model_curve,eta,senogenic,0.2011769180803589,0.040472152368311434,1.0086834733893557,-0.007993854120350157,-0.0013083818383333762
education_level,no highschool,no high school,0.9746192893401016,0.8173369360263846,0.0044993751015519326,0.02304410827292601,15116,3710.0,mean_model_curve,beta,senogenic,0.13615347671620562,0.018537769221910347,0.9031612645058023,-0.11385172254165356,-0.09793240095229218
education_level,no highschool,no high school,0.9746192893401016,0.8173369360263846,0.0044993751015519326,0.02304410827292601,15116,3710.0,mean_model_curve,Xc,robustness,0.045785599903685144,0.002096321158540333,0.8775510204081632,-0.06819345307112815,-0.1846352439997095
education_level,no highschool,no high school,0.9746192893401016,0.8173369360263846,0.0044993751015519326,0.02304410827292601,15116,3710.0,mean_model_curve,epsilon,robustness,0.03235996065743288,0.0010471670537506037,1.175910364145658,-0.05634767429352303,-0.19129236564526986
education_level,no highschool,no high school,0.9746192893401016,0.8173369360263846,0.0044993751015519326,0.02304410827292601,15116,3710.0,mean_model_curve,h_ext,extrinsic,0.0031507458257181873,9.927199258280582e-06,0.001954080115048767,-0.02257399989174999,-0.20202480914310517
education_level,some college,some college,1.0233502538071066,1.0727547285346297,0.006060837180344894,0.03815531488304666,27001,3163.0,mean_model_curve,eta,senogenic,0.07391424987329095,0.005463316334331292,0.9812324929971988,0.017023408661073033,-0.003435689666062035
education_level,some college,some college,1.0233502538071066,1.0727547285346297,0.006060837180344894,0.03815531488304666,27001,3163.0,mean_model_curve,beta,senogenic,0.038559938316810975,0.001486868842996267,1.044017607042817,0.047647329983336824,0.04050774066884013
education_level,some college,some college,1.0233502538071066,1.0727547285346297,0.006060837180344894,0.03815531488304666,27001,3163.0,mean_model_curve,Xc,robustness,0.00044915170240818675,2.0173725177617235e-07,1.0542617046818727,0.023414822047704193,0.06992845842322247
education_level,some college,some college,1.0233502538071066,1.0727547285346297,0.006060837180344894,0.03815531488304666,27001,3163.0,mean_model_curve,epsilon,robustness,0.004891614186725824,2.3927889351777342e-05,0.937735094037615,0.018386084216663504,0.07160028062487372
education_level,some college,some college,1.0233502538071066,1.0727547285346297,0.006060837180344894,0.03815531488304666,27001,3163.0,mean_model_curve,h_ext,extrinsic,0.08246377491858257,0.006800274173822648,0.0001,-0.0011665781836224676,-0.00858822873347331
