curve_set,topic,group,label,n_bootstrap_usable,central_best_coordinate,central_best_coordinate_class,p_eta,p_beta,p_Xc,p_epsilon,p_h_ext,p_senogenic,p_robustness,p_extrinsic,central_distance_eta,central_distance_beta,central_distance_Xc,central_distance_epsilon,central_distance_h_ext,central_best_distance,central_second_distance,central_distance_margin
mean_model_curve,diet,Good,Good,300,epsilon,robustness,0.0033333333333333335,0.016666666666666666,0.08333333333333333,0.8966666666666666,0.0,0.02,0.98,0.0,0.16102862835200937,0.10344460231316427,0.024427069559908282,0.012710158173894858,0.1681957567214057,0.012710158173894858,0.024427069559908282,0.011716911386013424
Xc_high,diet,Good,Good,300,epsilon,robustness,0.0033333333333333335,0.023333333333333334,0.14,0.8333333333333334,0.0,0.02666666666666667,0.9733333333333334,0.0,0.15670655571914766,0.09759650903450263,0.015854696344243933,0.0025106806670677126,0.1720013955127645,0.0025106806670677126,0.015854696344243933,0.01334401567717622
Xc_low,diet,Good,Good,300,epsilon,robustness,0.0033333333333333335,0.01,0.03,0.9566666666666667,0.0,0.013333333333333334,0.9866666666666667,0.0,0.16434798111059112,0.1114057059324783,0.034714053811716224,0.02553059416594938,0.1684630432465776,0.02553059416594938,0.034714053811716224,0.009183459645766844
beta_high,diet,Good,Good,300,epsilon,robustness,0.006666666666666667,0.023333333333333334,0.13,0.84,0.0,0.03,0.97,0.0,0.1586214233816656,0.09780239168704867,0.01581276184376564,0.005944711722485028,0.16801745156207173,0.005944711722485028,0.01581276184376564,0.00986805012128061
beta_low,diet,Good,Good,300,epsilon,robustness,0.0033333333333333335,0.013333333333333334,0.03666666666666667,0.9466666666666667,0.0,0.016666666666666666,0.9833333333333333,0.0,0.1635019158173913,0.10495882390631776,0.03205553153356007,0.01867712475713968,0.16022201901061664,0.01867712475713968,0.03205553153356007,0.013378406776420389
central,diet,Good,Good,300,epsilon,robustness,0.0033333333333333335,0.016666666666666666,0.07666666666666666,0.9033333333333333,0.0,0.02,0.98,0.0,0.16204075772486032,0.10240185917117543,0.024019752365203186,0.011499933804488495,0.1725865908209494,0.011499933804488495,0.024019752365203186,0.01251981856071469
epsilon_high,diet,Good,Good,300,epsilon,robustness,0.0033333333333333335,0.01,0.03666666666666667,0.95,0.0,0.013333333333333334,0.9866666666666667,0.0,0.17349591804216283,0.10743920109546401,0.032599610715680766,0.02102203776540854,0.16945182325726535,0.02102203776540854,0.032599610715680766,0.011577572950272227
epsilon_low,diet,Good,Good,300,epsilon,robustness,0.0033333333333333335,0.016666666666666666,0.14,0.84,0.0,0.02,0.98,0.0,0.15876497369072032,0.10327337650936191,0.016582555540710236,0.0035231303104794037,0.17015831207154802,0.0035231303104794037,0.016582555540710236,0.013059425230230832
eta_high,diet,Good,Good,300,epsilon,robustness,0.006666666666666667,0.02,0.11666666666666667,0.8566666666666667,0.0,0.02666666666666667,0.9733333333333334,0.0,0.15253816515331203,0.10051824045269228,0.02036171929985758,0.008789525563634309,0.15499161545342538,0.008789525563634309,0.02036171929985758,0.011572193736223271
eta_low,diet,Good,Good,300,epsilon,robustness,0.0033333333333333335,0.016666666666666666,0.08666666666666667,0.8933333333333333,0.0,0.02,0.98,0.0,0.16178803266745548,0.10338886442865658,0.022594072259624374,0.01220520468660514,0.17773494619813612,0.01220520468660514,0.022594072259624374,0.010388867573019234
xc_std_frac_high,diet,Good,Good,300,epsilon,robustness,0.0033333333333333335,0.016666666666666666,0.08666666666666667,0.8933333333333333,0.0,0.02,0.98,0.0,0.16249700495990507,0.1071025616355321,0.022742604021803284,0.012277268134595651,0.169365846771563,0.012277268134595651,0.022742604021803284,0.010465335887207633
xc_std_frac_low,diet,Good,Good,300,epsilon,robustness,0.006666666666666667,0.013333333333333334,0.08,0.9,0.0,0.02,0.98,0.0,0.15139005382449322,0.10151119458430923,0.025013937448194308,0.012214072189198533,0.16600891655537145,0.012214072189198533,0.025013937448194308,0.012799865258995775
mean_model_curve,diet,Poor,Poor,300,beta,senogenic,0.12333333333333334,0.14666666666666667,0.19,0.35333333333333333,0.18666666666666668,0.27,0.5433333333333333,0.18666666666666668,0.02336857268127013,0.006042639911142868,0.006961663159526858,0.008576434476500683,0.032597729039651545,0.006042639911142868,0.006961663159526858,0.0009190232483839902
Xc_high,diet,Poor,Poor,300,beta,senogenic,0.13333333333333333,0.14666666666666667,0.21333333333333335,0.32,0.18666666666666668,0.28,0.5333333333333333,0.18666666666666668,0.019047455824297278,0.005502542092510067,0.010501537649794434,0.009854184730834738,0.03616254489986235,0.005502542092510067,0.009854184730834738,0.004351642638324671
Xc_low,diet,Poor,Poor,300,epsilon,robustness,0.09666666666666666,0.12333333333333334,0.17,0.44,0.17,0.22,0.61,0.17,0.0266943350180475,0.009737362372359462,0.005512034051552693,0.004981496387668823,0.03316159873597692,0.004981496387668823,0.005512034051552693,0.0005305376638838708
beta_high,diet,Poor,Poor,300,beta,senogenic,0.14666666666666667,0.19333333333333333,0.15666666666666668,0.32,0.18333333333333332,0.34,0.4766666666666667,0.18333333333333332,0.023910528248501022,0.00033189598369662884,0.00931129250633139,0.010394232095991166,0.032392692019770145,0.00033189598369662884,0.00931129250633139,0.008979396522634762
beta_low,diet,Poor,Poor,300,Xc,robustness,0.11,0.15,0.16666666666666666,0.4,0.17333333333333334,0.26,0.5666666666666667,0.17333333333333334,0.025848891691234464,0.00835787146887588,0.006185494812045727,0.007451566862270091,0.025525714897350577,0.006185494812045727,0.007451566862270091,0.0012660720502243638
central,diet,Poor,Poor,300,Xc,robustness,0.11,0.13666666666666666,0.19666666666666666,0.39,0.16666666666666666,0.24666666666666667,0.5866666666666667,0.16666666666666666,0.024448274992161984,0.007422447567700613,0.005640401961658806,0.00731782233790271,0.03658523594034183,0.005640401961658806,0.00731782233790271,0.0016774203762439039
epsilon_high,diet,Poor,Poor,300,Xc,robustness,0.09,0.15,0.21,0.4166666666666667,0.13333333333333333,0.24,0.6266666666666667,0.13333333333333333,0.03590095330130754,0.009336934685297246,0.004241893363518881,0.007986908525518135,0.03338440071290872,0.004241893363518881,0.007986908525518135,0.0037450151619992543
epsilon_low,diet,Poor,Poor,300,beta,senogenic,0.12,0.14333333333333334,0.22,0.33,0.18666666666666668,0.2633333333333333,0.55,0.18666666666666668,0.02111037260476015,0.006078324079067517,0.007505173085678957,0.010146520622214071,0.034377394818152926,0.006078324079067517,0.007505173085678957,0.0014268490066114406
eta_high,diet,Poor,Poor,300,beta,senogenic,0.13666666666666666,0.13666666666666666,0.19,0.29333333333333333,0.24333333333333335,0.2733333333333333,0.48333333333333334,0.24333333333333335,0.014878321207965924,0.0035152216846364845,0.010812582156643885,0.009699595070469129,0.021567092307111724,0.0035152216846364845,0.009699595070469129,0.006184373385832644
eta_low,diet,Poor,Poor,300,Xc,robustness,0.1,0.1,0.26666666666666666,0.38333333333333336,0.15,0.2,0.65,0.15,0.024171440382879817,0.009725018756633258,0.005045449145121293,0.008563122269998667,0.041474403783493714,0.005045449145121293,0.008563122269998667,0.003517673124877374
xc_std_frac_high,diet,Poor,Poor,300,beta,senogenic,0.14,0.12666666666666668,0.22333333333333333,0.35,0.16,0.26666666666666666,0.5733333333333334,0.16,0.024985159404875577,0.003770951168708204,0.005818595181914857,0.00958197684235158,0.03384991449569623,0.003770951168708204,0.005818595181914857,0.0020476440132066527
xc_std_frac_low,diet,Poor,Poor,300,beta,senogenic,0.13666666666666666,0.09666666666666666,0.18,0.3566666666666667,0.23,0.23333333333333334,0.5366666666666666,0.23,0.01372890125822594,0.0026494086667843905,0.006504578842365606,0.00864160200897947,0.03060546640099723,0.0026494086667843905,0.006504578842365606,0.003855170175581215
mean_model_curve,number_of_friends,0 friends,0 friends,300,epsilon,robustness,0.08333333333333333,0.09,0.14666666666666667,0.2966666666666667,0.38333333333333336,0.17333333333333334,0.44333333333333336,0.38333333333333336,0.15477239736419862,0.08461879272050706,0.007129857023048318,0.004105776798024051,0.03089312276366209,0.004105776798024051,0.007129857023048318,0.0030240802250242676
Xc_high,number_of_friends,0 friends,0 friends,300,Xc,robustness,0.08666666666666667,0.1,0.24333333333333335,0.30333333333333334,0.26666666666666666,0.18666666666666668,0.5466666666666666,0.26666666666666666,0.15550931128065962,0.08105752252624362,0.0028617411374881837,0.01481592042331149,0.03397097369317143,0.0028617411374881837,0.01481592042331149,0.011954179285823307
Xc_low,number_of_friends,0 friends,0 friends,300,epsilon,robustness,0.07666666666666666,0.08666666666666667,0.10666666666666667,0.15666666666666668,0.5733333333333334,0.16333333333333333,0.2633333333333333,0.5733333333333334,0.1539302268740476,0.08639157425200401,0.01929715674103703,0.011850959782120847,0.021143245252246406,0.011850959782120847,0.01929715674103703,0.007446196958916183
beta_high,number_of_friends,0 friends,0 friends,300,Xc,robustness,0.07,0.1,0.17666666666666667,0.3466666666666667,0.30666666666666664,0.17,0.5233333333333333,0.30666666666666664,0.1533748896749119,0.08801466919526764,0.0010661148019716006,0.009773889379583007,0.03503853745014139,0.0010661148019716006,0.009773889379583007,0.008707774577611406
beta_low,number_of_friends,0 friends,0 friends,300,epsilon,robustness,0.07666666666666666,0.09,0.12666666666666668,0.23333333333333334,0.47333333333333333,0.16666666666666666,0.36,0.47333333333333333,0.15425789939948187,0.08778355530127421,0.015853568220230218,0.0032926490096405435,0.0245272068004651,0.0032926490096405435,0.015853568220230218,0.012560919210589674
central,number_of_friends,0 friends,0 friends,300,Xc,robustness,0.08666666666666667,0.08666666666666667,0.16,0.3,0.36666666666666664,0.17333333333333334,0.46,0.36666666666666664,0.15139119309578514,0.08591791808738261,0.0066970874737063415,0.00685191610928896,0.03180633664114757,0.0066970874737063415,0.00685191610928896,0.00015482863558261874
epsilon_high,number_of_friends,0 friends,0 friends,300,epsilon,robustness,0.07,0.09,0.12,0.25666666666666665,0.4633333333333333,0.16,0.37666666666666665,0.4633333333333333,0.14477403363716826,0.0790736363943543,0.01123411767430257,0.0004353530727226591,0.027271272960316482,0.0004353530727226591,0.01123411767430257,0.010798764601579912
epsilon_low,number_of_friends,0 friends,0 friends,300,Xc,robustness,0.08666666666666667,0.10333333333333333,0.23333333333333334,0.31666666666666665,0.26,0.19,0.55,0.26,0.14971477028134797,0.07789024637840562,0.004355912561930832,0.014616609391394381,0.0351472775000302,0.004355912561930832,0.014616609391394381,0.01026069682946355
eta_high,number_of_friends,0 friends,0 friends,300,epsilon,robustness,0.08,0.09,0.17333333333333334,0.2733333333333333,0.38333333333333336,0.17,0.44666666666666666,0.38333333333333336,0.16136722773088177,0.0901504693350088,0.00835939984526582,0.0060852272212445005,0.030662384124072437,0.0060852272212445005,0.00835939984526582,0.0022741726240213186
eta_low,number_of_friends,0 friends,0 friends,300,epsilon,robustness,0.08333333333333333,0.09333333333333334,0.15333333333333332,0.3,0.37,0.17666666666666667,0.4533333333333333,0.37,0.15409584272387325,0.08388717738076266,0.005217309068425476,0.005187713637072935,0.031689439652663076,0.005187713637072935,0.005217309068425476,2.9595431352540807e-05
xc_std_frac_high,number_of_friends,0 friends,0 friends,300,Xc,robustness,0.07,0.09666666666666666,0.16,0.29333333333333333,0.38,0.16666666666666666,0.4533333333333333,0.38,0.15556923401960976,0.08790438590161467,0.00445926701386026,0.005184509652322029,0.029023944441427255,0.00445926701386026,0.005184509652322029,0.0007252426384617688
xc_std_frac_low,number_of_friends,0 friends,0 friends,300,epsilon,robustness,0.08333333333333333,0.09333333333333334,0.15333333333333332,0.2966666666666667,0.37333333333333335,0.17666666666666667,0.45,0.37333333333333335,0.15598382862552043,0.08165819326692883,0.006820819914852473,0.004768150376434171,0.03147382945638897,0.004768150376434171,0.006820819914852473,0.002052669538418302
mean_model_curve,number_of_friends,1+ friends,1+ friends,300,beta,senogenic,0.23,0.19666666666666666,0.28,0.11333333333333333,0.18,0.4266666666666667,0.3933333333333333,0.18,0.02336857268127013,0.006042639911142868,0.006961663159526858,0.008576434476500683,0.032597729039651545,0.006042639911142868,0.006961663159526858,0.0009190232483839902
Xc_high,number_of_friends,1+ friends,1+ friends,300,beta,senogenic,0.23,0.20666666666666667,0.26666666666666666,0.09,0.20666666666666667,0.43666666666666665,0.3566666666666667,0.20666666666666667,0.019047455824297278,0.005502542092510067,0.010501537649794434,0.009854184730834738,0.03616254489986235,0.005502542092510067,0.009854184730834738,0.004351642638324671
Xc_low,number_of_friends,1+ friends,1+ friends,300,epsilon,robustness,0.20333333333333334,0.19333333333333333,0.11,0.3433333333333333,0.15,0.39666666666666667,0.4533333333333333,0.15,0.0266943350180475,0.009737362372359462,0.005512034051552693,0.004981496387668823,0.03316159873597692,0.004981496387668823,0.005512034051552693,0.0005305376638838708
beta_high,number_of_friends,1+ friends,1+ friends,300,beta,senogenic,0.2733333333333333,0.26666666666666666,0.22333333333333333,0.06,0.17666666666666667,0.54,0.2833333333333333,0.17666666666666667,0.023910528248501022,0.00033189598369662884,0.00931129250633139,0.010394232095991166,0.032392692019770145,0.00033189598369662884,0.00931129250633139,0.008979396522634762
beta_low,number_of_friends,1+ friends,1+ friends,300,Xc,robustness,0.23333333333333334,0.20333333333333334,0.23333333333333334,0.18,0.15,0.43666666666666665,0.41333333333333333,0.15,0.025848891691234464,0.00835787146887588,0.006185494812045727,0.007451566862270091,0.025525714897350577,0.006185494812045727,0.007451566862270091,0.0012660720502243638
central,number_of_friends,1+ friends,1+ friends,300,Xc,robustness,0.21666666666666667,0.19,0.2733333333333333,0.14333333333333334,0.17666666666666667,0.4066666666666667,0.4166666666666667,0.17666666666666667,0.024448274992161984,0.007422447567700613,0.005640401961658806,0.00731782233790271,0.03658523594034183,0.005640401961658806,0.00731782233790271,0.0016774203762439039
epsilon_high,number_of_friends,1+ friends,1+ friends,300,Xc,robustness,0.17666666666666667,0.25666666666666665,0.26,0.19666666666666666,0.11,0.43333333333333335,0.45666666666666667,0.11,0.03590095330130754,0.009336934685297246,0.004241893363518881,0.007986908525518135,0.03338440071290872,0.004241893363518881,0.007986908525518135,0.0037450151619992543
epsilon_low,number_of_friends,1+ friends,1+ friends,300,beta,senogenic,0.22,0.2,0.31333333333333335,0.07,0.19666666666666666,0.42,0.38333333333333336,0.19666666666666666,0.02111037260476015,0.006078324079067517,0.007505173085678957,0.010146520622214071,0.034377394818152926,0.006078324079067517,0.007505173085678957,0.0014268490066114406
eta_high,number_of_friends,1+ friends,1+ friends,300,beta,senogenic,0.21333333333333335,0.19,0.17666666666666667,0.14666666666666667,0.2733333333333333,0.4033333333333333,0.3233333333333333,0.2733333333333333,0.014878321207965924,0.0035152216846364845,0.010812582156643885,0.009699595070469129,0.021567092307111724,0.0035152216846364845,0.009699595070469129,0.006184373385832644
eta_low,number_of_friends,1+ friends,1+ friends,300,Xc,robustness,0.20333333333333334,0.16,0.34,0.12,0.17666666666666667,0.36333333333333334,0.46,0.17666666666666667,0.024171440382879817,0.009725018756633258,0.005045449145121293,0.008563122269998667,0.041474403783493714,0.005045449145121293,0.008563122269998667,0.003517673124877374
xc_std_frac_high,number_of_friends,1+ friends,1+ friends,300,beta,senogenic,0.2633333333333333,0.2,0.2733333333333333,0.11333333333333333,0.15,0.4633333333333333,0.38666666666666666,0.15,0.024985159404875577,0.003770951168708204,0.005818595181914857,0.00958197684235158,0.03384991449569623,0.003770951168708204,0.005818595181914857,0.0020476440132066527
xc_std_frac_low,number_of_friends,1+ friends,1+ friends,300,beta,senogenic,0.20333333333333334,0.14,0.25666666666666665,0.11666666666666667,0.2833333333333333,0.3433333333333333,0.37333333333333335,0.2833333333333333,0.01372890125822594,0.0026494086667843905,0.006504578842365606,0.00864160200897947,0.03060546640099723,0.0026494086667843905,0.006504578842365606,0.003855170175581215
mean_model_curve,income,Q1 (Lowest),Q1 income,300,h_ext,extrinsic,0.0,0.0,0.016666666666666666,0.20666666666666667,0.7766666666666666,0.0,0.22333333333333333,0.7766666666666666,0.30077463955455624,0.19676816990327756,0.0628751613292251,0.04319542676556986,0.014221035164691162,0.014221035164691162,0.04319542676556986,0.028974391600878696
Xc_high,income,Q1 (Lowest),Q1 income,300,epsilon,robustness,0.0,0.0,0.056666666666666664,0.5433333333333333,0.4,0.0,0.6,0.4,0.30211069970521837,0.19071734120528303,0.04369357130519415,0.02141817762122497,0.022762342709481593,0.02141817762122497,0.022762342709481593,0.001344165088256622
Xc_low,income,Q1 (Lowest),Q1 income,300,h_ext,extrinsic,0.0,0.0,0.0033333333333333335,0.02666666666666667,0.97,0.0,0.03,0.97,0.29820896333592506,0.2043195446503744,0.08766914149699578,0.07388577278751597,0.006100864468278033,0.006100864468278033,0.07388577278751597,0.06778490831923793
beta_high,income,Q1 (Lowest),Q1 income,300,h_ext,extrinsic,0.0,0.0,0.03,0.44666666666666666,0.5233333333333333,0.0,0.4766666666666667,0.5233333333333333,0.29839069206166363,0.2007082393345314,0.047635314547282794,0.02932024108722077,0.02218620688971555,0.02218620688971555,0.02932024108722077,0.007134034197505218
beta_low,income,Q1 (Lowest),Q1 income,300,h_ext,extrinsic,0.0,0.0,0.006666666666666667,0.05333333333333334,0.94,0.0,0.06,0.94,0.29915970831946326,0.20270246278177,0.07997928857405967,0.05941964982810029,0.0004841119053127934,0.0004841119053127934,0.05941964982810029,0.058935537922787495
central,income,Q1 (Lowest),Q1 income,300,h_ext,extrinsic,0.0,0.0,0.016666666666666666,0.2633333333333333,0.72,0.0,0.28,0.72,0.29791044147836454,0.19539311705207285,0.05879355667052185,0.03816504491814989,0.015091530496447918,0.015091530496447918,0.03816504491814989,0.023073514421701975
epsilon_high,income,Q1 (Lowest),Q1 income,300,h_ext,extrinsic,0.0,0.0,0.01,0.06666666666666667,0.9233333333333333,0.0,0.07666666666666666,0.9233333333333333,0.28940881710499217,0.19286922367526252,0.07210347932225415,0.05800088510796342,0.005112412145248438,0.005112412145248438,0.05800088510796342,0.05288847296271498
epsilon_low,income,Q1 (Lowest),Q1 income,300,epsilon,robustness,0.0,0.0,0.06,0.5533333333333333,0.38666666666666666,0.0,0.6133333333333333,0.38666666666666666,0.2959771476961722,0.19010060621978764,0.0448406339220924,0.021604877951260607,0.023096194431767917,0.021604877951260607,0.023096194431767917,0.0014913164805073105
eta_high,income,Q1 (Lowest),Q1 income,300,h_ext,extrinsic,0.0,0.0,0.016666666666666666,0.22666666666666666,0.7566666666666667,0.0,0.24333333333333335,0.7566666666666667,0.3078839068482953,0.20122649638032927,0.06528400243972825,0.042965933240082924,0.013052702779125935,0.013052702779125935,0.042965933240082924,0.029913230460956987
eta_low,income,Q1 (Lowest),Q1 income,300,h_ext,extrinsic,0.0,0.0,0.016666666666666666,0.23666666666666666,0.7466666666666667,0.0,0.25333333333333335,0.7466666666666667,0.2998031398038959,0.1929343272302998,0.05949264873126299,0.04011313505326813,0.014417412827440615,0.014417412827440615,0.04011313505326813,0.025695722225827514
xc_std_frac_high,income,Q1 (Lowest),Q1 income,300,h_ext,extrinsic,0.0,0.0,0.016666666666666666,0.21333333333333335,0.77,0.0,0.23,0.77,0.3004189294317469,0.19700496632890335,0.05730226016372722,0.04048031562829101,0.012058162144145785,0.012058162144145785,0.04048031562829101,0.02842215348414523
xc_std_frac_low,income,Q1 (Lowest),Q1 income,300,h_ext,extrinsic,0.0,0.0,0.016666666666666666,0.25333333333333335,0.73,0.0,0.27,0.73,0.3021036265321723,0.19288839836582886,0.06129929783850187,0.04017393782703984,0.017348634540769393,0.017348634540769393,0.04017393782703984,0.022825303286270446
mean_model_curve,income,Q2,Q2 income,300,epsilon,robustness,0.06333333333333334,0.08666666666666667,0.2833333333333333,0.33,0.23666666666666666,0.15,0.6133333333333333,0.23666666666666666,0.14093207289099793,0.08326005788339873,0.014455297509644388,0.004178576664140464,0.019639511709716066,0.004178576664140464,0.014455297509644388,0.010276720845503923
Xc_high,income,Q2,Q2 income,300,epsilon,robustness,0.06333333333333334,0.09666666666666666,0.44333333333333336,0.31,0.08666666666666667,0.16,0.7533333333333333,0.08666666666666667,0.14269791304179713,0.08007471832938956,0.005598631279313446,0.005075496784560463,0.022292288134346742,0.005075496784560463,0.005598631279313446,0.0005231344947529831
Xc_low,income,Q2,Q2 income,300,h_ext,extrinsic,0.07,0.07333333333333333,0.16,0.26,0.43666666666666665,0.14333333333333334,0.42,0.43666666666666665,0.1389065885234019,0.08431798343918318,0.025245929958806045,0.01842646945300903,0.010902732860119616,0.010902732860119616,0.01842646945300903,0.007523736592889414
beta_high,income,Q2,Q2 income,300,epsilon,robustness,0.05,0.08333333333333333,0.38333333333333336,0.36333333333333334,0.12,0.13333333333333333,0.7466666666666667,0.12,0.13874614701672444,0.08684073330022545,0.009284398359051328,0.0011122838581042293,0.023168498397798894,0.0011122838581042293,0.009284398359051328,0.0081721145009471
beta_low,income,Q2,Q2 income,300,epsilon,robustness,0.06666666666666667,0.07333333333333333,0.19333333333333333,0.33666666666666667,0.33,0.14,0.53,0.33,0.13963712761499492,0.08564298217349546,0.022243422377279595,0.010174090440849022,0.013952890628824842,0.010174090440849022,0.013952890628824842,0.0037788001879758195
central,income,Q2,Q2 income,300,epsilon,robustness,0.06666666666666667,0.09333333333333334,0.29333333333333333,0.35,0.19666666666666666,0.16,0.6433333333333333,0.19666666666666666,0.1382271892863742,0.08434341998007647,0.01412299979119674,0.0017710259972923252,0.020628033360173978,0.0017710259972923252,0.01412299979119674,0.012351973793904415
epsilon_high,income,Q2,Q2 income,300,epsilon,robustness,0.06,0.09,0.23333333333333334,0.30333333333333334,0.31333333333333335,0.15,0.5366666666666666,0.31333333333333335,0.13001247612705397,0.07790973842768474,0.017971640169403665,0.007673951368368323,0.016955723440656725,0.007673951368368323,0.016955723440656725,0.009281772072288402
epsilon_low,income,Q2,Q2 income,300,Xc,robustness,0.06666666666666667,0.10333333333333333,0.43666666666666665,0.32,0.07333333333333333,0.17,0.7566666666666667,0.07333333333333333,0.1380063772636675,0.07718593809564779,0.003921827207746114,0.005190937454431778,0.023487538572422046,0.003921827207746114,0.005190937454431778,0.0012691102466856645
eta_high,income,Q2,Q2 income,300,epsilon,robustness,0.05,0.09,0.2966666666666667,0.3333333333333333,0.23,0.14,0.63,0.23,0.1481884080787334,0.08854041506868358,0.01574016015471903,0.002899562453903399,0.01934482557525747,0.002899562453903399,0.01574016015471903,0.01284059770081563
eta_low,income,Q2,Q2 income,300,epsilon,robustness,0.06666666666666667,0.10333333333333333,0.2866666666666667,0.31,0.23333333333333334,0.17,0.5966666666666667,0.23333333333333334,0.14000477212379447,0.08222477529976673,0.012522210627745186,0.0033248226242583697,0.02036744060958129,0.0033248226242583697,0.012522210627745186,0.009197388003486816
xc_std_frac_high,income,Q2,Q2 income,300,epsilon,robustness,0.05,0.09,0.30333333333333334,0.31666666666666665,0.24,0.14,0.62,0.24,0.14095070252960376,0.08677416262251686,0.011961217392329235,0.0035914681001026627,0.017768433312752276,0.0035914681001026627,0.011961217392329235,0.008369749292226572
xc_std_frac_low,income,Q2,Q2 income,300,epsilon,robustness,0.05333333333333334,0.10333333333333333,0.29333333333333333,0.32,0.23,0.15666666666666668,0.6133333333333333,0.23,0.14456711945626838,0.08103770936177224,0.014200551856681481,0.0032774160530891602,0.019810076528579676,0.0032774160530891602,0.014200551856681481,0.010923135803592322
mean_model_curve,income,Q3,Q3 income,300,epsilon,robustness,0.03333333333333333,0.02,0.05,0.8866666666666667,0.01,0.05333333333333334,0.9366666666666666,0.01,0.16102862835200937,0.10344460231316427,0.024427069559908282,0.012710158173894858,0.1681957567214057,0.012710158173894858,0.024427069559908282,0.011716911386013424
Xc_high,income,Q3,Q3 income,300,epsilon,robustness,0.03333333333333333,0.023333333333333334,0.07,0.86,0.013333333333333334,0.056666666666666664,0.93,0.013333333333333334,0.15670655571914766,0.09759650903450263,0.015854696344243933,0.0025106806670677126,0.1720013955127645,0.0025106806670677126,0.015854696344243933,0.01334401567717622
Xc_low,income,Q3,Q3 income,300,epsilon,robustness,0.02666666666666667,0.02,0.03333333333333333,0.91,0.01,0.04666666666666667,0.9433333333333334,0.01,0.16434798111059112,0.1114057059324783,0.034714053811716224,0.02553059416594938,0.1684630432465776,0.02553059416594938,0.034714053811716224,0.009183459645766844
beta_high,income,Q3,Q3 income,300,epsilon,robustness,0.04,0.023333333333333334,0.06666666666666667,0.86,0.01,0.06333333333333334,0.9266666666666666,0.01,0.1586214233816656,0.09780239168704867,0.01581276184376564,0.005944711722485028,0.16801745156207173,0.005944711722485028,0.01581276184376564,0.00986805012128061
beta_low,income,Q3,Q3 income,300,epsilon,robustness,0.02666666666666667,0.02666666666666667,0.03333333333333333,0.9033333333333333,0.01,0.05333333333333334,0.9366666666666666,0.01,0.1635019158173913,0.10495882390631776,0.03205553153356007,0.01867712475713968,0.16022201901061664,0.01867712475713968,0.03205553153356007,0.013378406776420389
central,income,Q3,Q3 income,300,epsilon,robustness,0.03333333333333333,0.02,0.05,0.8866666666666667,0.01,0.05333333333333334,0.9366666666666666,0.01,0.16204075772486032,0.10240185917117543,0.024019752365203186,0.011499933804488495,0.1725865908209494,0.011499933804488495,0.024019752365203186,0.01251981856071469
epsilon_high,income,Q3,Q3 income,300,epsilon,robustness,0.02,0.03,0.03666666666666667,0.9066666666666666,0.006666666666666667,0.05,0.9433333333333334,0.006666666666666667,0.17349591804216283,0.10743920109546401,0.032599610715680766,0.02102203776540854,0.16945182325726535,0.02102203776540854,0.032599610715680766,0.011577572950272227
epsilon_low,income,Q3,Q3 income,300,epsilon,robustness,0.03333333333333333,0.023333333333333334,0.07,0.8633333333333333,0.01,0.056666666666666664,0.9333333333333333,0.01,0.15876497369072032,0.10327337650936191,0.016582555540710236,0.0035231303104794037,0.17015831207154802,0.0035231303104794037,0.016582555540710236,0.013059425230230832
eta_high,income,Q3,Q3 income,300,epsilon,robustness,0.03333333333333333,0.023333333333333334,0.056666666666666664,0.87,0.016666666666666666,0.056666666666666664,0.9266666666666666,0.016666666666666666,0.15253816515331203,0.10051824045269228,0.02036171929985758,0.008789525563634309,0.15499161545342538,0.008789525563634309,0.02036171929985758,0.011572193736223271
eta_low,income,Q3,Q3 income,300,epsilon,robustness,0.02666666666666667,0.02,0.056666666666666664,0.8866666666666667,0.01,0.04666666666666667,0.9433333333333334,0.01,0.16178803266745548,0.10338886442865658,0.022594072259624374,0.01220520468660514,0.17773494619813612,0.01220520468660514,0.022594072259624374,0.010388867573019234
xc_std_frac_high,income,Q3,Q3 income,300,epsilon,robustness,0.03333333333333333,0.02,0.05,0.8866666666666667,0.01,0.05333333333333334,0.9366666666666666,0.01,0.16249700495990507,0.1071025616355321,0.022742604021803284,0.012277268134595651,0.169365846771563,0.012277268134595651,0.022742604021803284,0.010465335887207633
xc_std_frac_low,income,Q3,Q3 income,300,epsilon,robustness,0.03333333333333333,0.016666666666666666,0.04666666666666667,0.8866666666666667,0.016666666666666666,0.05,0.9333333333333333,0.016666666666666666,0.15139005382449322,0.10151119458430923,0.025013937448194308,0.012214072189198533,0.16600891655537145,0.012214072189198533,0.025013937448194308,0.012799865258995775
mean_model_curve,income,Q4 (Highest),Q4 income,299,epsilon,robustness,0.0,0.0,0.0,1.0,0.0,0.0,1.0,0.0,0.49551441918698397,0.3384054160247243,0.11279577266081539,0.05304624139942712,0.5022390463446204,0.05304624139942712,0.11279577266081539,0.059749531261388274
Xc_high,income,Q4 (Highest),Q4 income,299,epsilon,robustness,0.0,0.0,0.006688963210702341,0.9933110367892977,0.0,0.0,1.0,0.0,0.4911836629594219,0.33597484928613,0.15114980098179226,0.03303457926982062,0.5060515181908412,0.03303457926982062,0.15114980098179226,0.11811522171197164
Xc_low,income,Q4 (Highest),Q4 income,299,epsilon,robustness,0.0,0.0,0.0,1.0,0.0,0.0,1.0,0.0,0.49259991649352936,0.3498114002929969,0.1217596324181484,0.08889560651447148,0.5024456765295644,0.08889560651447148,0.1217596324181484,0.032864025903676916
beta_high,income,Q4 (Highest),Q4 income,299,epsilon,robustness,0.0,0.0,0.0,1.0,0.0,0.0,1.0,0.0,0.48790179060061273,0.3396665656762355,0.10583822146985414,0.03610286106713876,0.5020679709059066,0.03610286106713876,0.10583822146985414,0.06973536040271539
beta_low,income,Q4 (Highest),Q4 income,299,epsilon,robustness,0.0,0.0,0.0,1.0,0.0,0.0,1.0,0.0,0.4968878199867772,0.33483048911467583,0.11938348583101784,0.0694997543486221,0.4942251967925342,0.0694997543486221,0.11938348583101784,0.049883731482395735
central,income,Q4 (Highest),Q4 income,299,epsilon,robustness,0.0,0.0,0.0,1.0,0.0,0.0,1.0,0.0,0.4965233421803238,0.33176271301947935,0.11099797417321346,0.049904087911686254,0.506665842311237,0.049904087911686254,0.11099797417321346,0.0610938862615272
epsilon_high,income,Q4 (Highest),Q4 income,299,epsilon,robustness,0.0,0.0,0.0,1.0,0.0,0.0,1.0,0.0,0.5058227488980498,0.3396449174876434,0.11202899008692915,0.07445506277733568,0.5035742936294866,0.07445506277733568,0.11202899008692915,0.03757392730959347
epsilon_low,income,Q4 (Highest),Q4 income,299,epsilon,robustness,0.0,0.0,0.0033444816053511705,0.9966555183946488,0.0,0.0,1.0,0.0,0.4932720814128488,0.3428100632429169,0.14273299982748344,0.0355696879475519,0.5042157542975876,0.0355696879475519,0.14273299982748344,0.10716331187993154
eta_high,income,Q4 (Highest),Q4 income,299,epsilon,robustness,0.0,0.0,0.0,1.0,0.0,0.0,1.0,0.0,0.48703320683943435,0.32655622108147925,0.11816441283081013,0.04584561375554405,0.48892618986376885,0.04584561375554405,0.11816441283081013,0.07231879907526607
eta_low,income,Q4 (Highest),Q4 income,299,epsilon,robustness,0.0,0.0,0.0,1.0,0.0,0.0,1.0,0.0,0.4962818851093793,0.3467839355353336,0.10050946382551125,0.05456522685157821,0.5118293170168303,0.05456522685157821,0.10050946382551125,0.04594423697393304
xc_std_frac_high,income,Q4 (Highest),Q4 income,299,epsilon,robustness,0.0,0.0,0.0,1.0,0.0,0.0,1.0,0.0,0.49587680394803557,0.34933070840876573,0.10151763998642503,0.04806174773797023,0.5033791070059397,0.04806174773797023,0.10151763998642503,0.0534558922484548
xc_std_frac_low,income,Q4 (Highest),Q4 income,299,epsilon,robustness,0.0,0.0,0.0,1.0,0.0,0.0,1.0,0.0,0.4858799762293191,0.3339718417223159,0.12558854952101356,0.05056975853092474,0.5000428318520704,0.05056975853092474,0.12558854952101356,0.07501879099008882
mean_model_curve,alcohol,0-1 drink/day,0-1 drink/day,300,epsilon,robustness,0.0,0.0,0.03,0.97,0.0,0.0,1.0,0.0,0.25516353261361324,0.15723933853008035,0.028596405876281695,0.009561605660647128,0.2634344208920758,0.009561605660647128,0.028596405876281695,0.019034800215634567
Xc_high,alcohol,0-1 drink/day,0-1 drink/day,300,epsilon,robustness,0.0,0.0,0.32666666666666666,0.6733333333333333,0.0,0.0,1.0,0.0,0.2512419386084971,0.15442212788313608,0.0154284323288579,0.006158847343912951,0.2672309933111769,0.006158847343912951,0.0154284323288579,0.00926958498494495
Xc_low,alcohol,0-1 drink/day,0-1 drink/day,300,epsilon,robustness,0.0,0.0,0.0033333333333333335,0.9966666666666667,0.0,0.0,1.0,0.0,0.25809227888034764,0.16556418377921775,0.0474130762860286,0.030175864034261854,0.26373066555036784,0.030175864034261854,0.0474130762860286,0.017237212251766748
beta_high,alcohol,0-1 drink/day,0-1 drink/day,300,epsilon,robustness,0.0,0.0,0.19,0.81,0.0,0.0,1.0,0.0,0.24756497384921822,0.15013879558343451,0.017342744036746387,0.0002808872465587629,0.2632526196108871,0.0002808872465587629,0.017342744036746387,0.017061856790187624
beta_low,alcohol,0-1 drink/day,0-1 drink/day,300,epsilon,robustness,0.0,0.0,0.0033333333333333335,0.9966666666666667,0.0,0.0,1.0,0.0,0.2577428099841085,0.15545488194095228,0.03979827457836843,0.018531858978924842,0.25549194272341075,0.018531858978924842,0.03979827457836843,0.02126641559944359
central,alcohol,0-1 drink/day,0-1 drink/day,300,epsilon,robustness,0.0,0.0,0.03333333333333333,0.9666666666666667,0.0,0.0,1.0,0.0,0.2557830888535836,0.15908763140506557,0.026754182856079573,0.007571739220429496,0.26779945485689877,0.007571739220429496,0.026754182856079573,0.019182443635650078
epsilon_high,alcohol,0-1 drink/day,0-1 drink/day,300,epsilon,robustness,0.0,0.0,0.0033333333333333335,0.9966666666666667,0.0,0.0,1.0,0.0,0.26806741914359533,0.16432732220918467,0.04036965152099727,0.02220890563998737,0.2646438659309276,0.02220890563998737,0.04036965152099727,0.018160745881009903
epsilon_low,alcohol,0-1 drink/day,0-1 drink/day,300,epsilon,robustness,0.0,0.0,0.31,0.69,0.0,0.0,1.0,0.0,0.253137388165071,0.15473886319089966,0.015414744056171345,0.004794820925348697,0.2653866903103137,0.004794820925348697,0.015414744056171345,0.010619923130822648
eta_high,alcohol,0-1 drink/day,0-1 drink/day,300,epsilon,robustness,0.0,0.0,0.07,0.93,0.0,0.0,1.0,0.0,0.2468122469794561,0.15251102401184752,0.02379676109068642,0.00429287566913816,0.25029842247834694,0.00429287566913816,0.02379676109068642,0.01950388542154826
eta_low,alcohol,0-1 drink/day,0-1 drink/day,300,epsilon,robustness,0.0,0.0,0.03333333333333333,0.9666666666666667,0.0,0.0,1.0,0.0,0.2554801347432594,0.1558228143635212,0.02746815205436986,0.00905897466107367,0.27293161656106985,0.00905897466107367,0.02746815205436986,0.018409177393296186
xc_std_frac_high,alcohol,0-1 drink/day,0-1 drink/day,300,epsilon,robustness,0.0,0.0,0.03666666666666667,0.9633333333333334,0.0,0.0,1.0,0.0,0.2573375483175782,0.1648586949816667,0.025019452753949935,0.007503780627892541,0.26461784481503525,0.007503780627892541,0.025019452753949935,0.017515672126057393
xc_std_frac_low,alcohol,0-1 drink/day,0-1 drink/day,300,epsilon,robustness,0.0,0.0,0.03,0.97,0.0,0.0,1.0,0.0,0.2458950792428184,0.15435113970692602,0.028860572789480014,0.008627614475111735,0.2612555407957532,0.008627614475111735,0.028860572789480014,0.020232958314368277
mean_model_curve,alcohol,>4 drinks/day,>4 drinks/day,300,epsilon,robustness,0.0,0.0,0.13333333333333333,0.36333333333333334,0.5033333333333333,0.0,0.49666666666666665,0.5033333333333333,0.20585356306484165,0.12372690304830616,0.025988796887896227,0.011957994074043816,0.025116158291757798,0.011957994074043816,0.025116158291757798,0.013158164217713982
Xc_high,alcohol,>4 drinks/day,>4 drinks/day,300,epsilon,robustness,0.0,0.0,0.25666666666666665,0.5166666666666667,0.22666666666666666,0.0,0.7733333333333333,0.22666666666666666,0.20680188268699826,0.11932128401036234,0.012839086107792656,0.0033512240197063497,0.030149811889554866,0.0033512240197063497,0.012839086107792656,0.009487862088086307
Xc_low,alcohol,>4 drinks/day,>4 drinks/day,300,h_ext,extrinsic,0.0,0.0,0.03666666666666667,0.15333333333333332,0.81,0.0,0.19,0.81,0.2041896714474594,0.12711367877615545,0.04234771852389968,0.03287930521384049,0.011732461994042667,0.011732461994042667,0.03287930521384049,0.021146843219797824
beta_high,alcohol,>4 drinks/day,>4 drinks/day,300,epsilon,robustness,0.0,0.0,0.19,0.5233333333333333,0.2866666666666667,0.0,0.7133333333333334,0.2866666666666667,0.20396039649225425,0.1270201353705556,0.01691607836416361,0.004520371117499515,0.031017939555321453,0.004520371117499515,0.01691607836416361,0.012395707246664094
beta_low,alcohol,>4 drinks/day,>4 drinks/day,300,h_ext,extrinsic,0.0,0.0,0.06333333333333334,0.21666666666666667,0.72,0.0,0.28,0.72,0.20486831231275204,0.12811548636521827,0.0374965758431333,0.023759152896429717,0.016248926830219876,0.016248926830219876,0.023759152896429717,0.0075102260662098415
central,alcohol,>4 drinks/day,>4 drinks/day,300,epsilon,robustness,0.0,0.0,0.15,0.3933333333333333,0.45666666666666667,0.0,0.5433333333333333,0.45666666666666667,0.20265478096974962,0.12475090084684139,0.024658693038112543,0.008071676596179017,0.025672520336174114,0.008071676596179017,0.024658693038112543,0.016587016441933528
epsilon_high,alcohol,>4 drinks/day,>4 drinks/day,300,h_ext,extrinsic,0.0,0.0,0.08333333333333333,0.23666666666666666,0.68,0.0,0.32,0.68,0.19527270216198642,0.11823966153416614,0.03188971128173125,0.02065364568797705,0.018759518421896656,0.018759518421896656,0.02065364568797705,0.0018941272660803928
epsilon_low,alcohol,>4 drinks/day,>4 drinks/day,300,epsilon,robustness,0.0,0.0,0.26,0.5166666666666667,0.22333333333333333,0.0,0.7766666666666666,0.22333333333333333,0.20087628864185444,0.11638578346505425,0.012320764930683068,0.002372758737772629,0.031001591166091726,0.002372758737772629,0.012320764930683068,0.00994800619291044
eta_high,alcohol,>4 drinks/day,>4 drinks/day,300,epsilon,robustness,0.0,0.0,0.13333333333333333,0.37333333333333335,0.49333333333333335,0.0,0.5066666666666667,0.49333333333333335,0.212630439538225,0.12927629011261718,0.027572333950725482,0.008191400871935955,0.02473959784904787,0.008191400871935955,0.02473959784904787,0.016548196977111913
eta_low,alcohol,>4 drinks/day,>4 drinks/day,300,epsilon,robustness,0.0,0.0,0.14666666666666667,0.37333333333333335,0.48,0.0,0.52,0.48,0.20505023947663922,0.12278022755239974,0.0237968996936285,0.010128435498630538,0.02587459117611709,0.010128435498630538,0.0237968996936285,0.013668464194997964
xc_std_frac_high,alcohol,>4 drinks/day,>4 drinks/day,300,epsilon,robustness,0.0,0.0,0.15333333333333332,0.3466666666666667,0.5,0.0,0.5,0.5,0.20618823852304502,0.1264169948373126,0.022473345709501057,0.009376091588796523,0.023529237200922554,0.009376091588796523,0.022473345709501057,0.013097254120704534
xc_std_frac_low,alcohol,>4 drinks/day,>4 drinks/day,300,epsilon,robustness,0.0,0.0,0.13333333333333333,0.39666666666666667,0.47,0.0,0.53,0.47,0.20708207294771458,0.11986297975783786,0.025365005572428455,0.011739513012930141,0.02736149872271087,0.011739513012930141,0.025365005572428455,0.013625492559498313
mean_model_curve,physical_activity,No Activity,No Activity,300,epsilon,robustness,0.04666666666666667,0.08333333333333333,0.35333333333333333,0.32666666666666666,0.19,0.13,0.68,0.19,0.07342735899635996,0.04119770337671196,0.003185584524315398,0.0026555527764600797,0.014217406967242621,0.0026555527764600797,0.003185584524315398,0.0005300317478553183
Xc_high,physical_activity,No Activity,No Activity,300,Xc,robustness,0.04666666666666667,0.09,0.5166666666666667,0.29,0.056666666666666664,0.13666666666666666,0.8066666666666666,0.056666666666666664,0.0759628970107362,0.0389694542101388,0.0003195353635345051,0.006905408679724948,0.01566092857170287,0.0003195353635345051,0.006905408679724948,0.0065858733161904435
Xc_low,physical_activity,No Activity,No Activity,300,epsilon,robustness,0.05333333333333334,0.07,0.17333333333333334,0.31666666666666665,0.38666666666666666,0.12333333333333334,0.49,0.38666666666666666,0.07108423935604245,0.040599274672808675,0.008897202762005972,0.003989558703336854,0.010948607219555064,0.003989558703336854,0.008897202762005972,0.004907644058669118
beta_high,physical_activity,No Activity,No Activity,300,Xc,robustness,0.04,0.06333333333333334,0.47333333333333333,0.3466666666666667,0.07666666666666666,0.10333333333333333,0.82,0.07666666666666666,0.0710056699351433,0.04563900734527025,0.001099286598941037,0.005535924259985299,0.015706820705823944,0.001099286598941037,0.005535924259985299,0.004436637661044262
beta_low,physical_activity,No Activity,No Activity,300,epsilon,robustness,0.05,0.07,0.23666666666666666,0.35333333333333333,0.29,0.12,0.59,0.29,0.07185875430445568,0.04120902858451342,0.0075440865756085775,0.00022856391157272755,0.011629597584923114,0.00022856391157272755,0.0075440865756085775,0.00731552266403585
central,physical_activity,No Activity,No Activity,300,Xc,robustness,0.04666666666666667,0.08333333333333333,0.38,0.34,0.15,0.13,0.72,0.15,0.07117253766412172,0.0408467713897192,0.0023656417786483627,0.004503128316362892,0.01510039328529549,0.0023656417786483627,0.004503128316362892,0.0021374865377145292
epsilon_high,physical_activity,No Activity,No Activity,300,epsilon,robustness,0.056666666666666664,0.07333333333333333,0.2966666666666667,0.33,0.24333333333333335,0.13,0.6266666666666667,0.24333333333333335,0.06220624884287565,0.03691828419895708,0.0043507977904707045,0.0009091682552232818,0.013739314888776883,0.0009091682552232818,0.0043507977904707045,0.0034416295352474226
epsilon_low,physical_activity,No Activity,No Activity,300,Xc,robustness,0.04666666666666667,0.09666666666666666,0.5333333333333333,0.2833333333333333,0.04,0.14333333333333334,0.8166666666666667,0.04,0.07250486549666967,0.03787679745737068,0.0026806006016818614,0.007415609239322973,0.01656942354909905,0.0026806006016818614,0.007415609239322973,0.0047350086376411115
eta_high,physical_activity,No Activity,No Activity,300,epsilon,robustness,0.03666666666666667,0.07,0.3566666666666667,0.35333333333333333,0.18333333333333332,0.10666666666666667,0.71,0.18333333333333332,0.08109950768794184,0.045206959454465415,0.005431627830244373,0.0024109246931203793,0.013904058122094486,0.0024109246931203793,0.005431627830244373,0.0030207031371239936
eta_low,physical_activity,No Activity,No Activity,300,Xc,robustness,0.05,0.08666666666666667,0.37333333333333335,0.31,0.18,0.13666666666666666,0.6833333333333333,0.18,0.07241080813259419,0.03841367330304052,0.0005854042582327781,0.002926257570610812,0.015146321145421662,0.0005854042582327781,0.002926257570610812,0.0023408533123780335
xc_std_frac_high,physical_activity,No Activity,No Activity,300,Xc,robustness,0.04,0.08,0.37,0.31333333333333335,0.19666666666666666,0.12,0.6833333333333333,0.19666666666666666,0.07316268529495532,0.04515124496297035,0.001026816205166405,0.00197126072335449,0.013432748829408958,0.001026816205166405,0.00197126072335449,0.0009444445181880849
xc_std_frac_low,physical_activity,No Activity,No Activity,300,Xc,robustness,0.04,0.09,0.37,0.31666666666666665,0.18333333333333332,0.13,0.6866666666666666,0.18333333333333332,0.07957646626253176,0.04172310108151534,0.0029555142819847435,0.0034970262535390963,0.013526628197698617,0.0029555142819847435,0.0034970262535390963,0.0005415119715543528
mean_model_curve,physical_activity,Some Activity,Some Activity,300,Xc,robustness,0.023333333333333334,0.16,0.6433333333333333,0.17333333333333334,0.0,0.18333333333333332,0.8166666666666667,0.0,0.12206392157327581,0.05696288185827609,0.010399398299656191,0.019556498935514068,0.13486670678626925,0.010399398299656191,0.019556498935514068,0.009157100635857876
Xc_high,physical_activity,Some Activity,Some Activity,300,Xc,robustness,0.023333333333333334,0.19666666666666666,0.7533333333333333,0.02666666666666667,0.0,0.22,0.78,0.0,0.11909865262693545,0.05132937884243311,0.017104492361580605,0.027338349536089046,0.13853092273452614,0.017104492361580605,0.027338349536089046,0.010233857174508441
Xc_low,physical_activity,Some Activity,Some Activity,300,Xc,robustness,0.02,0.11666666666666667,0.4266666666666667,0.43666666666666665,0.0,0.13666666666666666,0.8633333333333333,0.0,0.1247121669768729,0.06464128787845218,0.002309923156734866,0.009238463798098867,0.13533924235868552,0.002309923156734866,0.009238463798098867,0.0069285406413640005
beta_high,physical_activity,Some Activity,Some Activity,300,Xc,robustness,0.023333333333333334,0.20666666666666667,0.73,0.04,0.0,0.23,0.77,0.0,0.11485506492607697,0.051370037349821394,0.017924009147132637,0.02550766375362094,0.13466770424565935,0.017924009147132637,0.02550766375362094,0.007583654606488303
beta_low,physical_activity,Some Activity,Some Activity,300,Xc,robustness,0.02,0.13,0.52,0.33,0.0,0.15,0.85,0.0,0.12460068288107078,0.05866468705678748,0.004094198702538317,0.014693719998555784,0.12730647103506534,0.004094198702538317,0.014693719998555784,0.010599521296017468
central,physical_activity,Some Activity,Some Activity,300,Xc,robustness,0.023333333333333334,0.15666666666666668,0.6566666666666666,0.16333333333333333,0.0,0.18,0.82,0.0,0.12251154254199606,0.05600916541053883,0.010305729229123045,0.02035375027016227,0.1389924041492022,0.010305729229123045,0.02035375027016227,0.010048021041039227
epsilon_high,physical_activity,Some Activity,Some Activity,300,Xc,robustness,0.02,0.12666666666666668,0.5,0.35333333333333333,0.0,0.14666666666666667,0.8533333333333334,0.0,0.13516424682922595,0.060818063208088156,0.003426219519067897,0.012937897248618678,0.13578558110167058,0.003426219519067897,0.012937897248618678,0.00951167772955078
epsilon_low,physical_activity,Some Activity,Some Activity,300,Xc,robustness,0.023333333333333334,0.16333333333333333,0.7833333333333333,0.03,0.0,0.18666666666666668,0.8133333333333334,0.0,0.12071282113104968,0.05686910871990597,0.01591896704642,0.026751501715034175,0.13671687032410698,0.01591896704642,0.026751501715034175,0.010832534668614176
eta_high,physical_activity,Some Activity,Some Activity,300,Xc,robustness,0.023333333333333334,0.17666666666666667,0.7233333333333334,0.07666666666666666,0.0,0.2,0.8,0.0,0.11396666806059995,0.054148170314465574,0.014266380115255441,0.02285224966841356,0.12251633683762893,0.014266380115255441,0.02285224966841356,0.008585869553158118
eta_low,physical_activity,Some Activity,Some Activity,300,Xc,robustness,0.023333333333333334,0.15666666666666668,0.6566666666666666,0.16333333333333333,0.0,0.18,0.82,0.0,0.12212172404921175,0.0572407756784821,0.011945057548799747,0.019929435652813084,0.1439399102292473,0.011945057548799747,0.019929435652813084,0.007984378104013336
xc_std_frac_high,physical_activity,Some Activity,Some Activity,300,Xc,robustness,0.023333333333333334,0.15666666666666668,0.66,0.16,0.0,0.18,0.82,0.0,0.12505594213867102,0.06016682222637645,0.011442095926385492,0.0195721648574181,0.13610713721698284,0.011442095926385492,0.0195721648574181,0.00813006893103261
xc_std_frac_low,physical_activity,Some Activity,Some Activity,300,Xc,robustness,0.023333333333333334,0.16,0.64,0.17666666666666667,0.0,0.18333333333333332,0.8166666666666667,0.0,0.11377124381589401,0.05493270625101727,0.009609086453932006,0.019902379384172587,0.13278403777623232,0.009609086453932006,0.019902379384172587,0.010293292930240582
mean_model_curve,sleep_duration,1-<5 hours,1-5 h sleep,300,h_ext,extrinsic,0.0033333333333333335,0.0,0.03,0.11666666666666667,0.85,0.0033333333333333335,0.14666666666666667,0.85,0.28695293308121606,0.19514152362682022,0.06951059669512868,0.05090763449575159,0.003034474392189719,0.003034474392189719,0.05090763449575159,0.04787316010356187
Xc_high,sleep_duration,1-<5 hours,1-5 h sleep,300,h_ext,extrinsic,0.0033333333333333335,0.0,0.06333333333333334,0.32,0.6133333333333333,0.0033333333333333335,0.38333333333333336,0.6133333333333333,0.2892984314074861,0.18958975579639448,0.05154075166830494,0.030212147817556895,0.011108313773078466,0.011108313773078466,0.030212147817556895,0.019103834044478428
Xc_low,sleep_duration,1-<5 hours,1-5 h sleep,300,h_ext,extrinsic,0.0033333333333333335,0.0,0.006666666666666667,0.03,0.96,0.0033333333333333335,0.03666666666666667,0.96,0.2839000224067924,0.20132362514929408,0.09253484431437162,0.07970263892314773,0.016206542926879026,0.016206542926879026,0.07970263892314773,0.06349609599626871
beta_high,sleep_duration,1-<5 hours,1-5 h sleep,300,h_ext,extrinsic,0.0,0.0033333333333333335,0.03666666666666667,0.28,0.68,0.0033333333333333335,0.31666666666666665,0.68,0.2843714234292181,0.1988474823113761,0.05542124679171771,0.03818484749639854,0.010663794318935866,0.010663794318935866,0.03818484749639854,0.027521053177462673
beta_low,sleep_duration,1-<5 hours,1-5 h sleep,300,h_ext,extrinsic,0.0033333333333333335,0.0,0.006666666666666667,0.05333333333333334,0.9366666666666666,0.0033333333333333335,0.06,0.9366666666666666,0.2849048521507329,0.20065564154897106,0.08544208170529635,0.06656443963093564,0.009946158224507694,0.009946158224507694,0.06656443963093564,0.056618281406427946
central,sleep_duration,1-<5 hours,1-5 h sleep,300,h_ext,extrinsic,0.0033333333333333335,0.0,0.03,0.15333333333333332,0.8133333333333334,0.0033333333333333335,0.18333333333333332,0.8133333333333334,0.28474050102915444,0.1945880728137878,0.06597346985471206,0.04602206242147524,0.0037896150670286978,0.0037896150670286978,0.04602206242147524,0.04223244735444654
epsilon_high,sleep_duration,1-<5 hours,1-5 h sleep,300,h_ext,extrinsic,0.0,0.0,0.01,0.06666666666666667,0.9233333333333333,0.0,0.07666666666666666,0.9233333333333333,0.2750504299701055,0.19063467931720288,0.07806325141612273,0.06486330199929251,0.0056579100755640545,0.0056579100755640545,0.06486330199929251,0.05920539192372845
epsilon_low,sleep_duration,1-<5 hours,1-5 h sleep,300,h_ext,extrinsic,0.0033333333333333335,0.0,0.06333333333333334,0.32666666666666666,0.6066666666666667,0.0033333333333333335,0.39,0.6066666666666667,0.2841565155669843,0.18813951188473163,0.05251196378331833,0.03062681250132956,0.011484560131911589,0.011484560131911589,0.03062681250132956,0.019142252369417974
eta_high,sleep_duration,1-<5 hours,1-5 h sleep,300,h_ext,extrinsic,0.0,0.0033333333333333335,0.02666666666666667,0.12666666666666668,0.8433333333333334,0.0033333333333333335,0.15333333333333332,0.8433333333333334,0.294685158087864,0.1999931484966612,0.0718797587141911,0.05004314803785768,0.0019292975260029315,0.0019292975260029315,0.05004314803785768,0.048113850511854746
eta_low,sleep_duration,1-<5 hours,1-5 h sleep,300,h_ext,extrinsic,0.0033333333333333335,0.0,0.03,0.13666666666666666,0.83,0.0033333333333333335,0.16666666666666666,0.83,0.2858865163221011,0.1923226762294404,0.06639930752779308,0.048045971418194555,0.0032742466848102707,0.0032742466848102707,0.048045971418194555,0.04477172473338428
xc_std_frac_high,sleep_duration,1-<5 hours,1-5 h sleep,300,h_ext,extrinsic,0.0033333333333333335,0.0,0.03,0.11666666666666667,0.85,0.0033333333333333335,0.14666666666666667,0.85,0.2860766533179893,0.19614067337481772,0.064319303104356,0.04807666391193514,0.00104312063215244,0.00104312063215244,0.04807666391193514,0.047033543279782694
xc_std_frac_low,sleep_duration,1-<5 hours,1-5 h sleep,300,h_ext,extrinsic,0.0,0.0033333333333333335,0.03,0.14333333333333334,0.8233333333333334,0.0033333333333333335,0.17333333333333334,0.8233333333333334,0.2904520549999957,0.19114015496020206,0.06813858006034869,0.048533254488040106,0.006169115276439412,0.006169115276439412,0.048533254488040106,0.04236413921160069
mean_model_curve,sleep_duration,5-<7 hours,5-7 h sleep,300,h_ext,extrinsic,0.13,0.06333333333333334,0.04666666666666667,0.02666666666666667,0.7333333333333333,0.19333333333333333,0.07333333333333333,0.7333333333333333,0.03359494424920734,0.0375132802837484,0.025627575786575017,0.02320440767579814,0.017882585596326193,0.017882585596326193,0.02320440767579814,0.005321822079471947
Xc_high,sleep_duration,5-<7 hours,5-7 h sleep,300,h_ext,extrinsic,0.12,0.05,0.04666666666666667,0.02666666666666667,0.7566666666666667,0.17,0.07333333333333333,0.7566666666666667,0.0377681886833556,0.036478309780082964,0.025932722286484286,0.021285546379925434,0.01744214979017351,0.01744214979017351,0.021285546379925434,0.0038433965897519233
Xc_low,sleep_duration,5-<7 hours,5-7 h sleep,300,h_ext,extrinsic,0.13,0.07666666666666666,0.02,0.06666666666666667,0.7066666666666667,0.20666666666666667,0.08666666666666667,0.7066666666666667,0.03030721330020565,0.03532398838072838,0.027918270266255128,0.02450236457809696,0.01900481647398083,0.01900481647398083,0.02450236457809696,0.00549754810411613
beta_high,sleep_duration,5-<7 hours,5-7 h sleep,300,h_ext,extrinsic,0.15,0.05333333333333334,0.03666666666666667,0.023333333333333334,0.7366666666666667,0.20333333333333334,0.06,0.7366666666666667,0.0331014940994521,0.04287320951809848,0.025459375725907913,0.022436193048320577,0.017080121624895948,0.017080121624895948,0.022436193048320577,0.005356071423424629
beta_low,sleep_duration,5-<7 hours,5-7 h sleep,300,h_ext,extrinsic,0.14333333333333334,0.06666666666666667,0.04666666666666667,0.03666666666666667,0.7066666666666667,0.21,0.08333333333333333,0.7066666666666667,0.031059155288174146,0.035715975191964004,0.0276515254061943,0.024101413941077034,0.020680032960026205,0.020680032960026205,0.024101413941077034,0.003421380981050829
central,sleep_duration,5-<7 hours,5-7 h sleep,300,h_ext,extrinsic,0.12333333333333334,0.056666666666666664,0.056666666666666664,0.03,0.7333333333333333,0.18,0.08666666666666667,0.7333333333333333,0.03262265965621139,0.03593209519514678,0.024254474714062505,0.021320618014437888,0.016934379723646326,0.016934379723646326,0.021320618014437888,0.004386238290791562
epsilon_high,sleep_duration,5-<7 hours,5-7 h sleep,300,h_ext,extrinsic,0.17,0.09666666666666666,0.04666666666666667,0.043333333333333335,0.6433333333333333,0.26666666666666666,0.09,0.6433333333333333,0.02090070885453711,0.034152162478167485,0.02504590105887607,0.024418362905045912,0.017352825627442583,0.017352825627442583,0.02090070885453711,0.003547883227094529
epsilon_low,sleep_duration,5-<7 hours,5-7 h sleep,300,h_ext,extrinsic,0.12333333333333334,0.056666666666666664,0.05,0.02666666666666667,0.7433333333333333,0.18,0.07666666666666666,0.7433333333333333,0.03583657206495442,0.036713714467921925,0.023058618093609165,0.021383685340315435,0.016047483314508684,0.016047483314508684,0.021383685340315435,0.005336202025806751
eta_high,sleep_duration,5-<7 hours,5-7 h sleep,300,h_ext,extrinsic,0.10333333333333333,0.03666666666666667,0.03333333333333333,0.02666666666666667,0.8,0.14,0.06,0.8,0.042071058328489556,0.04032408004184657,0.02878863960627642,0.023641721800852437,0.0188589474516817,0.0188589474516817,0.023641721800852437,0.0047827743491707375
eta_low,sleep_duration,5-<7 hours,5-7 h sleep,300,h_ext,extrinsic,0.11666666666666667,0.06333333333333334,0.06333333333333334,0.02666666666666667,0.73,0.18,0.09,0.73,0.03287839224345733,0.03342233099988196,0.022772705399758654,0.023027044485460044,0.018073210897017484,0.018073210897017484,0.022772705399758654,0.00469949450274117
xc_std_frac_high,sleep_duration,5-<7 hours,5-7 h sleep,300,h_ext,extrinsic,0.15666666666666668,0.06,0.05333333333333334,0.023333333333333334,0.7066666666666667,0.21666666666666667,0.07666666666666666,0.7066666666666667,0.031649563891608126,0.04104132596881316,0.023716936461973717,0.024295771429010727,0.019371632655689062,0.019371632655689062,0.023716936461973717,0.004345303806284655
xc_std_frac_low,sleep_duration,5-<7 hours,5-7 h sleep,300,h_ext,extrinsic,0.09666666666666666,0.02666666666666667,0.056666666666666664,0.023333333333333334,0.7966666666666666,0.12333333333333334,0.08,0.7966666666666666,0.043115512616430374,0.040370559328648,0.02531428452393139,0.02287935372254877,0.017609020790242656,0.017609020790242656,0.02287935372254877,0.005270332932306113
mean_model_curve,sleep_duration,7-<9 hours,7-9 h sleep,300,epsilon,robustness,0.0,0.0,0.09,0.91,0.0,0.0,1.0,0.0,0.16102862835200937,0.10344460231316427,0.024427069559908282,0.012710158173894858,0.1681957567214057,0.012710158173894858,0.024427069559908282,0.011716911386013424
Xc_high,sleep_duration,7-<9 hours,7-9 h sleep,300,epsilon,robustness,0.0,0.0033333333333333335,0.18666666666666668,0.81,0.0,0.0033333333333333335,0.9966666666666667,0.0,0.15670655571914766,0.09759650903450263,0.015854696344243933,0.0025106806670677126,0.1720013955127645,0.0025106806670677126,0.015854696344243933,0.01334401567717622
Xc_low,sleep_duration,7-<9 hours,7-9 h sleep,300,epsilon,robustness,0.0,0.0,0.03,0.97,0.0,0.0,1.0,0.0,0.16434798111059112,0.1114057059324783,0.034714053811716224,0.02553059416594938,0.1684630432465776,0.02553059416594938,0.034714053811716224,0.009183459645766844
beta_high,sleep_duration,7-<9 hours,7-9 h sleep,300,epsilon,robustness,0.0,0.0033333333333333335,0.17666666666666667,0.82,0.0,0.0033333333333333335,0.9966666666666667,0.0,0.1586214233816656,0.09780239168704867,0.01581276184376564,0.005944711722485028,0.16801745156207173,0.005944711722485028,0.01581276184376564,0.00986805012128061
beta_low,sleep_duration,7-<9 hours,7-9 h sleep,300,epsilon,robustness,0.0,0.0,0.043333333333333335,0.9566666666666667,0.0,0.0,1.0,0.0,0.1635019158173913,0.10495882390631776,0.03205553153356007,0.01867712475713968,0.16022201901061664,0.01867712475713968,0.03205553153356007,0.013378406776420389
central,sleep_duration,7-<9 hours,7-9 h sleep,300,epsilon,robustness,0.0,0.0,0.08666666666666667,0.9133333333333333,0.0,0.0,1.0,0.0,0.16204075772486032,0.10240185917117543,0.024019752365203186,0.011499933804488495,0.1725865908209494,0.011499933804488495,0.024019752365203186,0.01251981856071469
epsilon_high,sleep_duration,7-<9 hours,7-9 h sleep,300,epsilon,robustness,0.0,0.0,0.04,0.96,0.0,0.0,1.0,0.0,0.17349591804216283,0.10743920109546401,0.032599610715680766,0.02102203776540854,0.16945182325726535,0.02102203776540854,0.032599610715680766,0.011577572950272227
epsilon_low,sleep_duration,7-<9 hours,7-9 h sleep,300,epsilon,robustness,0.0,0.0,0.17333333333333334,0.8266666666666667,0.0,0.0,1.0,0.0,0.15876497369072032,0.10327337650936191,0.016582555540710236,0.0035231303104794037,0.17015831207154802,0.0035231303104794037,0.016582555540710236,0.013059425230230832
eta_high,sleep_duration,7-<9 hours,7-9 h sleep,300,epsilon,robustness,0.0,0.0033333333333333335,0.14,0.8566666666666667,0.0,0.0033333333333333335,0.9966666666666667,0.0,0.15253816515331203,0.10051824045269228,0.02036171929985758,0.008789525563634309,0.15499161545342538,0.008789525563634309,0.02036171929985758,0.011572193736223271
eta_low,sleep_duration,7-<9 hours,7-9 h sleep,300,epsilon,robustness,0.0,0.0,0.09666666666666666,0.9033333333333333,0.0,0.0,1.0,0.0,0.16178803266745548,0.10338886442865658,0.022594072259624374,0.01220520468660514,0.17773494619813612,0.01220520468660514,0.022594072259624374,0.010388867573019234
xc_std_frac_high,sleep_duration,7-<9 hours,7-9 h sleep,300,epsilon,robustness,0.0,0.0,0.09333333333333334,0.9066666666666666,0.0,0.0,1.0,0.0,0.16249700495990507,0.1071025616355321,0.022742604021803284,0.012277268134595651,0.169365846771563,0.012277268134595651,0.022742604021803284,0.010465335887207633
xc_std_frac_low,sleep_duration,7-<9 hours,7-9 h sleep,300,epsilon,robustness,0.0,0.0,0.08333333333333333,0.9166666666666666,0.0,0.0,1.0,0.0,0.15139005382449322,0.10151119458430923,0.025013937448194308,0.012214072189198533,0.16600891655537145,0.012214072189198533,0.025013937448194308,0.012799865258995775
mean_model_curve,sleep_duration,>=9 hours,>=9 h sleep,300,h_ext,extrinsic,0.0,0.0,0.03,0.19333333333333333,0.7766666666666666,0.0,0.22333333333333333,0.7766666666666666,0.30077463955455624,0.19676816990327756,0.0628751613292251,0.04319542676556986,0.014221035164691162,0.014221035164691162,0.04319542676556986,0.028974391600878696
Xc_high,sleep_duration,>=9 hours,>=9 h sleep,300,epsilon,robustness,0.0,0.0,0.1,0.5166666666666667,0.38333333333333336,0.0,0.6166666666666667,0.38333333333333336,0.30211069970521837,0.19071734120528303,0.04369357130519415,0.02141817762122497,0.022762342709481593,0.02141817762122497,0.022762342709481593,0.001344165088256622
Xc_low,sleep_duration,>=9 hours,>=9 h sleep,300,h_ext,extrinsic,0.0,0.0,0.01,0.04,0.95,0.0,0.05,0.95,0.29820896333592506,0.2043195446503744,0.08766914149699578,0.07388577278751597,0.006100864468278033,0.006100864468278033,0.07388577278751597,0.06778490831923793
beta_high,sleep_duration,>=9 hours,>=9 h sleep,300,h_ext,extrinsic,0.0,0.0,0.04666666666666667,0.41333333333333333,0.54,0.0,0.46,0.54,0.29839069206166363,0.2007082393345314,0.047635314547282794,0.02932024108722077,0.02218620688971555,0.02218620688971555,0.02932024108722077,0.007134034197505218
beta_low,sleep_duration,>=9 hours,>=9 h sleep,300,h_ext,extrinsic,0.0,0.0,0.016666666666666666,0.09333333333333334,0.89,0.0,0.11,0.89,0.29915970831946326,0.20270246278177,0.07997928857405967,0.05941964982810029,0.0004841119053127934,0.0004841119053127934,0.05941964982810029,0.058935537922787495
central,sleep_duration,>=9 hours,>=9 h sleep,300,h_ext,extrinsic,0.0,0.0,0.03333333333333333,0.23333333333333334,0.7333333333333333,0.0,0.26666666666666666,0.7333333333333333,0.29791044147836454,0.19539311705207285,0.05879355667052185,0.03816504491814989,0.015091530496447918,0.015091530496447918,0.03816504491814989,0.023073514421701975
epsilon_high,sleep_duration,>=9 hours,>=9 h sleep,300,h_ext,extrinsic,0.0,0.0,0.03,0.1,0.87,0.0,0.13,0.87,0.28940881710499217,0.19286922367526252,0.07210347932225415,0.05800088510796342,0.005112412145248438,0.005112412145248438,0.05800088510796342,0.05288847296271498
epsilon_low,sleep_duration,>=9 hours,>=9 h sleep,300,epsilon,robustness,0.0,0.0,0.09666666666666666,0.5333333333333333,0.37,0.0,0.63,0.37,0.2959771476961722,0.19010060621978764,0.0448406339220924,0.021604877951260607,0.023096194431767917,0.021604877951260607,0.023096194431767917,0.0014913164805073105
eta_high,sleep_duration,>=9 hours,>=9 h sleep,300,h_ext,extrinsic,0.0,0.0,0.03,0.20333333333333334,0.7666666666666667,0.0,0.23333333333333334,0.7666666666666667,0.3078839068482953,0.20122649638032927,0.06528400243972825,0.042965933240082924,0.013052702779125935,0.013052702779125935,0.042965933240082924,0.029913230460956987
eta_low,sleep_duration,>=9 hours,>=9 h sleep,300,h_ext,extrinsic,0.0,0.0,0.03333333333333333,0.21333333333333335,0.7533333333333333,0.0,0.24666666666666667,0.7533333333333333,0.2998031398038959,0.1929343272302998,0.05949264873126299,0.04011313505326813,0.014417412827440615,0.014417412827440615,0.04011313505326813,0.025695722225827514
xc_std_frac_high,sleep_duration,>=9 hours,>=9 h sleep,300,h_ext,extrinsic,0.0,0.0,0.03333333333333333,0.19666666666666666,0.77,0.0,0.23,0.77,0.3004189294317469,0.19700496632890335,0.05730226016372722,0.04048031562829101,0.012058162144145785,0.012058162144145785,0.04048031562829101,0.02842215348414523
xc_std_frac_low,sleep_duration,>=9 hours,>=9 h sleep,300,h_ext,extrinsic,0.0,0.0,0.03333333333333333,0.22,0.7466666666666667,0.0,0.25333333333333335,0.7466666666666667,0.3021036265321723,0.19288839836582886,0.06129929783850187,0.04017393782703984,0.017348634540769393,0.017348634540769393,0.04017393782703984,0.022825303286270446
mean_model_curve,sleep_frailty,Q1 (lowest),Q1 sleep frailty,300,epsilon,robustness,0.06333333333333334,0.04666666666666667,0.11333333333333333,0.73,0.04666666666666667,0.11,0.8433333333333334,0.04666666666666667,0.08378153897640163,0.05255596628065386,0.01237840671365975,0.006513326925477763,0.09075283595718128,0.006513326925477763,0.01237840671365975,0.005865079788181986
Xc_high,sleep_frailty,Q1 (lowest),Q1 sleep frailty,300,epsilon,robustness,0.06666666666666667,0.06,0.14333333333333334,0.69,0.04,0.12666666666666668,0.8333333333333334,0.04,0.07946578311839944,0.04950564275829758,0.007359855505015081,0.001486663120416845,0.09455724086363393,0.001486663120416845,0.007359855505015081,0.005873192384598236
Xc_low,sleep_frailty,Q1 (lowest),Q1 sleep frailty,300,epsilon,robustness,0.056666666666666664,0.06,0.06666666666666667,0.79,0.02666666666666667,0.11666666666666667,0.8566666666666667,0.02666666666666667,0.08710473619366864,0.05803199773976533,0.01749842235765048,0.013938613394782766,0.09102802249807881,0.013938613394782766,0.01749842235765048,0.0035598089628677155
beta_high,sleep_frailty,Q1 (lowest),Q1 sleep frailty,300,epsilon,robustness,0.07333333333333333,0.07666666666666666,0.12666666666666668,0.68,0.043333333333333335,0.15,0.8066666666666666,0.043333333333333335,0.08427713301203041,0.046871630064098654,0.006952476545584946,0.0021044918670143947,0.09057390047308525,0.0021044918670143947,0.006952476545584946,0.004847984678570552
beta_low,sleep_frailty,Q1 (lowest),Q1 sleep frailty,300,epsilon,robustness,0.07,0.05333333333333334,0.09,0.76,0.02666666666666667,0.12333333333333334,0.85,0.02666666666666667,0.08616243552768503,0.05489745671698184,0.01635956176331854,0.0098146472573071,0.08278699152134801,0.0098146472573071,0.01635956176331854,0.006544914506011438
central,sleep_frailty,Q1 (lowest),Q1 sleep frailty,300,epsilon,robustness,0.06333333333333334,0.04666666666666667,0.10333333333333333,0.75,0.03666666666666667,0.11,0.8533333333333334,0.03666666666666667,0.08498296264591915,0.0528841359441571,0.013088383963750625,0.006474750291933557,0.09514073943612784,0.006474750291933557,0.013088383963750625,0.006613633671817068
epsilon_high,sleep_frailty,Q1 (lowest),Q1 sleep frailty,300,epsilon,robustness,0.04,0.08,0.08666666666666667,0.77,0.023333333333333334,0.12,0.8566666666666667,0.023333333333333334,0.09608925297464872,0.05593095652910577,0.017496317045592534,0.010546279665525862,0.09200565881654622,0.010546279665525862,0.017496317045592534,0.006950037380066672
epsilon_low,sleep_frailty,Q1 (lowest),Q1 sleep frailty,300,epsilon,robustness,0.07,0.05333333333333334,0.13666666666666666,0.6966666666666667,0.043333333333333335,0.12333333333333334,0.8333333333333334,0.043333333333333335,0.08160444551709231,0.05246894453894222,0.009325185718587875,0.0016867229838262246,0.0927138769413163,0.0016867229838262246,0.009325185718587875,0.00763846273476165
eta_high,sleep_frailty,Q1 (lowest),Q1 sleep frailty,300,epsilon,robustness,0.056666666666666664,0.06333333333333334,0.11,0.7066666666666667,0.06333333333333334,0.12,0.8166666666666667,0.06333333333333334,0.07531501852699989,0.05006943995542894,0.008494873458491778,0.004087787214308371,0.07757552177547686,0.004087787214308371,0.008494873458491778,0.004407086244183406
eta_low,sleep_frailty,Q1 (lowest),Q1 sleep frailty,300,epsilon,robustness,0.05333333333333334,0.04666666666666667,0.12666666666666668,0.7366666666666667,0.03666666666666667,0.1,0.8633333333333333,0.03666666666666667,0.08467214517386036,0.054900680140008894,0.01217282376611426,0.006271917588478394,0.10028864245079715,0.006271917588478394,0.01217282376611426,0.005900906177635866
xc_std_frac_high,sleep_frailty,Q1 (lowest),Q1 sleep frailty,300,epsilon,robustness,0.08,0.05,0.11333333333333333,0.73,0.02666666666666667,0.13,0.8433333333333334,0.02666666666666667,0.08507083201907659,0.05241594787443599,0.012299282491007752,0.006440611807310253,0.09192602231007274,0.006440611807310253,0.012299282491007752,0.005858670683697499
xc_std_frac_low,sleep_frailty,Q1 (lowest),Q1 sleep frailty,300,epsilon,robustness,0.05,0.056666666666666664,0.09333333333333334,0.7333333333333333,0.06666666666666667,0.10666666666666667,0.8266666666666667,0.06666666666666667,0.07417863650501201,0.0495682569950103,0.013115086027618126,0.00631327089969828,0.08856747007350092,0.00631327089969828,0.013115086027618126,0.006801815127919847
mean_model_curve,sleep_frailty,Q4 (highest),Q4 sleep frailty,300,h_ext,extrinsic,0.0,0.0,0.0,0.01,0.99,0.0,0.01,0.99,0.21354524698189753,0.1565423350396014,0.06512291868789694,0.05125205649901698,0.013636992768478037,0.013636992768478037,0.05125205649901698,0.03761506373053894
Xc_high,sleep_frailty,Q4 (highest),Q4 sleep frailty,300,h_ext,extrinsic,0.0,0.0,0.0,0.02,0.98,0.0,0.02,0.98,0.21755870109798806,0.15268186985152254,0.052139569321893356,0.03593738917378374,0.008297726241260801,0.008297726241260801,0.03593738917378374,0.027639662932522936
Xc_low,sleep_frailty,Q4 (highest),Q4 sleep frailty,300,h_ext,extrinsic,0.0,0.0,0.0,0.0,1.0,0.0,0.0,1.0,0.21021666303167147,0.1587649740492945,0.08096269337798276,0.07179472560816226,0.027400952523886173,0.027400952523886173,0.07179472560816226,0.044393773084276084
beta_high,sleep_frailty,Q4 (highest),Q4 sleep frailty,300,h_ext,extrinsic,0.0,0.0,0.0,0.016666666666666666,0.9833333333333333,0.0,0.016666666666666666,0.9833333333333333,0.21137259254300467,0.15985825300111436,0.05621847037625111,0.04383779337510052,0.007552711316828076,0.007552711316828076,0.04383779337510052,0.036285082058272446
beta_low,sleep_frailty,Q4 (highest),Q4 sleep frailty,300,h_ext,extrinsic,0.0,0.0,0.0,0.0033333333333333335,0.9966666666666667,0.0,0.0033333333333333335,0.9966666666666667,0.2111070496661678,0.1601252327060555,0.07633146247012726,0.06277960330705386,0.02279145967336205,0.02279145967336205,0.06277960330705386,0.03998814363369181
central,sleep_frailty,Q4 (highest),Q4 sleep frailty,300,h_ext,extrinsic,0.0,0.0,0.0,0.016666666666666666,0.9833333333333333,0.0,0.016666666666666666,0.9833333333333333,0.21221782238119782,0.15785896896269092,0.0638772099458014,0.047389534486524096,0.013110123637167929,0.013110123637167929,0.047389534486524096,0.034279410849356165
epsilon_high,sleep_frailty,Q4 (highest),Q4 sleep frailty,300,h_ext,extrinsic,0.0,0.0,0.0,0.006666666666666667,0.9933333333333333,0.0,0.006666666666666667,0.9933333333333333,0.2010443973294798,0.15094462107146284,0.0708500557916506,0.059632009073758596,0.02021217840316026,0.02021217840316026,0.059632009073758596,0.03941983067059834
epsilon_low,sleep_frailty,Q4 (highest),Q4 sleep frailty,300,h_ext,extrinsic,0.0,0.0,0.0,0.02666666666666667,0.9733333333333334,0.0,0.02666666666666667,0.9733333333333334,0.21473570907935532,0.14948374199149186,0.051578861777347544,0.03692207579927939,0.007509334950637456,0.007509334950637456,0.03692207579927939,0.029412740848641934
eta_high,sleep_frailty,Q4 (highest),Q4 sleep frailty,300,h_ext,extrinsic,0.0,0.0,0.0,0.013333333333333334,0.9866666666666667,0.0,0.013333333333333334,0.9866666666666667,0.22199962683358304,0.16215641616303036,0.06665650727652861,0.047505506914003126,0.014067024526387892,0.014067024526387892,0.047505506914003126,0.03343848238761524
eta_low,sleep_frailty,Q4 (highest),Q4 sleep frailty,300,h_ext,extrinsic,0.0,0.0,0.0,0.013333333333333334,0.9866666666666667,0.0,0.013333333333333334,0.9866666666666667,0.21262028170261515,0.15586477127770745,0.06296395220100223,0.04944090408818589,0.012914461053416832,0.012914461053416832,0.04944090408818589,0.036526443034769054
xc_std_frac_high,sleep_frailty,Q4 (highest),Q4 sleep frailty,300,h_ext,extrinsic,0.0,0.0,0.0,0.006666666666666667,0.9933333333333333,0.0,0.006666666666666667,0.9933333333333333,0.2118499474962735,0.15966867664650466,0.061679982319464456,0.048696000242351996,0.015200577520583547,0.015200577520583547,0.048696000242351996,0.03349542272176845
xc_std_frac_low,sleep_frailty,Q4 (highest),Q4 sleep frailty,300,h_ext,extrinsic,0.0,0.0,0.0,0.013333333333333334,0.9866666666666667,0.0,0.013333333333333334,0.9866666666666667,0.22184381367579903,0.15315356297632693,0.06452968053219779,0.051039483476430544,0.01120662555066666,0.01120662555066666,0.051039483476430544,0.03983285792576388
mean_model_curve,church_frequency,never,never,300,beta,senogenic,0.20666666666666667,0.23,0.25,0.29,0.023333333333333334,0.43666666666666665,0.54,0.023333333333333334,0.016498437019369358,0.0019503719508920027,0.015829813619957365,0.017606627439667236,0.020723506975434337,0.0019503719508920027,0.015829813619957365,0.013879441669065361
Xc_high,church_frequency,never,never,300,beta,senogenic,0.20666666666666667,0.25,0.31333333333333335,0.21666666666666667,0.013333333333333334,0.45666666666666667,0.53,0.013333333333333334,0.01880649598162028,0.0033611996250790953,0.014880054057950898,0.018932747861848037,0.021421858293223444,0.0033611996250790953,0.014880054057950898,0.011518854432871803
Xc_low,church_frequency,never,never,300,beta,senogenic,0.22,0.21666666666666667,0.23,0.2733333333333333,0.06,0.43666666666666665,0.5033333333333333,0.06,0.015194010247731616,0.0036181374826966864,0.013939912357081707,0.017148804120150917,0.02083313674700473,0.0036181374826966864,0.013939912357081707,0.01032177487438502
beta_high,church_frequency,never,never,300,beta,senogenic,0.16333333333333333,0.25333333333333335,0.31333333333333335,0.25333333333333335,0.016666666666666666,0.4166666666666667,0.5666666666666667,0.016666666666666666,0.014505999488255143,0.003193915068377486,0.01565820207906163,0.017839009358499632,0.021291244612461367,0.003193915068377486,0.014505999488255143,0.011312084419877657
beta_low,church_frequency,never,never,300,beta,senogenic,0.20666666666666667,0.22,0.22,0.3233333333333333,0.03,0.4266666666666667,0.5433333333333333,0.03,0.015403706486364936,0.0033220674852378084,0.014109840108983685,0.017032528395713457,0.01988175711084414,0.0033220674852378084,0.014109840108983685,0.010787772623745877
central,church_frequency,never,never,300,beta,senogenic,0.21,0.24,0.25,0.28,0.02,0.45,0.53,0.02,0.014054000775345143,0.003294902736722407,0.017251197899874542,0.019452593329542925,0.021232484748168603,0.003294902736722407,0.014054000775345143,0.010759098038622735
epsilon_high,church_frequency,never,never,300,beta,senogenic,0.19333333333333333,0.23,0.18333333333333332,0.36666666666666664,0.02666666666666667,0.42333333333333334,0.55,0.02666666666666667,0.005904255727868436,0.005470131640073804,0.01665516378278257,0.016578483320602355,0.021181079470266463,0.005470131640073804,0.005904255727868436,0.00043412408779463195
epsilon_low,church_frequency,never,never,300,beta,senogenic,0.20666666666666667,0.2733333333333333,0.2733333333333333,0.23333333333333334,0.013333333333333334,0.48,0.5066666666666667,0.013333333333333334,0.015462161898584037,0.003290798702199169,0.017837587373684866,0.01868895779814775,0.02085891727501472,0.003290798702199169,0.015462161898584037,0.012171363196384868
eta_high,church_frequency,never,never,300,beta,senogenic,0.18666666666666668,0.23333333333333334,0.3,0.25666666666666665,0.023333333333333334,0.42,0.5566666666666666,0.023333333333333334,0.023990214207152437,0.0011638471331748184,0.012534305893712886,0.017106687964189925,0.019307588604932226,0.0011638471331748184,0.012534305893712886,0.011370458760538067
eta_low,church_frequency,never,never,300,beta,senogenic,0.21333333333333335,0.26666666666666666,0.2,0.2966666666666667,0.023333333333333334,0.48,0.49666666666666665,0.023333333333333334,0.015565801977669411,0.005831532705131795,0.018653462143944123,0.017766903409783222,0.020994381865365473,0.005831532705131795,0.015565801977669411,0.009734269272537616
xc_std_frac_high,church_frequency,never,never,300,beta,senogenic,0.18666666666666668,0.23666666666666666,0.23,0.3233333333333333,0.023333333333333334,0.42333333333333334,0.5533333333333333,0.023333333333333334,0.016723103901738617,0.0018537094743429283,0.017674336978932167,0.016469590535332035,0.019322536452849613,0.0018537094743429283,0.016469590535332035,0.014615881060989107
xc_std_frac_low,church_frequency,never,never,300,beta,senogenic,0.19333333333333333,0.25666666666666665,0.26666666666666666,0.26,0.023333333333333334,0.45,0.5266666666666666,0.023333333333333334,0.02264358008619713,0.0004295698588603873,0.016160740833327462,0.017823272628077053,0.020658840567651736,0.0004295698588603873,0.016160740833327462,0.015731170974467076
mean_model_curve,church_frequency,sometimes,sometimes,300,beta,senogenic,0.10333333333333333,0.10666666666666667,0.16333333333333333,0.41,0.21666666666666667,0.21,0.5733333333333334,0.21666666666666667,0.02336857268127013,0.006042639911142868,0.006961663159526858,0.008576434476500683,0.032597729039651545,0.006042639911142868,0.006961663159526858,0.0009190232483839902
Xc_high,church_frequency,sometimes,sometimes,300,beta,senogenic,0.10333333333333333,0.12333333333333334,0.2,0.35,0.22333333333333333,0.22666666666666666,0.55,0.22333333333333333,0.019047455824297278,0.005502542092510067,0.010501537649794434,0.009854184730834738,0.03616254489986235,0.005502542092510067,0.009854184730834738,0.004351642638324671
Xc_low,church_frequency,sometimes,sometimes,300,epsilon,robustness,0.09333333333333334,0.09666666666666666,0.09666666666666666,0.5066666666666667,0.20666666666666667,0.19,0.6033333333333334,0.20666666666666667,0.0266943350180475,0.009737362372359462,0.005512034051552693,0.004981496387668823,0.03316159873597692,0.004981496387668823,0.005512034051552693,0.0005305376638838708
beta_high,church_frequency,sometimes,sometimes,300,beta,senogenic,0.11,0.14,0.18,0.3466666666666667,0.22333333333333333,0.25,0.5266666666666666,0.22333333333333333,0.023910528248501022,0.00033189598369662884,0.00931129250633139,0.010394232095991166,0.032392692019770145,0.00033189598369662884,0.00931129250633139,0.008979396522634762
beta_low,church_frequency,sometimes,sometimes,300,Xc,robustness,0.10333333333333333,0.11,0.14666666666666667,0.43666666666666665,0.20333333333333334,0.21333333333333335,0.5833333333333334,0.20333333333333334,0.025848891691234464,0.00835787146887588,0.006185494812045727,0.007451566862270091,0.025525714897350577,0.006185494812045727,0.007451566862270091,0.0012660720502243638
central,church_frequency,sometimes,sometimes,300,Xc,robustness,0.1,0.1,0.16333333333333333,0.42,0.21666666666666667,0.2,0.5833333333333334,0.21666666666666667,0.024448274992161984,0.007422447567700613,0.005640401961658806,0.00731782233790271,0.03658523594034183,0.005640401961658806,0.00731782233790271,0.0016774203762439039
epsilon_high,church_frequency,sometimes,sometimes,300,Xc,robustness,0.08333333333333333,0.13,0.15,0.45,0.18666666666666668,0.21333333333333335,0.6,0.18666666666666668,0.03590095330130754,0.009336934685297246,0.004241893363518881,0.007986908525518135,0.03338440071290872,0.004241893363518881,0.007986908525518135,0.0037450151619992543
epsilon_low,church_frequency,sometimes,sometimes,300,beta,senogenic,0.09666666666666666,0.11333333333333333,0.21,0.3566666666666667,0.22333333333333333,0.21,0.5666666666666667,0.22333333333333333,0.02111037260476015,0.006078324079067517,0.007505173085678957,0.010146520622214071,0.034377394818152926,0.006078324079067517,0.007505173085678957,0.0014268490066114406
eta_high,church_frequency,sometimes,sometimes,300,beta,senogenic,0.10666666666666667,0.11,0.15,0.3933333333333333,0.24,0.21666666666666667,0.5433333333333333,0.24,0.014878321207965924,0.0035152216846364845,0.010812582156643885,0.009699595070469129,0.021567092307111724,0.0035152216846364845,0.009699595070469129,0.006184373385832644
eta_low,church_frequency,sometimes,sometimes,300,Xc,robustness,0.09333333333333334,0.09,0.18666666666666668,0.41333333333333333,0.21666666666666667,0.18333333333333332,0.6,0.21666666666666667,0.024171440382879817,0.009725018756633258,0.005045449145121293,0.008563122269998667,0.041474403783493714,0.005045449145121293,0.008563122269998667,0.003517673124877374
xc_std_frac_high,church_frequency,sometimes,sometimes,300,beta,senogenic,0.11333333333333333,0.11,0.16,0.41,0.20666666666666667,0.22333333333333333,0.57,0.20666666666666667,0.024985159404875577,0.003770951168708204,0.005818595181914857,0.00958197684235158,0.03384991449569623,0.003770951168708204,0.005818595181914857,0.0020476440132066527
xc_std_frac_low,church_frequency,sometimes,sometimes,300,beta,senogenic,0.1,0.10333333333333333,0.14333333333333334,0.41,0.24333333333333335,0.20333333333333334,0.5533333333333333,0.24333333333333335,0.01372890125822594,0.0026494086667843905,0.006504578842365606,0.00864160200897947,0.03060546640099723,0.0026494086667843905,0.006504578842365606,0.003855170175581215
mean_model_curve,church_frequency,weekly,weekly,300,epsilon,robustness,0.03666666666666667,0.07333333333333333,0.24333333333333335,0.6366666666666667,0.01,0.11,0.88,0.01,0.1737929150828092,0.10469459081771554,0.01667087613440082,0.003815522855569437,0.18204763362412874,0.003815522855569437,0.01667087613440082,0.012855353278831385
Xc_high,church_frequency,weekly,weekly,300,Xc,robustness,0.03333333333333333,0.09333333333333334,0.42333333333333334,0.43666666666666665,0.013333333333333334,0.12666666666666668,0.86,0.013333333333333334,0.16972874240537747,0.09879134340684226,0.0072146670620534875,0.0073207726876191115,0.18583576157213216,0.0072146670620534875,0.0073207726876191115,0.00010610562556562404
Xc_low,church_frequency,weekly,weekly,300,epsilon,robustness,0.043333333333333335,0.056666666666666664,0.16,0.7366666666666667,0.0033333333333333335,0.1,0.8966666666666666,0.0033333333333333335,0.17690938179225202,0.11316552016790493,0.028147599089940672,0.017799631668236175,0.1823656024589886,0.017799631668236175,0.028147599089940672,0.010347967421704497
beta_high,church_frequency,weekly,weekly,300,epsilon,robustness,0.043333333333333335,0.08333333333333333,0.35333333333333333,0.5033333333333333,0.016666666666666666,0.12666666666666668,0.8566666666666667,0.016666666666666666,0.16875126023606177,0.0988500168216184,0.007692023513102343,0.0032123262726459936,0.18186348983882944,0.0032123262726459936,0.007692023513102343,0.004479697240456349
beta_low,church_frequency,weekly,weekly,300,epsilon,robustness,0.043333333333333335,0.07,0.16333333333333333,0.72,0.0033333333333333335,0.11333333333333333,0.8833333333333333,0.0033333333333333335,0.1763664909477065,0.10581262238486319,0.024870599010341176,0.010221283357060728,0.17413426558275127,0.010221283357060728,0.024870599010341176,0.014649315653280448
central,church_frequency,weekly,weekly,300,epsilon,robustness,0.03666666666666667,0.07333333333333333,0.24666666666666667,0.6333333333333333,0.01,0.11,0.88,0.01,0.17453696828799148,0.10369279499060335,0.016000404719717923,0.0024639945300388537,0.1863930671005386,0.0024639945300388537,0.016000404719717923,0.01353641018967907
epsilon_high,church_frequency,weekly,weekly,300,epsilon,robustness,0.03666666666666667,0.07333333333333333,0.16,0.7266666666666667,0.0033333333333333335,0.11,0.8866666666666667,0.0033333333333333335,0.18659688759332232,0.10904072230864845,0.02541825367732,0.01282685879885557,0.18322670454575762,0.01282685879885557,0.02541825367732,0.01259139487846443
epsilon_low,church_frequency,weekly,weekly,300,epsilon,robustness,0.03333333333333333,0.08,0.4066666666666667,0.4666666666666667,0.013333333333333334,0.11333333333333333,0.8733333333333333,0.013333333333333334,0.1716524558545131,0.10422667238617529,0.007767674292930926,0.0061596220214887604,0.18399167866426452,0.0061596220214887604,0.007767674292930926,0.0016080522714421652
eta_high,church_frequency,weekly,weekly,300,epsilon,robustness,0.04,0.07666666666666666,0.29,0.57,0.023333333333333334,0.11666666666666667,0.86,0.023333333333333334,0.1653752526781527,0.10150834289017213,0.01247269932687841,0.00037252039221505985,0.16897851650610352,0.00037252039221505985,0.01247269932687841,0.01210017893466335
eta_low,church_frequency,weekly,weekly,300,epsilon,robustness,0.04,0.07,0.26,0.6233333333333333,0.006666666666666667,0.11,0.8833333333333333,0.006666666666666667,0.17428290165498198,0.10416343508678799,0.014871737308963318,0.003255743530081063,0.1915129123318252,0.003255743530081063,0.014871737308963318,0.011615993778882255
xc_std_frac_high,church_frequency,weekly,weekly,300,epsilon,robustness,0.043333333333333335,0.07333333333333333,0.25333333333333335,0.6266666666666667,0.0033333333333333335,0.11666666666666667,0.88,0.0033333333333333335,0.1758082827534372,0.10930670439492496,0.014694608851507451,0.0031558641189669075,0.18324005350867895,0.0031558641189669075,0.014694608851507451,0.011538744732540544
xc_std_frac_low,church_frequency,weekly,weekly,300,epsilon,robustness,0.03666666666666667,0.06333333333333334,0.23333333333333334,0.64,0.02666666666666667,0.1,0.8733333333333333,0.02666666666666667,0.16438418731287455,0.10280809255571889,0.01710895140765839,0.0032567874978987094,0.17987582211166042,0.0032567874978987094,0.01710895140765839,0.013852163909759681
mean_model_curve,education_level,no highschool,no high school,300,h_ext,extrinsic,0.0,0.0,0.0,0.07333333333333333,0.9266666666666666,0.0,0.07333333333333333,0.9266666666666666,0.1783763807298209,0.12081645485044956,0.04014742218354256,0.027998271732120585,0.0028302822745807396,0.0028302822745807396,0.027998271732120585,0.025167989457539845
Xc_high,education_level,no highschool,no high school,300,h_ext,extrinsic,0.0,0.0,0.01,0.24666666666666667,0.7433333333333333,0.0,0.25666666666666665,0.7433333333333333,0.1813196347815561,0.11729796126030453,0.02908185686805119,0.015527685582601813,0.006756872045104897,0.006756872045104897,0.015527685582601813,0.008770813537496917
Xc_low,education_level,no highschool,no high school,300,h_ext,extrinsic,0.0,0.0,0.0,0.01,0.99,0.0,0.01,0.99,0.17528083687310944,0.12245846342563688,0.05347710639307466,0.04551745347035761,0.00848828305688903,0.00848828305688903,0.04551745347035761,0.037029170413468586
beta_high,education_level,no highschool,no high school,300,h_ext,extrinsic,0.0,0.0,0.0033333333333333335,0.18,0.8166666666666667,0.0,0.18333333333333332,0.8166666666666667,0.17579351117990527,0.12423053858640962,0.03313982419486407,0.021866283735556984,0.0079028550706392,0.0079028550706392,0.021866283735556984,0.013963428664917784
beta_low,education_level,no highschool,no high school,300,h_ext,extrinsic,0.0,0.0,0.0,0.03,0.97,0.0,0.03,0.97,0.1762855569384775,0.123850233235825,0.04969343677925279,0.036814605518469296,0.004615434930829224,0.004615434930829224,0.036814605518469296,0.032199170587640075
central,education_level,no highschool,no high school,300,h_ext,extrinsic,0.0,0.0,0.0033333333333333335,0.10333333333333333,0.8933333333333333,0.0,0.10666666666666667,0.8933333333333333,0.17645333479730702,0.12209862495205379,0.039515912985420565,0.02484784237359279,0.003574725404662623,0.003574725404662623,0.02484784237359279,0.021273116968930167
epsilon_high,education_level,no highschool,no high school,300,h_ext,extrinsic,0.0,0.0,0.0,0.043333333333333335,0.9566666666666667,0.0,0.043333333333333335,0.9566666666666667,0.16644018219715492,0.11528804804897087,0.04478265469536713,0.0337425217011548,0.002189640707898177,0.002189640707898177,0.0337425217011548,0.03155288099325662
epsilon_low,education_level,no highschool,no high school,300,h_ext,extrinsic,0.0,0.0,0.03,0.24,0.73,0.0,0.27,0.73,0.17759319208932806,0.11414308987091765,0.027873439610044393,0.016125593396549415,0.0078097333161569,0.0078097333161569,0.016125593396549415,0.008315860080392515
eta_high,education_level,no highschool,no high school,300,h_ext,extrinsic,0.0,0.0,0.0,0.08666666666666667,0.9133333333333333,0.0,0.08666666666666667,0.9133333333333333,0.18635864186844,0.12632094770218977,0.04142091417054587,0.02524154274728793,0.0026036479534116285,0.0026036479534116285,0.02524154274728793,0.022637894793876304
eta_low,education_level,no highschool,no high school,300,h_ext,extrinsic,0.0,0.0,0.0033333333333333335,0.08,0.9166666666666666,0.0,0.08333333333333333,0.9166666666666666,0.1773063956341851,0.12005664899257239,0.03818726411498421,0.02665330095680414,0.0036717831569741846,0.0036717831569741846,0.02665330095680414,0.022981517799829956
xc_std_frac_high,education_level,no highschool,no high school,300,h_ext,extrinsic,0.0,0.0,0.0033333333333333335,0.06,0.9366666666666666,0.0,0.06333333333333334,0.9366666666666666,0.177470096028615,0.12412922703164203,0.03725442892883456,0.026352037410792655,0.001077150437486852,0.001077150437486852,0.026352037410792655,0.025274886973305804
xc_std_frac_low,education_level,no highschool,no high school,300,h_ext,extrinsic,0.0,0.0,0.0033333333333333335,0.08,0.9166666666666666,0.0,0.08333333333333333,0.9166666666666666,0.1843970636408979,0.11791712050330731,0.039760275272649706,0.027585717147474972,0.004196190131835236,0.004196190131835236,0.027585717147474972,0.023389527015639736
mean_model_curve,education_level,some college,some college,300,epsilon,robustness,0.0,0.016666666666666666,0.41,0.5733333333333334,0.0,0.016666666666666666,0.9833333333333333,0.0,0.09670936396295067,0.054084315599459754,0.004745070162594002,0.002225524757943431,0.10502159780866507,0.002225524757943431,0.004745070162594002,0.002519545404650571
Xc_high,education_level,some college,some college,300,Xc,robustness,0.0,0.023333333333333334,0.6966666666666667,0.28,0.0,0.023333333333333334,0.9766666666666667,0.0,0.09249847951442121,0.04998772243181661,0.0007031987663092099,0.008178814553822297,0.10878711865345417,0.0007031987663092099,0.008178814553822297,0.0074756157875130866
Xc_low,education_level,some college,some college,300,epsilon,robustness,0.0,0.01,0.17,0.82,0.0,0.01,0.99,0.0,0.0999661640272194,0.06035426042807639,0.010846570571833195,0.0061432485725855255,0.10538385731598487,0.0061432485725855255,0.010846570571833195,0.00470332199924767
beta_high,education_level,some college,some college,300,Xc,robustness,0.0,0.02666666666666667,0.6633333333333333,0.31,0.0,0.02666666666666667,0.9733333333333334,0.0,0.09469490248958656,0.04846620649711876,0.0014488244736056506,0.007203696782250292,0.10483292518534751,0.0014488244736056506,0.007203696782250292,0.005754872308644641
beta_low,education_level,some college,some college,300,epsilon,robustness,0.0,0.013333333333333334,0.24333333333333335,0.7433333333333333,0.0,0.013333333333333334,0.9866666666666667,0.0,0.09925164369008439,0.05628815633001442,0.009557485644080753,0.0016259436683809393,0.09718471915866461,0.0016259436683809393,0.009557485644080753,0.007931541975699815
central,education_level,some college,some college,300,epsilon,robustness,0.0,0.016666666666666666,0.4166666666666667,0.5666666666666667,0.0,0.016666666666666666,0.9833333333333333,0.0,0.0976055252897168,0.05389595172667814,0.005252906258467055,0.0025611062305384035,0.10932149370837217,0.0025611062305384035,0.005252906258467055,0.0026918000279286514
epsilon_high,education_level,some college,some college,300,epsilon,robustness,0.0,0.01,0.21,0.78,0.0,0.01,0.99,0.0,0.10938991208584885,0.05756180413530585,0.010504416340372705,0.0027342557455378763,0.10613743596560087,0.0027342557455378763,0.010504416340372705,0.007770160594834829
epsilon_low,education_level,some college,some college,300,Xc,robustness,0.0,0.016666666666666666,0.6733333333333333,0.31,0.0,0.016666666666666666,0.9833333333333333,0.0,0.09447255304235541,0.05402931309086947,0.0009628152471891766,0.007844088738327697,0.10694601276051813,0.0009628152471891766,0.007844088738327697,0.00688127349113852
eta_high,education_level,some college,some college,300,Xc,robustness,0.0,0.02,0.55,0.43,0.0,0.02,0.98,0.0,0.08823920840350481,0.051538667545527446,0.0008882680398430416,0.004969234831583346,0.09212706170145087,0.0008882680398430416,0.004969234831583346,0.0040809667917403045
eta_low,education_level,some college,some college,300,epsilon,robustness,0.0,0.013333333333333334,0.44333333333333336,0.5433333333333333,0.0,0.013333333333333334,0.9866666666666667,0.0,0.09736347783335553,0.055721351950808594,0.0040069826964067145,0.0025235003628188537,0.11441176786842176,0.0025235003628188537,0.0040069826964067145,0.0014834823335878608
xc_std_frac_high,education_level,some college,some college,300,epsilon,robustness,0.0,0.016666666666666666,0.43,0.5533333333333333,0.0,0.016666666666666666,0.9833333333333333,0.0,0.09853698425766505,0.05506229156121822,0.004330624267487157,0.002180238104288352,0.10623058600510131,0.002180238104288352,0.004330624267487157,0.0021503861631988054
xc_std_frac_low,education_level,some college,some college,300,epsilon,robustness,0.0033333333333333335,0.013333333333333334,0.4033333333333333,0.58,0.0,0.016666666666666666,0.9833333333333333,0.0,0.08716031731140844,0.05143219854251638,0.005532946534741932,0.002465789096688348,0.10286796090448846,0.002465789096688348,0.005532946534741932,0.0030671574380535835
