run_id,scenario_id,nuisance_param,nuisance_factor,curve_type,focal_param,focal_value,h_ext,from_t,tmax,key,t_median_absolute,steepness_iqr_absolute,q75,q25,survival_at_20
central__baseline,central,central,1.0,baseline,baseline,1.0,0.0,20,240.0,c1ac9b4fb8ec55fcb626,85.80775140255862,6.497051220892176,78.40224987411332,91.60943394657866,0.9973016876958859
central__eta_0.7,central,central,1.0,parameter_factor,eta,0.7,0.0,20,240.0,7b24a0d3cb4cecb192c7,119.62648364741679,6.350370646987476,108.99935725077556,127.83707402312898,0.9977254133434941
central__eta_0.8,central,central,1.0,parameter_factor,eta,0.8,0.0,20,240.0,58a15054316681b20de5,105.62195159769327,6.408030411461389,96.34353578510817,112.82628396445172,0.9975983227283086
central__eta_0.9,central,central,1.0,parameter_factor,eta,0.9,0.0,20,240.0,90f3c43eb43cbab55796,94.64695201620036,6.4561960096020465,86.4113273617514,101.07119082863433,0.9974577066551303
central__eta_1.0,central,central,1.0,parameter_factor,eta,1.0,0.0,20,240.0,c1ac9b4fb8ec55fcb626,85.80775140255862,6.497051220892176,78.40224987411332,91.60943394657866,0.9973016876958859
central__eta_1.1,central,central,1.0,parameter_factor,eta,1.1,0.0,20,240.0,0854e6d6bb1f9d1af8f9,78.53176173256453,6.532159314446417,71.80264735092622,83.82497533654117,0.9971280723302999
central__eta_1.2,central,central,1.0,parameter_factor,eta,1.2,0.0,20,240.0,d6a63ab5a0e27f3209e8,72.43494108064294,6.562677128938108,66.26754986138965,77.3049572574112,0.9969342883947596
central__eta_1.3,central,central,1.0,parameter_factor,eta,1.3,0.0,20,240.0,49379d394bd3e13672f4,67.24996331217824,6.58950582733058,61.556543822092536,71.76215939849173,0.996717308669768
central__eta_1.4,central,central,1.0,parameter_factor,eta,1.4,0.0,20,240.0,313282aee97ebb9a943f,62.784912172085676,6.6133495239667885,57.496857937462174,66.99052101160532,0.9964735572901383
central__beta_0.6,central,central,1.0,parameter_factor,beta,0.6,0.0,20,240.0,596f6bd4808314917498,49.541002669269254,4.113704997270865,42.88927360809458,54.93218935001968,0.975104303638754
central__beta_0.7,central,central,1.0,parameter_factor,beta,0.7,0.0,20,240.0,2e1a4be1d6bcc083b1d3,58.5147521001673,4.688605875432314,51.566491734193704,64.04669451830422,0.987815854848271
central__beta_0.8,central,central,1.0,parameter_factor,beta,0.8,0.0,20,240.0,bbf39cc31e17778c866d,67.57811269324021,5.291574693820587,60.441383269406835,73.21227220198806,0.99327250662717
central__beta_0.9,central,central,1.0,parameter_factor,beta,0.9,0.0,20,240.0,7bdf601b28bb77ded527,76.68184917736669,5.897633657447953,69.40091622642832,82.40305464859487,0.9959020349365336
central__beta_1.0,central,central,1.0,parameter_factor,beta,1.0,0.0,20,240.0,c1ac9b4fb8ec55fcb626,85.80775140255862,6.497051220892176,78.40224987411332,91.60943394657866,0.9973016876958859
central__beta_1.1,central,central,1.0,parameter_factor,beta,1.1,0.0,20,240.0,537c1a31f5f2661f7c2e,94.94826669708063,7.0858997306676335,87.42769095463865,100.82729725814679,0.9981105529217997
central__beta_1.2,central,central,1.0,parameter_factor,beta,1.2,0.0,20,240.0,10c4174c26c44e6c8a6f,104.09985984202385,7.662602357323316,96.46917818146648,110.05462278470017,0.9986104796614051
central__beta_1.3,central,central,1.0,parameter_factor,beta,1.3,0.0,20,240.0,d1de9584271afb8e6249,113.2606581308942,8.22662530677479,105.52266808430059,119.29024031560445,0.9989373907651575
central__beta_1.4,central,central,1.0,parameter_factor,beta,1.4,0.0,20,240.0,4d8b4383247a4a5b8294,122.42956539835879,8.77792453604757,114.58594636115419,128.53338517719635,0.9991609705633253
central__Xc_0.6,central,central,1.0,parameter_factor,Xc,0.6,0.0,20,240.0,340400b1bb9a3af0d698,65.52333753703765,3.17360172974649,53.97547241833162,74.62183674403789,0.9612371971021607
central__Xc_0.7,central,central,1.0,parameter_factor,Xc,0.7,0.0,20,240.0,87f001b4d8d6ad8dc8ad,72.82892851990873,3.9830883537539936,62.51581975940708,80.80035729703631,0.9829834388939328
central__Xc_0.8,central,central,1.0,parameter_factor,Xc,0.8,0.0,20,240.0,1c153f65d4a375447519,78.30886019291496,4.828729418536796,69.15725132544156,85.37453198156997,0.9916341744039083
central__Xc_0.9,central,central,1.0,parameter_factor,Xc,0.9,0.0,20,240.0,bdb85fe9a184012afc53,82.50855041801387,5.673007927024979,74.32220978407712,88.86626674281342,0.9954490657597626
central__Xc_1.0,central,central,1.0,parameter_factor,Xc,1.0,0.0,20,240.0,c1ac9b4fb8ec55fcb626,85.80775140255862,6.497051220892176,78.40224987411332,91.60943394657866,0.9973016876958859
central__Xc_1.1,central,central,1.0,parameter_factor,Xc,1.1,0.0,20,240.0,29f75f590c99a70da6b4,88.46040205366432,7.29103963414026,81.68669995387309,93.81945556796259,0.998281022534616
central__Xc_1.2,central,central,1.0,parameter_factor,Xc,1.2,0.0,20,240.0,0b9661fc7bfeaeec24b8,90.63770079566729,8.04988802121276,84.3795668271074,95.63906516507461,0.9988379967440005
central__Xc_1.3,central,central,1.0,parameter_factor,Xc,1.3,0.0,20,240.0,dc97845b5afeb51268d0,92.45756618995911,8.77122477202835,86.62465497754339,97.16566476728319,0.9991748124188168
central__Xc_1.4,central,central,1.0,parameter_factor,Xc,1.4,0.0,20,240.0,5caaf55ab66667141a17,94.00317081984745,9.454338730548288,88.52475074440883,98.46761121291628,0.9993896374829823
central__epsilon_0.6,central,central,1.0,parameter_factor,epsilon,0.6,0.0,20,240.0,c724feca3a8377c89106,92.29953763618003,10.341156026108465,87.36509143896619,96.29054787760323,0.9994968446598355
central__epsilon_0.7,central,central,1.0,parameter_factor,epsilon,0.7,0.0,20,240.0,472284ba0e44409f5233,90.7812325497954,9.095266112064865,85.2386682325332,95.2198201231166,0.9992054887749539
central__epsilon_0.8,central,central,1.0,parameter_factor,epsilon,0.8,0.0,20,240.0,514635cabc68de8e983f,89.18892624875636,8.073128549147231,83.03069132192634,94.07831997119112,0.9987780473644358
central__epsilon_0.9,central,central,1.0,parameter_factor,epsilon,0.9,0.0,20,240.0,313d629536b1e1a348e7,87.52902529402868,7.219577811923572,80.7490261314372,92.8728687679788,0.9981642716160797
central__epsilon_1.0,central,central,1.0,parameter_factor,epsilon,1.0,0.0,20,240.0,c1ac9b4fb8ec55fcb626,85.80775140255862,6.497051220892176,78.40224987411332,91.60943394657866,0.9973016876958859
central__epsilon_1.1,central,central,1.0,parameter_factor,epsilon,1.1,0.0,20,240.0,3529eb183f4452fff48c,84.03127919543017,5.878909022843796,75.999723581756,90.293409513773,0.9961146458766369
central__epsilon_1.2,central,central,1.0,parameter_factor,epsilon,1.2,0.0,20,240.0,d6c2b4184a23e7f3406f,82.20583527023453,5.345618350612896,73.55166203697756,88.92983344362302,0.9945147926686115
central__epsilon_1.3,central,central,1.0,parameter_factor,epsilon,1.3,0.0,20,240.0,da9dd4ce6be915067298,80.33781642612153,4.882502472593312,71.06929349935251,87.52352304190318,0.9924014367209939
central__epsilon_1.4,central,central,1.0,parameter_factor,epsilon,1.4,0.0,20,240.0,307ed381946a3aba6cfd,78.43386448492528,4.4782802255408125,68.56490282169457,86.07918521018743,0.9896640931242439
central__mex_9.999999999999999e-05,central,central,1.0,h_ext_absolute,h_ext,0.0001,0.0001,20,240.0,c1ac9b4fb8ec55fcb626,85.72823374953757,6.427107902841627,78.2272499737587,91.56578964751063,0.9953090775947986
central__mex_0.0001668100537200059,central,central,1.0,h_ext_absolute,h_ext,0.00016681005372,0.00016681005372,20,240.0,c1ac9b4fb8ec55fcb626,85.67478996043107,6.380436129198611,78.10880656726835,91.53653912748628,0.9939800326693283
central__mex_0.0002782559402207126,central,central,1.0,h_ext_absolute,h_ext,0.0002782559402207,0.0002782559402207,20,240.0,c1ac9b4fb8ec55fcb626,85.58506093023796,6.302695573861778,77.90846058231601,91.48758080591875,0.9917670002010937
central__mex_0.00046415888336127773,central,central,1.0,h_ext_absolute,h_ext,0.0004641588833612,0.0004641588833612,20,240.0,c1ac9b4fb8ec55fcb626,85.43376456920421,6.173335801133664,77.56629149484384,91.4054486898105,0.9880863987027044
central__mex_0.000774263682681127,central,central,1.0,h_ext_absolute,h_ext,0.0007742636826811,0.0007742636826811,20,240.0,c1ac9b4fb8ec55fcb626,85.17674826023614,5.958509269019511,76.9721615231102,91.26713773521438,0.9819771566510602
central__mex_0.001291549665014884,central,central,1.0,h_ext_absolute,h_ext,0.0012915496650148,0.0012915496650148,20,240.0,c1ac9b4fb8ec55fcb626,84.73451031231825,5.603218696546137,75.91021582501679,91.03268648006176,0.9718702679555437
central__mex_0.002154434690031882,central,central,1.0,h_ext_absolute,h_ext,0.0021544346900318,0.0021544346900318,20,240.0,c1ac9b4fb8ec55fcb626,83.95628598757557,5.021623444083169,73.9118120421879,90.63076497094619,0.9552419181833517
central__mex_0.0035938136638046254,central,central,1.0,h_ext_absolute,h_ext,0.0035938136638046,0.0035938136638046,20,240.0,c1ac9b4fb8ec55fcb626,82.52977936433365,4.101754574036036,69.80734630318874,89.92795027270566,0.9281348608275635
central__mex_0.005994842503189409,central,central,1.0,h_ext_absolute,h_ext,0.0059948425031894,0.0059948425031894,20,240.0,c1ac9b4fb8ec55fcb626,79.7056686525252,2.8673813339853784,60.85637798453369,88.65375104678424,0.8846184920250493
eta_low__baseline,eta_low,eta,0.8,baseline,baseline,1.0,0.0,20,240.0,58a15054316681b20de5,105.62195159769327,6.408030411461389,96.34353578510817,112.82628396445172,0.9975983227283086
eta_low__eta_0.7,eta_low,eta,0.8,parameter_factor,eta,0.7,0.0,20,240.0,1618c3cd1c12635bc7eb,147.33429372975482,6.247352269729434,133.9851484635963,157.56862629045744,0.9978836447163939
eta_low__eta_0.8,eta_low,eta,0.8,parameter_factor,eta,0.8,0.0,20,240.0,c0d3b23bae866ee7b52f,130.06050424407567,6.309955098339646,118.41629718736773,139.02825118975022,0.9977958560525316
eta_low__eta_0.9,eta_low,eta,0.8,parameter_factor,eta,0.9,0.0,20,240.0,7efa24af28c872c4fe7b,116.5239096756675,6.362795448006501,106.19724337473532,124.5105634598836,0.9977009964011924
eta_low__eta_1.0,eta_low,eta,0.8,parameter_factor,eta,1.0,0.0,20,240.0,58a15054316681b20de5,105.62195159769327,6.408030411461389,96.34353578510817,112.82628396445172,0.9975983227283086
eta_low__eta_1.1,eta_low,eta,0.8,parameter_factor,eta,1.1,0.0,20,240.0,6b2f3e3fcf41030561f8,96.6482558305262,6.447208232157198,88.22345589071257,103.21417006502244,0.997486997826454
eta_low__eta_1.2,eta_low,eta,0.8,parameter_factor,eta,1.2,0.0,20,240.0,aebb746476ec52e518e8,89.12904856310726,6.481474039906726,81.41268515434217,95.16403986383197,0.9973660762601724
eta_low__eta_1.3,eta_low,eta,0.8,parameter_factor,eta,1.3,0.0,20,240.0,7fcbca34f7fca34cef04,82.73453612066047,6.511709509690083,75.61550396495528,88.32100564581852,0.9972344879276716
eta_low__eta_1.4,eta_low,eta,0.8,parameter_factor,eta,1.4,0.0,20,240.0,116a17e3a57356da4d3f,77.22797419134913,6.538595692507039,70.61937292943382,82.43046782246249,0.9970910188098594
eta_low__beta_0.6,eta_low,eta,0.8,parameter_factor,beta,0.6,0.0,20,240.0,f03f0b13b5be46dafa75,60.22867756221181,3.97949473568753,51.810332200621204,66.94508712870034,0.9804290279371819
eta_low__beta_0.7,eta_low,eta,0.8,parameter_factor,beta,0.7,0.0,20,240.0,60ddd8490a8fea1f7014,71.48746933501101,4.579630721016833,62.75138808692383,78.36126444812056,0.9900112413191807
eta_low__beta_0.8,eta_low,eta,0.8,parameter_factor,beta,0.8,0.0,20,240.0,97d64d430ef7906e4738,82.83066510904686,5.193939609360719,73.87882613313685,89.82638643202178,0.9942923914727272
eta_low__beta_0.9,eta_low,eta,0.8,parameter_factor,beta,0.9,0.0,20,240.0,5e8c23b506a696a3d5b0,94.21443027070673,5.805625682787239,85.08955443162105,101.31768132413457,0.9964283420470865
eta_low__beta_1.0,eta_low,eta,0.8,parameter_factor,beta,1.0,0.0,20,240.0,58a15054316681b20de5,105.62195159769327,6.408030411461389,96.34353578510817,112.82628396445172,0.9975983227283086
eta_low__beta_1.1,eta_low,eta,0.8,parameter_factor,beta,1.1,0.0,20,240.0,57669b1ad85a5947fcfb,117.04597667017005,6.998463464461414,107.62371113147304,124.34823605962849,0.9982902231140837
eta_low__beta_1.2,eta_low,eta,0.8,parameter_factor,beta,1.2,0.0,20,240.0,9d90f52ef8c204231297,128.48297717409207,7.575905741794343,118.92205394301386,135.88147523904243,0.998726074626302
eta_low__beta_1.3,eta_low,eta,0.8,parameter_factor,beta,1.3,0.0,20,240.0,36cf76c74d61b47aeca8,139.93101672159057,8.140099816736184,130.23442455290623,147.42475635128173,0.9990155316615117
eta_low__beta_1.4,eta_low,eta,0.8,parameter_factor,beta,1.4,0.0,20,240.0,4d4b6e62a0ce559d931a,151.3889106922818,8.691159712380518,141.55851933383184,158.97724315231477,0.9992158489532851
eta_low__Xc_0.6,eta_low,eta,0.8,parameter_factor,Xc,0.6,0.0,20,240.0,38c4a05f194fde73aaee,79.59975410594481,3.033961203940581,64.86059219886805,91.09683872784764,0.9658715953699336
eta_low__Xc_0.7,eta_low,eta,0.8,parameter_factor,Xc,0.7,0.0,20,240.0,304d0747dc79a29e0f59,89.01102594553535,3.856469717122027,75.94595073170703,99.02691142234659,0.9850489935511362
eta_low__Xc_0.8,eta_low,eta,0.8,parameter_factor,Xc,0.8,0.0,20,240.0,546436cdce1327b3d796,96.03831557906975,4.712317272829186,84.49757717750968,104.87785083455276,0.9926315271863105
eta_low__Xc_0.9,eta_low,eta,0.8,parameter_factor,Xc,0.9,0.0,20,240.0,df2ee93bcfdfdeffa152,101.41008696719993,5.56848416692948,91.12206626337826,109.33350117585616,0.9959724666843486
eta_low__Xc_1.0,eta_low,eta,0.8,parameter_factor,Xc,1.0,0.0,20,240.0,58a15054316681b20de5,105.62195159769327,6.408030411461389,96.34353578510817,112.82628396445172,0.9975983227283086
eta_low__Xc_1.1,eta_low,eta,0.8,parameter_factor,Xc,1.1,0.0,20,240.0,b7cd598c5e86750476c5,109.00214916922205,7.221684882438342,100.54007238936477,115.63380064581264,0.9984607848727867
eta_low__Xc_1.2,eta_low,eta,0.8,parameter_factor,Xc,1.2,0.0,20,240.0,239bc7df2ffda838cddf,111.77103635048157,8.00420221801215,103.97550342704257,117.93954797591205,0.9989534887635723
eta_low__Xc_1.3,eta_low,eta,0.8,parameter_factor,Xc,1.3,0.0,20,240.0,c0057df40a5d5f30fde3,114.08012848618664,8.752708095274121,106.83493747147308,119.86863255697266,0.9992526875378346
eta_low__Xc_1.4,eta_low,eta,0.8,parameter_factor,Xc,1.4,0.0,20,240.0,3e37af69a7b228208146,116.0362253351415,9.465875795477332,109.25043838204304,121.50881022657771,0.9994445191556808
eta_low__epsilon_0.6,eta_low,eta,0.8,parameter_factor,epsilon,0.6,0.0,20,240.0,ce36b4dd24bd170256d7,114.13293995582148,10.347489920789364,108.00793654592503,119.03794873530775,0.9995435383250338
eta_low__epsilon_0.7,eta_low,eta,0.8,parameter_factor,epsilon,0.7,0.0,20,240.0,b6bf6302c28cd0be93c7,112.1382821542726,9.064440049003233,105.23878230155566,117.61001334815559,0.9992832495925567
eta_low__epsilon_0.8,eta_low,eta,0.8,parameter_factor,epsilon,0.8,0.0,20,240.0,61c411a9e227f6706c6c,110.04955268387592,8.016188438680672,102.36490485295984,116.09331874014488,0.9989035861322775
eta_low__epsilon_0.9,eta_low,eta,0.8,parameter_factor,epsilon,0.9,0.0,20,240.0,463a48a061e51e57fe2c,107.87484965110085,7.144025923396763,99.39628585147567,114.49629399923582,0.9983600539339461
eta_low__epsilon_1.0,eta_low,eta,0.8,parameter_factor,epsilon,1.0,0.0,20,240.0,58a15054316681b20de5,105.62195159769327,6.408030411461389,96.34353578510817,112.82628396445172,0.9975983227283086
eta_low__epsilon_1.1,eta_low,eta,0.8,parameter_factor,epsilon,1.1,0.0,20,240.0,deec2b34f0f6ba119f54,103.29848938344519,5.7799468326819605,93.21804549205511,111.08992085245761,0.9965514220041487
eta_low__epsilon_1.2,eta_low,eta,0.8,parameter_factor,epsilon,1.2,0.0,20,240.0,525e20ae3c0b14a3fe98,100.91206605302297,5.2391179159822014,90.03207534514429,109.29334559546362,0.995141139903252
eta_low__epsilon_1.3,eta_low,eta,0.8,parameter_factor,epsilon,1.3,0.0,20,240.0,ab1db334125d8c12580f,98.47042920983388,4.770064821436308,86.7989997544614,107.4424150739588,0.9932773004972439
eta_low__epsilon_1.4,eta_low,eta,0.8,parameter_factor,epsilon,1.4,0.0,20,240.0,a1f931954121e266a0dd,95.98155679402845,4.360933245749283,83.53340832028614,105.54281579919773,0.9908599711501027
eta_low__mex_9.999999999999999e-05,eta_low,eta,0.8,h_ext_absolute,h_ext,0.0001,0.0001,20,240.0,58a15054316681b20de5,105.49276922676867,6.316411818900209,96.05493014252215,112.75630621668964,0.9956051199500312
eta_low__mex_0.0001668100537200059,eta_low,eta,0.8,h_ext_absolute,h_ext,0.00016681005372,0.00016681005372,20,240.0,58a15054316681b20de5,105.40576864632425,6.255301252699531,95.85872509085581,112.70935536239317,0.9942756797166121
eta_low__mex_0.0002782559402207126,eta_low,eta,0.8,h_ext_absolute,h_ext,0.0002782559402207,0.0002782559402207,20,240.0,58a15054316681b20de5,105.25938347749137,6.153552346748576,95.52521228392185,112.63067877647691,0.9920619890092848
eta_low__mex_0.00046415888336127773,eta_low,eta,0.8,h_ext_absolute,h_ext,0.0004641588833612,0.0004641588833612,20,240.0,58a15054316681b20de5,105.01162251232742,5.984370701193616,94.95078850421558,112.49843515842139,0.9883802927615752
eta_low__mex_0.000774263682681127,eta_low,eta,0.8,h_ext_absolute,h_ext,0.0007742636826811,0.0007742636826811,20,240.0,58a15054316681b20de5,104.58801897804679,5.703847182194411,93.9385954407405,112.27499465293138,0.9822692335915642
eta_low__mex_0.001291549665014884,eta_low,eta,0.8,h_ext_absolute,h_ext,0.0012915496650148,0.0012915496650148,20,240.0,58a15054316681b20de5,103.85092334795515,5.24158349739146,92.08119682210706,111.89408798364973,0.9721593387272093
eta_low__mex_0.002154434690031882,eta_low,eta,0.8,h_ext_absolute,h_ext,0.0021544346900318,0.0021544346900318,20,240.0,58a15054316681b20de5,102.52733411784207,4.493167615846649,88.41609150971368,111.23458903387578,0.9555260430583697
eta_low__mex_0.0035938136638046254,eta_low,eta,0.8,h_ext_absolute,h_ext,0.0035938136638046,0.0035938136638046,20,240.0,58a15054316681b20de5,100.00713391349421,3.368514826731971,80.3717998136956,110.06059118247757,0.9284109230441735
eta_low__mex_0.005994842503189409,eta_low,eta,0.8,h_ext_absolute,h_ext,0.0059948425031894,0.0059948425031894,20,240.0,58a15054316681b20de5,94.63767946173103,2.182834577538208,64.50350500853642,107.8589110643004,0.8848816108368401
eta_high__baseline,eta_high,eta,1.2,baseline,baseline,1.0,0.0,20,240.0,d6a63ab5a0e27f3209e8,72.43494108064294,6.562677128938108,66.26754986138965,77.3049572574112,0.9969342883947596
eta_high__eta_0.7,eta_high,eta,1.2,parameter_factor,eta,0.7,0.0,20,240.0,925104715d4077d4d4ac,100.92784979440061,6.4282976488241435,92.09703259290062,107.79758899337504,0.9975437980540944
eta_high__eta_0.8,eta_high,eta,1.2,parameter_factor,eta,0.8,0.0,20,240.0,bf229f04b5feaa8b9c46,89.12904856310725,6.481474039906732,81.41268515434217,95.16403986383196,0.9973660762601724
eta_high__eta_0.9,eta_high,eta,1.2,parameter_factor,eta,0.9,0.0,20,240.0,bece9b3400334e062327,79.88235561598789,6.5255356894204235,73.0281752536017,85.26967685867265,0.9971643205569255
eta_high__eta_1.0,eta_high,eta,1.2,parameter_factor,eta,1.0,0.0,20,240.0,d6a63ab5a0e27f3209e8,72.43494108064294,6.562677128938108,66.26754986138965,77.3049572574112,0.9969342883947596
eta_high__eta_1.1,eta_high,eta,1.2,parameter_factor,eta,1.1,0.0,20,240.0,bfeea997dd973e3926a6,66.30448883024135,6.594497809075344,60.69712669954274,70.75164347244896,0.9966708254229661
eta_high__eta_1.2,eta_high,eta,1.2,parameter_factor,eta,1.2,0.0,20,240.0,0fd21cedc32a5bff4b7a,61.16750522199085,6.622183553265849,56.025648093125085,65.26240583775525,0.9963676363781692
eta_high__eta_1.3,eta_high,eta,1.2,parameter_factor,eta,1.3,0.0,20,240.0,1f2530e5af6f65881999,56.798819792217294,6.646678693205605,52.05015562826956,60.59559951293912,0.9960169917171425
eta_high__eta_1.4,eta_high,eta,1.2,parameter_factor,eta,1.4,0.0,20,240.0,afd7df41a80be3f25f19,53.03678588112741,6.668740629390899,48.6248284271608,56.57787216189241,0.995609350065989
eta_high__beta_0.6,eta_high,eta,1.2,parameter_factor,beta,0.6,0.0,20,240.0,6fb0086a13326bc2b1ec,42.27665123415739,4.245523857920722,36.81890521902888,46.776840364130784,0.9674646845340127
eta_high__beta_0.7,eta_high,eta,1.2,parameter_factor,beta,0.7,0.0,20,240.0,c6b5f6461dc5a4d791e7,49.71213143531182,4.783120073911814,43.955529162015125,54.34877262384095,0.9847970132713234
eta_high__beta_0.8,eta_high,eta,1.2,parameter_factor,beta,0.8,0.0,20,240.0,d9b8449d5cfc6c182612,57.250138733704894,5.369795371766358,51.31685515729275,61.978367332359646,0.9919258709819168
eta_high__beta_0.9,eta_high,eta,1.2,parameter_factor,beta,0.9,0.0,20,240.0,bf6a297b036f6fc4011a,64.83145219440489,5.967760440491096,58.77054733851736,69.63416239828504,0.9952309883347865
eta_high__beta_1.0,eta_high,eta,1.2,parameter_factor,beta,1.0,0.0,20,240.0,d6a63ab5a0e27f3209e8,72.43494108064294,6.562677128938108,66.26754986138965,77.3049572574112,0.9969342883947596
eta_high__beta_1.1,eta_high,eta,1.2,parameter_factor,beta,1.1,0.0,20,240.0,fe46fe98256e53664507,80.05218940244242,7.148808006145586,73.78823431812731,84.98621156602994,0.9978932248237645
eta_high__beta_1.2,eta_high,eta,1.2,parameter_factor,beta,1.2,0.0,20,240.0,b9b9cf2a10df6cdafcdd,87.67941862497395,7.723823824132578,81.32396845233913,92.67578338512222,0.9984734303495924
eta_high__beta_1.3,eta_high,eta,1.2,parameter_factor,beta,1.3,0.0,20,240.0,6e4ae84bfffc672c6e10,95.31471479116325,8.286803260643236,88.87052957451868,100.37251795209298,0.9988462114324425
eta_high__beta_1.4,eta_high,eta,1.2,parameter_factor,beta,1.4,0.0,20,240.0,0afa821c41e474623a1b,102.9569887771711,8.837530600420813,96.42570524301512,108.07567777858615,0.9990977436472884
eta_high__Xc_0.6,eta_high,eta,1.2,parameter_factor,Xc,0.6,0.0,20,240.0,b67cf1da97a1ab32c064,55.91323909389611,3.3017661770538504,46.48702509617847,63.42136753462068,0.9555732461152033
eta_high__Xc_0.7,eta_high,eta,1.2,parameter_factor,Xc,0.7,0.0,20,240.0,a57a831353377e81ec81,61.833364653546546,4.092631297856206,53.34257263278725,68.45103468406853,0.9804287670716108
eta_high__Xc_0.8,eta_high,eta,1.2,parameter_factor,Xc,0.8,0.0,20,240.0,b590a5eb83ba10100281,66.29893954429497,4.924478214696414,58.72659407020127,72.1897340525115,0.9903953068816927
eta_high__Xc_0.9,eta_high,eta,1.2,parameter_factor,Xc,0.9,0.0,20,240.0,8a8d67e8f898d8b56a46,69.73196485345741,5.75483739980446,62.93436411999938,75.0514683940188,0.9947990026681796
eta_high__Xc_1.0,eta_high,eta,1.2,parameter_factor,Xc,1.0,0.0,20,240.0,d6a63ab5a0e27f3209e8,72.43494108064294,6.562677128938108,66.26754986138965,77.3049572574112,0.9969342883947596
eta_high__Xc_1.1,eta_high,eta,1.2,parameter_factor,Xc,1.1,0.0,20,240.0,57821ad60fe6f7928cf4,74.6126327060194,7.337530791195556,68.95607826317868,79.12470785115241,0.9980592886112207
eta_high__Xc_1.2,eta_high,eta,1.2,parameter_factor,Xc,1.2,0.0,20,240.0,0e609c03340394de69af,76.40385867440355,8.074390300811503,71.16423050288338,80.62672312808193,0.9986961946554341
eta_high__Xc_1.3,eta_high,eta,1.2,parameter_factor,Xc,1.3,0.0,20,240.0,0d8527f0bee7f42938a4,77.90446932617391,8.771299047569617,73.00853512377978,81.89028330083686,0.9990796662777887
eta_high__Xc_1.4,eta_high,eta,1.2,parameter_factor,Xc,1.4,0.0,20,240.0,d64a4cd82dd305a536f5,79.18215254857674,9.4280982381551,74.57253052551292,82.97105910979623,0.9993229400714744
eta_high__epsilon_0.6,eta_high,eta,1.2,parameter_factor,epsilon,0.6,0.0,20,240.0,07310615cd4ed220149d,77.63068046199555,10.318081866037785,73.486614305953,81.0103654711302,0.999439577059756
eta_high__epsilon_0.7,eta_high,eta,1.2,parameter_factor,epsilon,0.7,0.0,20,240.0,f4cef695e38f64103873,76.41734893012766,9.105624175631867,71.7741759165629,80.16649998531075,0.9991097095393626
eta_high__epsilon_0.8,eta_high,eta,1.2,parameter_factor,epsilon,0.8,0.0,20,240.0,8d39dd567f2332c29299,75.14342612378096,8.107618632199195,69.99568681326859,79.2639355472866,0.99862302860008
eta_high__epsilon_0.9,eta_high,eta,1.2,parameter_factor,epsilon,0.9,0.0,20,240.0,38a7bfe15448dbfc15c4,73.81421290143679,7.271833906555359,68.15770453521341,78.30840569945416,0.9979219717472194
eta_high__epsilon_1.0,eta_high,eta,1.2,parameter_factor,epsilon,1.0,0.0,20,240.0,d6a63ab5a0e27f3209e8,72.43494108064294,6.562677128938108,66.26754986138965,77.3049572574112,0.9969342883947596
eta_high__epsilon_1.1,eta_high,eta,1.2,parameter_factor,epsilon,1.1,0.0,20,240.0,ffee06e85289fbb6f66c,71.01085479084364,5.954854867611826,64.33332028888422,76.25818770707578,0.995573794162852
eta_high__epsilon_1.2,eta_high,eta,1.2,parameter_factor,epsilon,1.2,0.0,20,240.0,5dd0ef60e1ae3b6d1fc0,69.54731635349967,5.429814218862863,62.36398944073259,75.17240489478188,0.9937401450684932
eta_high__epsilon_1.3,eta_high,eta,1.2,parameter_factor,epsilon,1.3,0.0,20,240.0,da9b014e6cedec963ae0,68.04987608622665,4.973570302257468,60.369466872999574,74.05176589576382,0.9913205894939932
eta_high__epsilon_1.4,eta_high,eta,1.2,parameter_factor,epsilon,1.4,0.0,20,240.0,e1365cfc3e5f78c6f665,66.52433330015477,4.575341341302932,58.36059092768261,72.90034399476426,0.9881927512093736
eta_high__mex_9.999999999999999e-05,eta_high,eta,1.2,h_ext_absolute,h_ext,0.0001,0.0001,20,240.0,d6a63ab5a0e27f3209e8,72.38199689558732,6.507542343388548,66.15274983040271,77.27553521944057,0.9949424123579655
eta_high__mex_0.0001668100537200059,eta_high,eta,1.2,h_ext_absolute,h_ext,0.00016681005372,0.00016681005372,20,240.0,d6a63ab5a0e27f3209e8,72.34646206868752,6.470744034145393,66.07528747555945,77.25583513544575,0.9936138570437963
eta_high__mex_0.0002782559402207126,eta_high,eta,1.2,h_ext_absolute,h_ext,0.0002782559402207,0.0002782559402207,20,240.0,d6a63ab5a0e27f3209e8,72.28688857062072,6.409431421452886,65.94467457394312,77.22288067638625,0.9914016398419873
eta_high__mex_0.00046415888336127773,eta_high,eta,1.2,h_ext_absolute,h_ext,0.0004641588833612,0.0004641588833612,20,240.0,d6a63ab5a0e27f3209e8,72.18668821073713,6.3073694703526995,65.72285743599542,77.16767425702439,0.9877223942526825
eta_high__mex_0.000774263682681127,eta_high,eta,1.2,h_ext_absolute,h_ext,0.0007742636826811,0.0007742636826811,20,240.0,d6a63ab5a0e27f3209e8,72.01719107462777,6.137739406897973,65.34139552243205,77.07489971677605,0.9816154028051312
eta_high__mex_0.001291549665014884,eta_high,eta,1.2,h_ext_absolute,h_ext,0.0012915496650148,0.0012915496650148,20,240.0,d6a63ab5a0e27f3209e8,71.72767779015118,5.856704349529842,64.67112537174147,76.9182311686918,0.9715122374201124
eta_high__mex_0.002154434690031882,eta_high,eta,1.2,h_ext_absolute,h_ext,0.0021544346900318,0.0021544346900318,20,240.0,d6a63ab5a0e27f3209e8,71.2247646096687,5.394412816720602,63.44793316017634,76.6513654946279,0.9548900134212552
eta_high__mex_0.0035938136638046254,eta_high,eta,1.2,h_ext_absolute,h_ext,0.0035938136638046,0.0035938136638046,20,240.0,d6a63ab5a0e27f3209e8,70.32456339177763,4.64919248165326,61.063806423265355,76.18999525482995,0.9277929421249022
eta_high__mex_0.005994842503189409,eta_high,eta,1.2,h_ext_absolute,h_ext,0.0059948425031894,0.0059948425031894,20,240.0,d6a63ab5a0e27f3209e8,68.62171973409009,3.541534970893671,55.99458040455623,75.37084530044517,0.8842926044628971
beta_low__baseline,beta_low,beta,0.8,baseline,baseline,1.0,0.0,20,240.0,bbf39cc31e17778c866d,67.57811269324021,5.291574693820587,60.441383269406835,73.21227220198806,0.99327250662717
beta_low__eta_0.7,beta_low,beta,0.8,parameter_factor,eta,0.7,0.0,20,240.0,292751ada6201e8c5734,93.57916841324592,5.133559337707767,83.3219337020424,101.5508392736357,0.9947099933194751
beta_low__eta_0.8,beta_low,beta,0.8,parameter_factor,eta,0.8,0.0,20,240.0,97d64d430ef7906e4738,82.83066510904686,5.193939609360719,73.87882613313685,89.82638643202178,0.9942923914727272
beta_low__eta_0.9,beta_low,beta,0.8,parameter_factor,eta,0.9,0.0,20,240.0,2f01bc0888fd4aa88079,74.38932189880498,5.2459153902767905,66.44760436279748,80.62803167900701,0.9938166817523442
beta_low__eta_1.0,beta_low,beta,0.8,parameter_factor,eta,1.0,0.0,20,240.0,bbf39cc31e17778c866d,67.57811269324021,5.291574693820587,60.441383269406835,73.21227220198806,0.99327250662717
beta_low__eta_1.1,beta_low,beta,0.8,parameter_factor,eta,1.1,0.0,20,240.0,70a498cde44a6f44ff33,61.962392649632925,5.332469097811574,55.482541535431146,67.10237308308363,0.9926473214577274
beta_low__eta_1.2,beta_low,beta,0.8,parameter_factor,eta,1.2,0.0,20,240.0,d9b8449d5cfc6c182612,57.250138733704894,5.369795371766358,51.31685515729275,61.978367332359646,0.9919258709819168
beta_low__eta_1.3,beta_low,beta,0.8,parameter_factor,eta,1.3,0.0,20,240.0,3e81922d7422340a3bfc,53.237745285947945,5.40453551096839,47.766806834843074,57.61737496931144,0.9910895294667705
beta_low__eta_1.4,beta_low,beta,0.8,parameter_factor,eta,1.4,0.0,20,240.0,135b971f4f230f10732c,49.778883995184344,5.437539605864073,44.70463887472609,53.85930948006765,0.9901154676224209
beta_low__beta_0.6,beta_low,beta,0.8,parameter_factor,beta,0.6,0.0,20,240.0,7571168b1d5ce180bccd,39.112182102939975,3.562540415699801,33.2028033639593,44.18153694704401,0.9297545233611049
beta_low__beta_0.7,beta_low,beta,0.8,parameter_factor,beta,0.7,0.0,20,240.0,ecc001059cb4e14d6fb5,46.00281876636155,3.9040473102621105,39.531248285382794,51.3146143950709,0.9655850317894766
beta_low__beta_0.8,beta_low,beta,0.8,parameter_factor,beta,0.8,0.0,20,240.0,908caa654e42f4e2dc56,53.11395111149291,4.337475239649481,46.32344350582118,58.56880473024287,0.9815871316499614
beta_low__beta_0.9,beta_low,beta,0.8,parameter_factor,beta,0.9,0.0,20,240.0,1bbbf850d17a34691824,60.32258415107264,4.808109615409509,53.330938926097794,65.87694743591729,0.9892768148966427
beta_low__beta_1.0,beta_low,beta,0.8,parameter_factor,beta,1.0,0.0,20,240.0,bbf39cc31e17778c866d,67.57811269324021,5.291574693820587,60.441383269406835,73.21227220198806,0.99327250662717
beta_low__beta_1.1,beta_low,beta,0.8,parameter_factor,beta,1.1,0.0,20,240.0,0ae1e269e87bfe1262fc,74.85896606587924,5.776756611900129,67.6048093384979,80.56345916488485,0.9955057174034482
beta_low__beta_1.2,beta_low,beta,0.8,parameter_factor,beta,1.2,0.0,20,240.0,b8f71520e85f8e724308,82.15534562463438,6.258409068308312,74.79814533842132,87.92533864393043,0.9968368318568019
beta_low__beta_1.3,beta_low,beta,0.8,parameter_factor,beta,1.3,0.0,20,240.0,f70c45d8facc271d959f,89.46245501427607,6.733978182546683,82.01011103930868,95.29534193687046,0.9976755675462214
beta_low__beta_1.4,beta_low,beta,0.8,parameter_factor,beta,1.4,0.0,20,240.0,aa6cdaef555f0dad3428,96.77777419940811,7.202237133505529,89.23486897404644,102.67205139465686,0.998229521821545
beta_low__Xc_0.6,beta_low,beta,0.8,parameter_factor,Xc,0.6,0.0,20,240.0,dda006592ec8734bcbc1,49.180711888575345,2.7099322801069747,39.351403326562234,57.499720998409714,0.9034852275806481
beta_low__Xc_0.7,beta_low,beta,0.8,parameter_factor,Xc,0.7,0.0,20,240.0,ffd7d7a3377b82996c61,55.548992182099525,3.2787831716851694,46.146050936833696,63.08800448283456,0.9556582425288185
beta_low__Xc_0.8,beta_low,beta,0.8,parameter_factor,Xc,0.8,0.0,20,240.0,faefdc23588b56defe98,60.551609304449,3.931038404986292,51.93296044368913,67.33642463463747,0.9780836653571017
beta_low__Xc_0.9,beta_low,beta,0.8,parameter_factor,Xc,0.9,0.0,20,240.0,05016b69bae7d99cc572,64.46921964648664,4.612027400553545,56.64052828978716,70.61902712497381,0.9882939311829546
beta_low__Xc_1.0,beta_low,beta,0.8,parameter_factor,Xc,1.0,0.0,20,240.0,bbf39cc31e17778c866d,67.57811269324021,5.291574693820587,60.441383269406835,73.21227220198806,0.99327250662717
beta_low__Xc_1.1,beta_low,beta,0.8,parameter_factor,Xc,1.1,0.0,20,240.0,35b341f11ce20064ebc0,70.08985521798493,5.953549914263227,63.53420518054787,75.30698885202882,0.9958713178929375
beta_low__Xc_1.2,beta_low,beta,0.8,parameter_factor,Xc,1.2,0.0,20,240.0,a09909659682dee5e14e,72.15645785945493,6.5895518081167985,66.08382715543723,77.03395850891941,0.9973166111468816
beta_low__Xc_1.3,beta_low,beta,0.8,parameter_factor,Xc,1.3,0.0,20,240.0,826cfe4bee0d3aab6127,73.88604444754955,7.195489583201415,68.21561762693776,78.4840008402279,0.9981674036971484
beta_low__Xc_1.4,beta_low,beta,0.8,parameter_factor,Xc,1.4,0.0,20,240.0,679ddca1d64cadfb54ef,75.35619656505828,7.769749588300797,70.022775270933,79.72144003595,0.9986942238636384
beta_low__epsilon_0.6,beta_low,beta,0.8,parameter_factor,epsilon,0.6,0.0,20,240.0,cf51a480c11360b009ed,73.92214788729964,8.591904536228355,69.17732767670971,77.7810252126404,0.9989655288117119
beta_low__epsilon_0.7,beta_low,beta,0.8,parameter_factor,epsilon,0.7,0.0,20,240.0,4e7823be9acf3226b53f,72.4409574699635,7.513603074609435,67.0995365213674,76.74084399404475,0.9982622597866416
beta_low__epsilon_0.8,beta_low,beta,0.8,parameter_factor,epsilon,0.8,0.0,20,240.0,c917b8302597a9543da9,70.88374003437413,6.633636100137156,64.94159766820586,75.62710090720755,0.9971820096863403
beta_low__epsilon_0.9,beta_low,beta,0.8,parameter_factor,epsilon,0.9,0.0,20,240.0,15cd8fb952822aaa8826,69.25966692671719,5.903869363541148,62.717081644130026,74.44831461388787,0.9955776232975165
beta_low__epsilon_1.0,beta_low,beta,0.8,parameter_factor,epsilon,1.0,0.0,20,240.0,bbf39cc31e17778c866d,67.57811269324021,5.291574693820587,60.441383269406835,73.21227220198806,0.99327250662717
beta_low__epsilon_1.1,beta_low,beta,0.8,parameter_factor,epsilon,1.1,0.0,20,240.0,e4145d1e94ce016fbb4a,65.84884175176681,4.773567377888982,58.13188597261669,71.92635801815157,0.9900644001752066
beta_low__epsilon_1.2,beta_low,beta,0.8,parameter_factor,epsilon,1.2,0.0,20,240.0,07409db64655357a98a5,64.08212874362847,4.332829959257683,55.807894363816104,70.59779596304878,0.9857334615817379
beta_low__epsilon_1.3,beta_low,beta,0.8,parameter_factor,epsilon,1.3,0.0,20,240.0,dd0dfee3c089ca2c06a9,62.288792708442294,3.9565019733361844,53.49034701451116,69.2337468986061,0.980052344276276
beta_low__epsilon_1.4,beta_low,beta,0.8,parameter_factor,epsilon,1.4,0.0,20,240.0,f2e660030ecba53a209c,60.480113953173166,3.634587415626903,51.20121447504324,67.84137387611831,0.9727983512669407
beta_low__mex_9.999999999999999e-05,beta_low,beta,0.8,h_ext_absolute,h_ext,0.0001,0.0001,20,240.0,bbf39cc31e17778c866d,67.5225101733003,5.252617097947992,60.32569492920454,73.1807172760036,0.9912879468352276
beta_low__mex_0.0001668100537200059,beta_low,beta,0.8,h_ext_absolute,h_ext,0.00016681005372,0.00016681005372,20,240.0,bbf39cc31e17778c866d,67.48522006379541,5.2266448201285645,60.24782623185262,73.15959322315459,0.9899642713608665
beta_low__mex_0.0002782559402207126,beta_low,beta,0.8,h_ext_absolute,h_ext,0.0002782559402207,0.0002782559402207,20,240.0,bbf39cc31e17778c866d,67.42276995693956,5.183428072353303,60.116901983570266,73.12427259155659,0.9877601797263188
beta_low__mex_0.00046415888336127773,beta_low,beta,0.8,h_ext_absolute,h_ext,0.0004641588833612,0.0004641588833612,20,240.0,bbf39cc31e17778c866d,67.31788662871635,5.111639124248748,59.89561266055111,73.06514301909534,0.9840944481615332
beta_low__mex_0.000774263682681127,beta_low,beta,0.8,h_ext_absolute,h_ext,0.0007742636826811,0.0007742636826811,20,240.0,bbf39cc31e17778c866d,67.14094072568291,4.99276009514315,59.51822530610819,72.96588540718058,0.978009887951625
beta_low__mex_0.001291549665014884,beta_low,beta,0.8,h_ext_absolute,h_ext,0.0012915496650148,0.0012915496650148,20,240.0,bbf39cc31e17778c866d,66.84009907859014,4.797051616251646,58.86498691237937,72.7985662076587,0.9679438319199832
beta_low__mex_0.002154434690031882,beta_low,beta,0.8,h_ext_absolute,h_ext,0.0021544346900318,0.0021544346900318,20,240.0,bbf39cc31e17778c866d,66.32182184959888,4.478679847031754,57.70614695915135,72.51448872833444,0.9513826620522603
beta_low__mex_0.0035938136638046254,beta_low,beta,0.8,h_ext_absolute,h_ext,0.0035938136638046,0.0035938136638046,20,240.0,bbf39cc31e17778c866d,65.40843189145299,3.9750451783092777,55.57140009598161,72.0261644967408,0.9243851194437888
beta_low__mex_0.005994842503189409,beta_low,beta,0.8,h_ext_absolute,h_ext,0.0059948425031894,0.0059948425031894,20,240.0,bbf39cc31e17778c866d,63.734272515701825,3.2394360013173737,51.49398160512575,71.16847818100598,0.8810445603601605
beta_high__baseline,beta_high,beta,1.2,baseline,baseline,1.0,0.0,20,240.0,10c4174c26c44e6c8a6f,104.09985984202385,7.662602357323316,96.46917818146648,110.05462278470017,0.9986104796614051
beta_high__eta_0.7,beta_high,beta,1.2,parameter_factor,eta,0.7,0.0,20,240.0,0670193d18567219fe2e,145.74969386960618,7.518347973239605,134.79839506156117,154.18426206164943,0.9987771569327011
beta_high__eta_0.8,beta_high,beta,1.2,parameter_factor,eta,0.8,0.0,20,240.0,9d90f52ef8c204231297,128.48297717409207,7.575905741794343,118.92205394301386,135.88147523904243,0.998726074626302
beta_high__eta_0.9,beta_high,beta,1.2,parameter_factor,eta,0.9,0.0,20,240.0,5da52f92a3df8042378e,114.96999913155807,7.623212965209457,106.48389908087485,121.56546634867308,0.9986706757581646
beta_high__eta_1.0,beta_high,beta,1.2,parameter_factor,eta,1.0,0.0,20,240.0,10c4174c26c44e6c8a6f,104.09985984202385,7.662602357323316,96.46917818146648,110.05462278470017,0.9986104796614051
beta_high__eta_1.1,beta_high,beta,1.2,parameter_factor,eta,1.1,0.0,20,240.0,afa5bdc84e1f841effd5,95.16173423726045,7.695730251090847,88.22784546372846,100.59336908947814,0.9985449392346806
beta_high__eta_1.2,beta_high,beta,1.2,parameter_factor,eta,1.2,0.0,20,240.0,b9b9cf2a10df6cdafcdd,87.67941862497395,7.723823824132578,81.32396845233913,92.67578338512222,0.9984734303495924
beta_high__eta_1.3,beta_high,beta,1.2,parameter_factor,eta,1.3,0.0,20,240.0,26f4bd83cc1a297ffb79,81.32175076299528,7.747802360241868,75.45412660488023,85.95023207864668,0.9983952394386905
beta_high__eta_1.4,beta_high,beta,1.2,parameter_factor,eta,1.4,0.0,20,240.0,e148bd64cb22f5960c04,75.85122512426567,7.7683917481981855,70.40054868510491,80.16463211226456,0.9983095488755417
beta_high__beta_0.6,beta_high,beta,1.2,parameter_factor,beta,0.6,0.0,20,240.0,79e497bd17560aa3cd96,60.322584151072626,4.808109615409511,53.33093892609777,65.87694743591726,0.9892768148966427
beta_high__beta_0.7,beta_high,beta,1.2,parameter_factor,beta,0.7,0.0,20,240.0,8956705c37b8758adab2,71.21615303726527,5.534367035185773,64.01830717098235,76.88629235962186,0.994540526223214
beta_high__beta_0.8,beta_high,beta,1.2,parameter_factor,beta,0.8,0.0,20,240.0,b8f71520e85f8e724308,82.15534562463438,6.258409068308312,74.79814533842132,87.92533864393043,0.9968368318568019
beta_high__beta_0.9,beta_high,beta,1.2,parameter_factor,beta,0.9,0.0,20,240.0,0efa749255fbca4eb10b,93.11919585132199,6.96906965170404,85.62113842350938,98.98292134507237,0.9979796459161182
beta_high__beta_1.0,beta_high,beta,1.2,parameter_factor,beta,1.0,0.0,20,240.0,10c4174c26c44e6c8a6f,104.09985984202385,7.662602357323316,96.46917818146648,110.05462278470017,0.9986104796614051
beta_high__beta_1.1,beta_high,beta,1.2,parameter_factor,beta,1.1,0.0,20,240.0,e3dfa45dadc453d6a7c6,115.09381874048121,8.337896615049244,107.33458777184718,121.13828720039922,0.9989888396218882
beta_high__beta_1.2,beta_high,beta,1.2,parameter_factor,beta,1.2,0.0,20,240.0,abf7139d0a63d2a4ee3c,126.09922739996308,8.994924299653755,118.21368987204377,132.23262134930113,0.9992306528673084
beta_high__beta_1.3,beta_high,beta,1.2,parameter_factor,beta,1.3,0.0,20,240.0,f680a3c0283fccdd7cd5,137.11491955186727,9.634092384359842,129.1044585115178,143.33671974397828,0.9993933330078635
beta_high__beta_1.4,beta_high,beta,1.2,parameter_factor,beta,1.4,0.0,20,240.0,80092601442dada085bc,148.140067017376,10.25598583468067,140.0056042526347,154.4498585062277,0.9995082461711973
beta_high__Xc_0.6,beta_high,beta,1.2,parameter_factor,Xc,0.6,0.0,20,240.0,8c12b7871206dac1e7ae,82.5861856295499,3.7535543892415073,70.13086078025358,92.1329891805399,0.9818768197699533
beta_high__Xc_0.7,beta_high,beta,1.2,parameter_factor,Xc,0.7,0.0,20,240.0,ad83687977297803cacd,90.43636797770164,4.7386452998568345,79.61140539012248,98.69626240198491,0.9920258518567013
beta_high__Xc_0.8,beta_high,beta,1.2,parameter_factor,Xc,0.8,0.0,20,240.0,0d62fb747b46b180c3ce,96.22969311581494,5.733573574532556,86.72931804797372,103.51286357414416,0.995984626329214
beta_high__Xc_0.9,beta_high,beta,1.2,parameter_factor,Xc,0.9,0.0,20,240.0,fcf1b137637f19a6f421,100.641849874705,6.712631613156418,92.18521167445542,107.17811694240608,0.9977410552064139
beta_high__Xc_1.0,beta_high,beta,1.2,parameter_factor,Xc,1.0,0.0,20,240.0,10c4174c26c44e6c8a6f,104.09985984202385,7.662602357323316,96.46917818146648,110.05462278470017,0.9986104796614051
beta_high__Xc_1.1,beta_high,beta,1.2,parameter_factor,Xc,1.1,0.0,20,240.0,fe35541275196b024202,106.8779307251387,8.576152566830741,99.90916524896922,112.3713888267658,0.999082275678479
beta_high__Xc_1.2,beta_high,beta,1.2,parameter_factor,Xc,1.2,0.0,20,240.0,13e0a9ce20cf40075e35,109.1576052411259,9.449248107301965,102.7267301717064,114.27871864756975,0.9993577250644242
beta_high__Xc_1.3,beta_high,beta,1.2,parameter_factor,Xc,1.3,0.0,20,240.0,46d61858ff96add9f4ac,111.0628434336897,10.279884685804886,105.0748403857102,115.87874012079695,0.999529475931954
beta_high__Xc_1.4,beta_high,beta,1.2,parameter_factor,Xc,1.4,0.0,20,240.0,6c2872bbfd27f2e23389,112.68075841696013,11.067501029284106,107.06178343458811,117.24301207136998,0.9996416027772074
beta_high__epsilon_0.6,beta_high,beta,1.2,parameter_factor,epsilon,0.6,0.0,20,240.0,fef94d3d4b6da106da79,110.72028406481515,11.97922240612615,105.59941416760036,114.84210791775504,0.9996952982434548
beta_high__epsilon_0.7,beta_high,beta,1.2,parameter_factor,epsilon,0.7,0.0,20,240.0,44044f94938b58bcac2a,109.16506889805682,10.585989677663816,103.42789961503442,113.74012097761448,0.9995414930427984
beta_high__epsilon_0.8,beta_high,beta,1.2,parameter_factor,epsilon,0.8,0.0,20,240.0,20fa54c17f231360c9a6,107.53998720674684,9.439673559194139,101.17877060704326,112.57111235831114,0.9993238460041542
beta_high__epsilon_0.9,beta_high,beta,1.2,parameter_factor,epsilon,0.9,0.0,20,240.0,7a91d299de87c803d479,105.85000229135113,8.47907856909799,98.85727624094596,111.34094429859572,0.9990226359380878
beta_high__epsilon_1.0,beta_high,beta,1.2,parameter_factor,epsilon,1.0,0.0,20,240.0,10c4174c26c44e6c8a6f,104.09985984202385,7.662602357323316,96.46917818146648,110.05462278470017,0.9986104796614051
beta_high__epsilon_1.1,beta_high,beta,1.2,parameter_factor,epsilon,1.1,0.0,20,240.0,bd326f3ee6c7b8eaa6e4,102.29412761403813,6.960659057895101,94.02053147071942,108.7165719983777,0.9980561786478559
beta_high__epsilon_1.2,beta_high,beta,1.2,parameter_factor,epsilon,1.2,0.0,20,240.0,bcb31650493ca102b91d,100.43729525361276,6.35156217471897,91.51780062440258,107.330807329018,0.9973207051562338
beta_high__epsilon_1.3,beta_high,beta,1.2,parameter_factor,epsilon,1.3,0.0,20,240.0,4721467c5f9f55f5777a,98.53380403532331,5.818968913543594,88.96784921994033,105.90105603016866,0.9963593297757579
beta_high__epsilon_1.4,beta_high,beta,1.2,parameter_factor,epsilon,1.4,0.0,20,240.0,6ecce33a075f27ca29be,96.58812467865717,5.350309111403436,86.37804133939343,104.43085336716825,0.9951205682438221
beta_high__mex_9.999999999999999e-05,beta_high,beta,1.2,h_ext_absolute,h_ext,0.0001,0.0001,20,240.0,10c4174c26c44e6c8a6f,103.99524941603578,7.554129343491146,96.23166298280559,109.9983387553936,0.9966152545922266
beta_high__mex_0.0001668100537200059,beta_high,beta,1.2,h_ext_absolute,h_ext,0.00016681005372,0.00016681005372,20,240.0,10c4174c26c44e6c8a6f,103.92478580763266,7.481675927407376,96.07000387875358,109.96057957542716,0.9952844655171758
beta_high__mex_0.0002782559402207126,beta_high,beta,1.2,h_ext_absolute,h_ext,0.0002782559402207,0.0002782559402207,20,240.0,10c4174c26c44e6c8a6f,103.80619543924338,7.360854663076109,95.79483512968085,109.89730015455918,0.9930685288132924
beta_high__mex_0.00046415888336127773,beta_high,beta,1.2,h_ext_absolute,h_ext,0.0004641588833612,0.0004641588833612,20,240.0,10c4174c26c44e6c8a6f,103.60540402006804,7.159423838138084,95.31974868709938,109.7909416716751,0.9893830971399132
beta_high__mex_0.000774263682681127,beta_high,beta,1.2,h_ext_absolute,h_ext,0.0007742636826811,0.0007742636826811,20,240.0,10c4174c26c44e6c8a6f,103.26186150347752,6.823815115862386,94.47865841219227,109.61122864602508,0.9832658377280147
beta_high__mex_0.001291549665014884,beta_high,beta,1.2,h_ext_absolute,h_ext,0.0012915496650148,0.0012915496650148,20,240.0,10c4174c26c44e6c8a6f,102.66324953873931,6.265642722041035,92.91973135875409,109.3048420478131,0.9731456854284308
beta_high__mex_0.002154434690031882,beta_high,beta,1.2,h_ext_absolute,h_ext,0.0021544346900318,0.0021544346900318,20,240.0,10c4174c26c44e6c8a6f,101.5851070462362,5.344151240935124,89.76561310626101,108.77426433381511,0.956495513723267
beta_high__mex_0.0035938136638046254,beta_high,beta,1.2,h_ext_absolute,h_ext,0.0035938136638046,0.0035938136638046,20,240.0,10c4174c26c44e6c8a6f,99.51634925757527,3.8978243802499684,82.2979056384629,107.82916091045985,0.9293528828802243
beta_high__mex_0.005994842503189409,beta_high,beta,1.2,h_ext_absolute,h_ext,0.0059948425031894,0.0059948425031894,20,240.0,10c4174c26c44e6c8a6f,94.9913990224353,2.3468496196461186,65.57647826362582,106.05261198230825,0.8857794061087174
epsilon_low__baseline,epsilon_low,epsilon,0.8,baseline,baseline,1.0,0.0,20,240.0,514635cabc68de8e983f,89.18892624875636,8.073128549147231,83.03069132192634,94.07831997119112,0.9987780473644358
epsilon_low__eta_0.7,epsilon_low,epsilon,0.8,parameter_factor,eta,0.7,0.0,20,240.0,fe2f9103542a56fdbae9,124.82471199431018,7.97471492418843,116.04219993649276,131.69476095979647,0.9989575016199967
epsilon_low__eta_0.8,epsilon_low,epsilon,0.8,parameter_factor,eta,0.8,0.0,20,240.0,61c411a9e227f6706c6c,110.04955268387592,8.016188438680672,102.36490485295984,116.09331874014488,0.9989035861322775
epsilon_low__eta_0.9,epsilon_low,epsilon,0.8,parameter_factor,eta,0.9,0.0,20,240.0,a6417741d232e4b9c115,98.48811822626037,8.0482241782613,91.65304910153264,103.8902974739478,0.9988440269101292
epsilon_low__eta_1.0,epsilon_low,epsilon,0.8,parameter_factor,eta,1.0,0.0,20,240.0,514635cabc68de8e983f,89.18892624875636,8.073128549147231,83.03069132192634,94.07831997119112,0.9987780473644358
epsilon_low__eta_1.1,epsilon_low,epsilon,0.8,parameter_factor,eta,1.1,0.0,20,240.0,6ed9a9e8742297102ac5,81.54327302570782,8.092526966470288,75.9369177920194,86.0132849593536,0.9987047379709492
epsilon_low__eta_1.2,epsilon_low,epsilon,0.8,parameter_factor,eta,1.2,0.0,20,240.0,8d39dd567f2332c29299,75.14342612378096,8.107618632199195,69.99568681326859,79.2639355472866,0.99862302860008
epsilon_low__eta_1.3,epsilon_low,epsilon,0.8,parameter_factor,eta,1.3,0.0,20,240.0,645c82f4aafaedf406fc,69.70589280111184,8.119285783601304,64.94532284086078,73.53054753413348,0.9985316545517728
epsilon_low__eta_1.4,epsilon_low,epsilon,0.8,parameter_factor,eta,1.4,0.0,20,240.0,87a2091408a596569cc7,65.02737883722149,8.128222125773727,60.59806518285049,68.59826225313313,0.998429114771788
epsilon_low__beta_0.6,epsilon_low,epsilon,0.8,parameter_factor,beta,0.6,0.0,20,240.0,9fef2e18da3d3f779f6f,52.67075689033032,5.148865106645412,47.01483138992632,57.244417094618896,0.9899891703354765
epsilon_low__beta_0.7,epsilon_low,epsilon,0.8,parameter_factor,beta,0.7,0.0,20,240.0,e59d7cfd2c091620ce07,61.75837188768728,5.891775943006498,55.94102792092379,66.42315970684041,0.9950536961350149
epsilon_low__beta_0.8,epsilon_low,epsilon,0.8,parameter_factor,beta,0.8,0.0,20,240.0,c917b8302597a9543da9,70.88374003437413,6.633636100137156,64.94159766820586,75.62710090720755,0.9971820096863403
epsilon_low__beta_0.9,epsilon_low,epsilon,0.8,parameter_factor,beta,0.9,0.0,20,240.0,b4bd11d17cc7c9e4836e,80.02936751698866,7.362083136636213,73.97622863973977,84.84670728439613,0.9982158139121962
epsilon_low__beta_1.0,epsilon_low,epsilon,0.8,parameter_factor,beta,1.0,0.0,20,240.0,514635cabc68de8e983f,89.18892624875636,8.073128549147231,83.03069132192634,94.07831997119112,0.9987780473644358
epsilon_low__beta_1.1,epsilon_low,epsilon,0.8,parameter_factor,beta,1.1,0.0,20,240.0,218258ea969096a5f22c,98.35963017779702,8.765668787829641,92.09914430745637,103.32015123328965,0.9991118823951928
epsilon_low__beta_1.2,epsilon_low,epsilon,0.8,parameter_factor,beta,1.2,0.0,20,240.0,20fa54c17f231360c9a6,107.53998720674684,9.439673559194139,101.17877060704326,112.57111235831114,0.9993238460041542
epsilon_low__beta_1.3,epsilon_low,epsilon,0.8,parameter_factor,beta,1.3,0.0,20,240.0,ab63e1243d19a3fa3ce2,116.72904055255187,10.095558475921655,110.26800597785414,121.83042135397778,0.9994664499760919
epsilon_low__beta_1.4,epsilon_low,epsilon,0.8,parameter_factor,beta,1.4,0.0,20,240.0,c902190255cd6c8f9181,125.92609584163469,10.73393776494849,119.36586826702369,131.09745257458735,0.9995668896130059
epsilon_low__Xc_0.6,epsilon_low,epsilon,0.8,parameter_factor,Xc,0.6,0.0,20,240.0,3ae01f48483ab2b6c34f,72.45566596659454,4.126870564873094,62.54349375784817,80.10054208965661,0.9844668519243865
epsilon_low__Xc_0.7,epsilon_low,epsilon,0.8,parameter_factor,Xc,0.7,0.0,20,240.0,b33c92cdfe06e671e300,78.55687500550778,5.1453594054880405,69.93679003344565,85.20430952328323,0.9931341437548953
epsilon_low__Xc_0.8,epsilon_low,epsilon,0.8,parameter_factor,Xc,0.8,0.0,20,240.0,746b9b66ef39181a1eb0,83.0575384689459,6.156910194951822,75.46618778741973,88.95632096120656,0.9965194521726425
epsilon_low__Xc_0.9,epsilon_low,epsilon,0.8,parameter_factor,Xc,0.9,0.0,20,240.0,9dba8fe67baa5d81d9b1,86.49062067863068,7.136759834201262,79.70168553779371,91.82071751980668,0.9980276041171563
epsilon_low__Xc_1.0,epsilon_low,epsilon,0.8,parameter_factor,Xc,1.0,0.0,20,240.0,514635cabc68de8e983f,89.18892624875636,8.073128549147231,83.03069132192634,94.07831997119112,0.9987780473644358
epsilon_low__Xc_1.1,epsilon_low,epsilon,0.8,parameter_factor,Xc,1.1,0.0,20,240.0,ecb97842696222c1d3c8,91.3649646528815,8.96049971076117,85.70951067956541,95.90592467455234,0.9991872632729212
epsilon_low__Xc_1.2,epsilon_low,epsilon,0.8,parameter_factor,Xc,1.2,0.0,20,240.0,6d8461e7cc7790aec084,93.15895182621172,9.796818478436093,87.9102536116515,97.41935618727491,0.9994278038266105
epsilon_low__Xc_1.3,epsilon_low,epsilon,0.8,parameter_factor,Xc,1.3,0.0,20,240.0,9d38220805b3d794f7b3,94.66642208905137,10.582121133405096,89.75136189083896,98.69724531965488,0.9995782901549619
epsilon_low__Xc_1.4,epsilon_low,epsilon,0.8,parameter_factor,Xc,1.4,0.0,20,240.0,7d7cb0c28aac0dd6f024,95.95437750978111,11.317701224342017,91.31639146198036,99.79464827471573,0.9996770974727955
epsilon_low__epsilon_0.6,epsilon_low,epsilon,0.8,parameter_factor,epsilon,0.6,0.0,20,240.0,5c3bfa9e21c98b930d43,94.01433731577247,12.255767218369723,89.79936805483474,97.4703963667023,0.9997205929414756
epsilon_low__epsilon_0.7,epsilon_low,epsilon,0.8,parameter_factor,epsilon,0.7,0.0,20,240.0,317b078d52ee717d7b31,92.88464479115464,10.919850080316722,88.19121755910746,96.69725419037782,0.9995843829724717
epsilon_low__epsilon_0.8,epsilon_low,epsilon,0.8,parameter_factor,epsilon,0.8,0.0,20,240.0,d1a4f4fb404deea04945,91.7015185956451,9.81138448045445,86.52479230120018,95.87123252870593,0.9993937587444618
epsilon_low__epsilon_0.9,epsilon_low,epsilon,0.8,parameter_factor,epsilon,0.9,0.0,20,240.0,1e3c74c5a10c1ce1e59c,90.46848237790233,8.875038204841045,84.80335898153756,94.99694691770607,0.9991323984360266
epsilon_low__epsilon_1.0,epsilon_low,epsilon,0.8,parameter_factor,epsilon,1.0,0.0,20,240.0,514635cabc68de8e983f,89.18892624875636,8.073128549147231,83.03069132192634,94.07831997119112,0.9987780473644358
epsilon_low__epsilon_1.1,epsilon_low,epsilon,0.8,parameter_factor,epsilon,1.1,0.0,20,240.0,fe587875e0d6b285b7ab,87.86611227068255,7.378787899857928,81.2108481031964,93.11878114899845,0.9983047121251414
epsilon_low__epsilon_1.2,epsilon_low,epsilon,0.8,parameter_factor,epsilon,1.2,0.0,20,240.0,91ec043b3ffa20dec116,86.50323098906755,6.772234697124885,79.34819155856727,92.12140968489594,0.9976811632731323
epsilon_low__epsilon_1.3,epsilon_low,epsilon,0.8,parameter_factor,epsilon,1.3,0.0,20,240.0,bc69c22055610e62dcdd,85.10344150026582,6.23849200991602,77.44737799770249,91.08904674793808,0.9968704462731751
epsilon_low__epsilon_1.4,epsilon_low,epsilon,0.8,parameter_factor,epsilon,1.4,0.0,20,240.0,6b7e3b58fb90aa330f91,83.66990658567887,5.765989644048799,75.51340363442638,90.02433961434726,0.9958307640461311
epsilon_low__mex_9.999999999999999e-05,epsilon_low,epsilon,0.8,h_ext_absolute,h_ext,0.0001,0.0001,20,240.0,514635cabc68de8e983f,89.1189160607051,7.981481828407305,82.87428131345197,94.03999188908936,0.9967824874947632
epsilon_low__mex_0.0001668100537200059,epsilon_low,epsilon,0.8,h_ext_absolute,h_ext,0.00016681005372,0.00016681005372,20,240.0,514635cabc68de8e983f,89.07183398597643,7.920232568955221,82.76818398033294,94.01429742592916,0.9954514751121535
epsilon_low__mex_0.0002782559402207126,epsilon_low,epsilon,0.8,h_ext_absolute,h_ext,0.0002782559402207,0.0002782559402207,20,240.0,514635cabc68de8e983f,88.9927353060195,7.818044027373079,82.58828744670265,93.97127979036712,0.9932351665721728
epsilon_low__mex_0.00046415888336127773,epsilon_low,epsilon,0.8,h_ext_absolute,h_ext,0.0004641588833612,0.0004641588833612,20,240.0,514635cabc68de8e983f,88.85921044916755,7.647518206885096,82.27973783272624,93.89909041813979,0.9895491164801682
epsilon_low__mex_0.000774263682681127,epsilon_low,epsilon,0.8,h_ext_absolute,h_ext,0.0007742636826811,0.0007742636826811,20,240.0,514635cabc68de8e983f,88.63193580928038,7.3628894928075646,81.73979133022164,93.77744799963932,0.9834308305868442
epsilon_low__mex_0.001291549665014884,epsilon_low,epsilon,0.8,h_ext_absolute,h_ext,0.0012915496650148,0.0012915496650148,20,240.0,514635cabc68de8e983f,88.23948349914285,6.887807999308125,80.76005663907193,93.57102400459758,0.9733089801169431
epsilon_low__mex_0.002154434690031882,epsilon_low,epsilon,0.8,h_ext_absolute,h_ext,0.0021544346900318,0.0021544346900318,20,240.0,514635cabc68de8e983f,87.5441680747503,6.096083173686563,78.85571789739177,93.21644191976573,0.9566560144985523
epsilon_low__mex_0.0035938136638046254,epsilon_low,epsilon,0.8,h_ext_absolute,h_ext,0.0035938136638046,0.0035938136638046,20,240.0,514635cabc68de8e983f,86.25140475633846,4.79830850628874,74.61864725847165,92.59402434047794,0.9295088290985555
epsilon_low__mex_0.005994842503189409,epsilon_low,epsilon,0.8,h_ext_absolute,h_ext,0.0059948425031894,0.0059948425031894,20,240.0,514635cabc68de8e983f,83.60095005441605,3.0251692091043685,63.821302724538185,91.45643460503453,0.8859280406599228
epsilon_high__baseline,epsilon_high,epsilon,1.2,baseline,baseline,1.0,0.0,20,240.0,d6c2b4184a23e7f3406f,82.20583527023453,5.345618350612896,73.55166203697756,88.92983344362302,0.9945147926686115
epsilon_high__eta_0.7,epsilon_high,epsilon,1.2,parameter_factor,eta,0.7,0.0,20,240.0,c82b9080871a5644b3c8,114.10233556265412,5.173405269737942,101.61868834573255,123.67424549106208,0.9954096389842356
epsilon_high__eta_0.8,epsilon_high,epsilon,1.2,parameter_factor,eta,0.8,0.0,20,240.0,525e20ae3c0b14a3fe98,100.91206605302297,5.2391179159822014,90.03207534514429,109.29334559546362,0.995141139903252
epsilon_high__eta_0.9,epsilon_high,epsilon,1.2,parameter_factor,eta,0.9,0.0,20,240.0,b00a85fe40691bdb1939,90.55760272132315,5.295846506384629,80.91705156392658,98.01679239141235,0.9948441529223004
epsilon_high__eta_1.0,epsilon_high,epsilon,1.2,parameter_factor,eta,1.0,0.0,20,240.0,d6c2b4184a23e7f3406f,82.20583527023453,5.345618350612896,73.55166203697756,88.92983344362302,0.9945147926686115
epsilon_high__eta_1.1,epsilon_high,epsilon,1.2,parameter_factor,eta,1.1,0.0,20,240.0,b80a21523b52cd822b45,75.32211493225208,5.38990304496343,67.47149729968932,81.44616703009133,0.9941485439856315
epsilon_high__eta_1.2,epsilon_high,epsilon,1.2,parameter_factor,eta,1.2,0.0,20,240.0,5dd0ef60e1ae3b6d1fc0,69.54731635349967,5.429814218862863,62.36398944073259,75.17240489478188,0.9937401450684932
epsilon_high__eta_1.3,epsilon_high,epsilon,1.2,parameter_factor,eta,1.3,0.0,20,240.0,1922b496db635faa9652,64.63112227965692,5.466223076579453,58.01088957569971,69.83461527701165,0.9932834465739132
epsilon_high__eta_1.4,epsilon_high,epsilon,1.2,parameter_factor,eta,1.4,0.0,20,240.0,51ce0b33240ef20548ef,60.39363104463913,5.499835506852622,54.25509312192654,65.23608172956591,0.9927712414716034
epsilon_high__beta_0.6,epsilon_high,epsilon,1.2,parameter_factor,beta,0.6,0.0,20,240.0,5f0bd2f0b4926526744b,46.36442705175336,3.4278596699002755,38.96455640521765,52.490322193961916,0.9482283852721086
epsilon_high__beta_0.7,epsilon_high,epsilon,1.2,parameter_factor,beta,0.7,0.0,20,240.0,f8a513d98041a42d99c5,55.12751867938448,3.8505708729572414,47.17555596786509,61.49226912500963,0.9740608567328138
epsilon_high__beta_0.8,epsilon_high,epsilon,1.2,parameter_factor,beta,0.8,0.0,20,240.0,07409db64655357a98a5,64.08212874362847,4.332829959257683,55.807894363816104,70.59779596304878,0.9857334615817379
epsilon_high__beta_0.9,epsilon_high,epsilon,1.2,parameter_factor,beta,0.9,0.0,20,240.0,3c3dd5de4b65c7335771,73.12252948539181,4.8367637166867645,64.63298683409032,79.75105622274376,0.991464663738915
epsilon_high__beta_1.0,epsilon_high,epsilon,1.2,parameter_factor,beta,1.0,0.0,20,240.0,d6c2b4184a23e7f3406f,82.20583527023453,5.345618350612896,73.55166203697756,88.92983344362302,0.9945147926686115
epsilon_high__beta_1.1,epsilon_high,epsilon,1.2,parameter_factor,beta,1.1,0.0,20,240.0,5d34796f24ddef49493c,91.31360775042126,5.8517502524799685,82.52008235153741,98.1245773847495,0.9962590993708054
epsilon_high__beta_1.2,epsilon_high,epsilon,1.2,parameter_factor,beta,1.2,0.0,20,240.0,bcb31650493ca102b91d,100.43729525361276,6.35156217471897,91.51780062440258,107.330807329018,0.9973207051562338
epsilon_high__beta_1.3,epsilon_high,epsilon,1.2,parameter_factor,beta,1.3,0.0,20,240.0,a39ecb68a2cc4de2b3f9,109.57260844881012,6.843347952118649,100.53464617712761,116.54619625692258,0.998001973354389
epsilon_high__beta_1.4,epsilon_high,epsilon,1.2,parameter_factor,beta,1.4,0.0,20,240.0,eda12172f3cf4f11b539,118.71721423993752,7.326327114741946,109.56523256103208,125.76942497295103,0.9984590053371536
epsilon_high__Xc_0.6,epsilon_high,epsilon,1.2,parameter_factor,Xc,0.6,0.0,20,240.0,7141d18db26fb46bdbcf,58.75583762788795,2.579554570998455,46.27965870092173,69.05717164384258,0.9196415080517405
epsilon_high__Xc_0.7,epsilon_high,epsilon,1.2,parameter_factor,Xc,0.7,0.0,20,240.0,558d61d92d03882d16eb,66.9773118587589,3.201175296258602,55.266425006018444,76.18915046158445,0.9637495675884279
epsilon_high__Xc_0.8,epsilon_high,epsilon,1.2,parameter_factor,Xc,0.8,0.0,20,240.0,23d7bcacc56994d73729,73.34799386199022,3.8978936143389586,62.74338712623464,81.56072826457898,0.9822122173687945
epsilon_high__Xc_0.9,epsilon_high,epsilon,1.2,parameter_factor,Xc,0.9,0.0,20,240.0,6f39a2c5a930c827db7b,78.29781706814792,4.621469664388026,68.74388873614383,85.68607872204653,0.9904986472788353
epsilon_high__Xc_1.0,epsilon_high,epsilon,1.2,parameter_factor,Xc,1.0,0.0,20,240.0,d6c2b4184a23e7f3406f,82.20583527023453,5.345618350612896,73.55166203697756,88.92983344362302,0.9945147926686115
epsilon_high__Xc_1.1,epsilon_high,epsilon,1.2,parameter_factor,Xc,1.1,0.0,20,240.0,13613d54ffdcf0e77efc,85.3504851053935,6.055942620346259,77.44504975029174,91.53872441930858,0.9966098875618172
epsilon_high__Xc_1.2,epsilon_high,epsilon,1.2,parameter_factor,Xc,1.2,0.0,20,240.0,870da8b176e9e054741a,87.92795323186299,6.744414700289051,80.64296409644695,93.68011515243029,0.9977783640924706
epsilon_high__Xc_1.3,epsilon_high,epsilon,1.2,parameter_factor,Xc,1.3,0.0,20,240.0,378e69675a28e73600b5,90.07647327360776,7.406569277099247,83.30792568405565,95.46962564305284,0.9984695190749863
epsilon_high__Xc_1.4,epsilon_high,epsilon,1.2,parameter_factor,Xc,1.4,0.0,20,240.0,769fefbecda3b32b6b65,91.89475485658751,8.040063900849143,85.55931038974954,96.98891542645605,0.9989001182731134
epsilon_high__epsilon_0.6,epsilon_high,epsilon,1.2,parameter_factor,epsilon,0.6,0.0,20,240.0,42226589c0bec99aac3c,90.46848237790236,8.875038204841074,84.80335898153758,94.99694691770607,0.9991323984360266
epsilon_high__epsilon_0.7,epsilon_high,epsilon,1.2,parameter_factor,epsilon,0.7,0.0,20,240.0,1e0562bc2b7749d04cbd,88.53272668941648,7.713887149998082,82.12640728999665,93.6034648315292,0.9985580429800162
epsilon_high__epsilon_0.8,epsilon_high,epsilon,1.2,parameter_factor,epsilon,0.8,0.0,20,240.0,151b3e70bffb0e341478,86.5032309890675,6.772234697124897,79.34819155856732,92.12140968489597,0.997681163273132
epsilon_high__epsilon_0.9,epsilon_high,epsilon,1.2,parameter_factor,epsilon,0.9,0.0,20,240.0,c0b3df30977e803ef593,84.39069215015073,5.99520308541176,76.48420718089358,90.56057639605831,0.9963820555571692
epsilon_high__epsilon_1.0,epsilon_high,epsilon,1.2,parameter_factor,epsilon,1.0,0.0,20,240.0,d6c2b4184a23e7f3406f,82.20583527023453,5.345618350612896,73.55166203697756,88.92983344362302,0.9945147926686115
epsilon_high__epsilon_1.1,epsilon_high,epsilon,1.2,parameter_factor,epsilon,1.1,0.0,20,240.0,0ca44f411f445d1a094f,79.95968328405584,4.797259149944188,70.56976561176805,87.2375504415674,0.991907574339276
epsilon_high__epsilon_1.2,epsilon_high,epsilon,1.2,parameter_factor,epsilon,1.2,0.0,20,240.0,d899f132a7f4c76ddb5c,77.66376618018575,4.331036775395045,67.55993690162067,85.49184794458378,0.9883681807197181
epsilon_high__epsilon_1.3,epsilon_high,epsilon,1.2,parameter_factor,epsilon,1.3,0.0,20,240.0,2989f37b7ca99ae1ee23,75.33024515867135,3.9326597082513026,64.54575890818028,83.70079665543751,0.9836903688644539
epsilon_high__epsilon_1.4,epsilon_high,epsilon,1.2,parameter_factor,epsilon,1.4,0.0,20,240.0,03a6d3e8fb92d62e1c34,72.97192622408375,3.5911561646920753,61.552620186698256,81.87251797937493,0.9776633250789025
epsilon_high__mex_9.999999999999999e-05,epsilon_high,epsilon,1.2,h_ext_absolute,h_ext,0.0001,0.0001,20,240.0,d6c2b4184a23e7f3406f,82.11834563319361,5.29202122670531,73.36402422893892,88.88141203131525,0.9925277507875027
epsilon_high__mex_0.0001668100537200059,epsilon_high,epsilon,1.2,h_ext_absolute,h_ext,0.00016681005372,0.00016681005372,20,240.0,d6c2b4184a23e7f3406f,82.05958373852091,5.256311695756956,73.23733700187027,88.84896517163078,0.9912024197920695
epsilon_high__mex_0.0002782559402207126,epsilon_high,epsilon,1.2,h_ext_absolute,h_ext,0.0002782559402207,0.0002782559402207,20,240.0,d6c2b4184a23e7f3406f,81.96100620442799,5.196921565379491,73.02360784177311,88.79467638173924,0.9889955714998538
epsilon_high__mex_0.00046415888336127773,epsilon_high,epsilon,1.2,h_ext_absolute,h_ext,0.0004641588833612,0.0004641588833612,20,240.0,d6c2b4184a23e7f3406f,81.79499947084871,5.098357609386221,72.66023841204819,88.70364017740529,0.9853252552041669
epsilon_high__mex_0.000774263682681127,epsilon_high,epsilon,1.2,h_ext_absolute,h_ext,0.0007742636826811,0.0007742636826811,20,240.0,d6c2b4184a23e7f3406f,81.5136178949644,4.935434236220476,72.03444993393663,88.55044710734583,0.9792330850340849
epsilon_high__mex_0.001291549665014884,epsilon_high,epsilon,1.2,h_ext_absolute,h_ext,0.0012915496650148,0.0012915496650148,20,240.0,d6c2b4184a23e7f3406f,81.03138582026347,4.668198867056676,70.93294635748695,88.29111556319481,0.9691544393849747
epsilon_high__mex_0.002154434690031882,epsilon_high,epsilon,1.2,h_ext_absolute,h_ext,0.0021544346900318,0.0021544346900318,20,240.0,d6c2b4184a23e7f3406f,80.18903732973108,4.237261117520947,68.92284582254108,87.8475793014744,0.9525725564601407
epsilon_high__mex_0.0035938136638046254,epsilon_high,epsilon,1.2,h_ext_absolute,h_ext,0.0035938136638046,0.0035938136638046,20,240.0,d6c2b4184a23e7f3406f,78.6677667536507,3.573089432242546,65.05866997601775,87.07540598149667,0.9255412480219376
epsilon_high__mex_0.005994842503189409,epsilon_high,epsilon,1.2,h_ext_absolute,h_ext,0.0059948425031894,0.0059948425031894,20,240.0,d6c2b4184a23e7f3406f,75.75539078659573,2.6912665998307146,57.539326777417806,85.68792817995477,0.8821464828959408
Xc_low__baseline,Xc_low,Xc,0.8,baseline,baseline,1.0,0.0,20,240.0,1c153f65d4a375447519,78.30886019291496,4.828729418536796,69.15725132544156,85.37453198156997,0.9916341744039083
Xc_low__eta_0.7,Xc_low,Xc,0.8,parameter_factor,eta,0.7,0.0,20,240.0,8df6b9911e216998276c,108.52779556318647,4.642471630739054,95.26576827978352,118.64292687017634,0.9930575824811928
Xc_low__eta_0.8,Xc_low,Xc,0.8,parameter_factor,eta,0.8,0.0,20,240.0,546436cdce1327b3d796,96.03831557906975,4.712317272829186,84.49757717750968,104.87785083455276,0.9926315271863105
Xc_low__eta_0.9,Xc_low,Xc,0.8,parameter_factor,eta,0.9,0.0,20,240.0,42a4a9f847911d6ab660,86.22712742703145,4.773766583822059,76.01673125758876,94.07943413863217,0.9921591835082296
Xc_low__eta_1.0,Xc_low,Xc,0.8,parameter_factor,eta,1.0,0.0,20,240.0,1c153f65d4a375447519,78.30886019291496,4.828729418536796,69.15725132544156,85.37453198156997,0.9916341744039083
Xc_low__eta_1.1,Xc_low,Xc,0.8,parameter_factor,eta,1.1,0.0,20,240.0,3797dbf177946b501246,71.77913579434042,4.8786069598797495,63.490204674566314,78.2032439467666,0.991049091361796
Xc_low__eta_1.2,Xc_low,Xc,0.8,parameter_factor,eta,1.2,0.0,20,240.0,b590a5eb83ba10100281,66.29893954429497,4.924478214696414,58.72659407020127,72.1897340525115,0.9903953068816927
Xc_low__eta_1.3,Xc_low,Xc,0.8,parameter_factor,eta,1.3,0.0,20,240.0,ad03545ff330322093b3,61.63183699409057,4.967197498211751,54.66442069932104,67.0721892682734,0.9896627497344733
Xc_low__eta_1.4,Xc_low,Xc,0.8,parameter_factor,eta,1.4,0.0,20,240.0,66c13df59ab5b5486422,57.607825938099495,5.007478071412507,51.1581954395144,62.66255454334758,0.9888396351471098
Xc_low__beta_0.6,Xc_low,Xc,0.8,parameter_factor,beta,0.6,0.0,20,240.0,298c7e3a83eb128277df,43.4031381315645,3.1911114584463585,36.03084299530708,49.632103464189605,0.9225188526489713
Xc_low__beta_0.7,Xc_low,Xc,0.8,parameter_factor,beta,0.7,0.0,20,240.0,99c47c03a33da1607890,51.83679137078433,3.520734399997113,43.684747215555305,58.40803658689409,0.9604105598427755
Xc_low__beta_0.8,Xc_low,Xc,0.8,parameter_factor,beta,0.8,0.0,20,240.0,faefdc23588b56defe98,60.551609304449,3.931038404986292,51.93296044368913,67.33642463463747,0.9780836653571017
Xc_low__beta_0.9,Xc_low,Xc,0.8,parameter_factor,beta,0.9,0.0,20,240.0,085fb4c4daee9e9a3aa9,69.39723841400208,4.374414517178517,60.47213699762306,76.33648596169039,0.9869060018383234
Xc_low__beta_1.0,Xc_low,Xc,0.8,parameter_factor,beta,1.0,0.0,20,240.0,1c153f65d4a375447519,78.30886019291496,4.828729418536796,69.15725132544156,85.37453198156997,0.9916341744039083
Xc_low__beta_1.1,Xc_low,Xc,0.8,parameter_factor,beta,1.1,0.0,20,240.0,49b4fdf6da0b3bc1e31d,87.25756804535847,5.283482214504167,77.9205256410479,94.43568827485403,0.994341257638723
Xc_low__beta_1.2,Xc_low,Xc,0.8,parameter_factor,beta,1.2,0.0,20,240.0,0d62fb747b46b180c3ce,96.22969311581494,5.733573574532556,86.72931804797372,103.51286357414416,0.995984626329214
Xc_low__beta_1.3,Xc_low,Xc,0.8,parameter_factor,beta,1.3,0.0,20,240.0,5ca002d10a558edc1c76,105.21832389157443,6.176497137519436,95.56712271266105,112.60239716497489,0.997034091832183
Xc_low__beta_1.4,Xc_low,Xc,0.8,parameter_factor,beta,1.4,0.0,20,240.0,44df5e7f2f3ba8086634,114.2197037505826,6.611038043514153,104.42510054529758,121.70222147529122,0.9977346467247473
Xc_low__Xc_0.6,Xc_low,Xc,0.8,parameter_factor,Xc,0.6,0.0,20,240.0,cbbd8510bbaf2fd4c6f4,53.50412372797515,2.360880892036144,41.33610969354471,63.998889467169995,0.8797089849648971
Xc_low__Xc_0.7,Xc_low,Xc,0.8,parameter_factor,Xc,0.7,0.0,20,240.0,4a8f744de55a6d37da42,61.94439352635833,2.8749408913173404,49.99024844316297,71.53656743477691,0.9443535786308215
Xc_low__Xc_0.8,Xc_low,Xc,0.8,parameter_factor,Xc,0.8,0.0,20,240.0,22a646f3dbb445d7bd6c,68.70611399148818,3.4893853640484807,57.6393420802079,77.32937537357091,0.9725007738966203
Xc_low__Xc_0.9,Xc_low,Xc,0.8,parameter_factor,Xc,0.9,0.0,20,240.0,c3a73e9a813298dfb2dc,74.05103981709861,4.150913353464615,63.983774829539826,81.82347262889064,0.9853651403720934
Xc_low__Xc_1.0,Xc_low,Xc,0.8,parameter_factor,Xc,1.0,0.0,20,240.0,1c153f65d4a375447519,78.30886019291496,4.828729418536796,69.15725132544156,85.37453198156997,0.9916341744039083
Xc_low__Xc_1.1,Xc_low,Xc,0.8,parameter_factor,Xc,1.1,0.0,20,240.0,08c15623fbcfdb66ce7e,81.7506784666932,5.505335605287204,73.38705993532245,88.236414148748,0.9948975604869912
Xc_low__Xc_1.2,Xc_low,Xc,0.8,parameter_factor,Xc,1.2,0.0,20,240.0,6ad02aad28115749d6a6,84.577626223608,6.1706275836209175,76.87970667100471,90.58619358460612,0.9967051903670019
Xc_low__Xc_1.3,Xc_low,Xc,0.8,parameter_factor,Xc,1.3,0.0,20,240.0,a1d45e00d476cba2610c,86.93533470831855,6.818617637127578,79.79845611932747,92.54815691424417,0.9977647107486715
Xc_low__Xc_1.4,Xc_low,Xc,0.8,parameter_factor,Xc,1.4,0.0,20,240.0,73d51f5d3850a89b003c,88.9294945013823,7.445727413901472,82.26727545549615,94.2109700816716,0.9984174436281777
Xc_low__epsilon_0.6,Xc_low,Xc,0.8,parameter_factor,epsilon,0.6,0.0,20,240.0,a6d7096dedac846de40e,87.48739750061641,8.135028160333098,81.47460614947364,92.22901237602002,0.9987391280093082
Xc_low__epsilon_0.7,Xc_low,Xc,0.8,parameter_factor,epsilon,0.7,0.0,20,240.0,f238865560fc7af943e4,85.31842974000654,7.040570711582297,78.51815650645848,90.63626926110364,0.9978659960204285
Xc_low__epsilon_0.8,Xc_low,Xc,0.8,parameter_factor,epsilon,0.8,0.0,20,240.0,746b9b66ef39181a1eb0,83.0575384689459,6.156910194951822,75.46618778741973,88.95632096120656,0.9965194521726425
Xc_low__epsilon_0.9,Xc_low,Xc,0.8,parameter_factor,epsilon,0.9,0.0,20,240.0,a2d51c17a928fb585aa6,80.71674559649007,5.431475628824195,72.33827976096428,87.19920358949734,0.9945158650307505
Xc_low__epsilon_1.0,Xc_low,Xc,0.8,parameter_factor,epsilon,1.0,0.0,20,240.0,1c153f65d4a375447519,78.30886019291496,4.828729418536796,69.15725132544156,85.37453198156997,0.9916341744039083
Xc_low__epsilon_1.1,Xc_low,Xc,0.8,parameter_factor,epsilon,1.1,0.0,20,240.0,832376bdd7d41e8ba9d6,75.84766012052353,4.323623318034453,65.94921215801631,83.49182735396829,0.9876234122706861
Xc_low__epsilon_1.2,Xc_low,Xc,0.8,parameter_factor,epsilon,1.2,0.0,20,240.0,23d7bcacc56994d73729,73.34799386199022,3.8978936143389586,62.74338712623464,81.56072826457898,0.9822122173687945
Xc_low__epsilon_1.3,Xc_low,Xc,0.8,parameter_factor,epsilon,1.3,0.0,20,240.0,99d58dd63e90c23ad452,70.82573449244528,3.537816609921615,59.57147825351896,79.59109552079572,0.9751233711516293
Xc_low__epsilon_1.4,Xc_low,Xc,0.8,parameter_factor,epsilon,1.4,0.0,20,240.0,03a1cab10fe211219279,68.29758320682629,3.232788985089077,56.46649443607967,77.59301507254627,0.9660893408005731
Xc_low__mex_9.999999999999999e-05,Xc_low,Xc,0.8,h_ext_absolute,h_ext,0.0001,0.0001,20,240.0,1c153f65d4a375447519,78.22237711596122,4.783849761385317,68.97516275622704,85.32650759723003,0.9896528880019313
Xc_low__mex_0.0001668100537200059,Xc_low,Xc,0.8,h_ext_absolute,h_ext,0.00016681005372,0.00016681005372,20,240.0,1c153f65d4a375447519,78.1643210555731,4.753969124074309,68.85242899873285,85.29433659542832,0.9883313958359456
Xc_low__mex_0.0002782559402207126,Xc_low,Xc,0.8,h_ext_absolute,h_ext,0.0002782559402207,0.0002782559402207,20,240.0,1c153f65d4a375447519,78.06698794803278,4.704317667485443,68.64576209452514,85.24051471669685,0.9861309396934949
Xc_low__mex_0.00046415888336127773,Xc_low,Xc,0.8,h_ext_absolute,h_ext,0.0004641588833612,0.0004641588833612,20,240.0,1c153f65d4a375447519,77.9032424845994,4.622040712190407,68.29556563971538,85.15029439170006,0.9824712544917208
Xc_low__mex_0.000774263682681127,Xc_low,Xc,0.8,h_ext_absolute,h_ext,0.0007742636826811,0.0007742636826811,20,240.0,1c153f65d4a375447519,77.6261789816966,4.486372783588086,67.69591596256609,84.99857508747571,0.9763967303303186
Xc_low__mex_0.001291549665014884,Xc_low,Xc,0.8,h_ext_absolute,h_ext,0.0012915496650148,0.0012915496650148,20,240.0,1c153f65d4a375447519,77.15279594192741,4.26477634101616,66.65131285906772,84.74201440416782,0.9663472775408363
Xc_low__mex_0.002154434690031882,Xc_low,Xc,0.8,h_ext_absolute,h_ext,0.0021544346900318,0.0021544346900318,20,240.0,1c153f65d4a375447519,76.33049660896826,3.909892927851076,64.78166229039809,84.3040630357608,0.9498134241427308
Xc_low__mex_0.0035938136638046254,Xc_low,Xc,0.8,h_ext_absolute,h_ext,0.0035938136638046,0.0035938136638046,20,240.0,1c153f65d4a375447519,74.8611787384227,3.367906392677813,61.316495192032676,83.54430380962931,0.9228604120570607
Xc_low__mex_0.005994842503189409,Xc_low,Xc,0.8,h_ext_absolute,h_ext,0.0059948425031894,0.0059948425031894,20,240.0,1c153f65d4a375447519,72.10926345346786,2.6436205622371807,54.911822500940815,82.18852948510988,0.8795913401373749
Xc_high__baseline,Xc_high,Xc,1.2,baseline,baseline,1.0,0.0,20,240.0,0b9661fc7bfeaeec24b8,90.63770079566729,8.04988802121276,84.3795668271074,95.63906516507461,0.9988379967440005
Xc_high__eta_0.7,Xc_high,Xc,1.2,parameter_factor,eta,0.7,0.0,20,240.0,f3a4005ad7d6179aee24,126.73521762690841,7.968873433643714,117.83447290035917,133.7382538654133,0.999003296155923
Xc_high__eta_0.8,Xc_high,Xc,1.2,parameter_factor,eta,0.8,0.0,20,240.0,239bc7df2ffda838cddf,111.77103635048157,8.00420221801215,103.97550342704257,117.93954797591205,0.9989534887635723
Xc_high__eta_0.9,Xc_high,Xc,1.2,parameter_factor,eta,0.9,0.0,20,240.0,317264d46480f5b1ff13,100.05939239599857,8.030440594657433,93.11941057907875,105.57942335379089,0.9988986164714352
Xc_high__eta_1.0,Xc_high,Xc,1.2,parameter_factor,eta,1.0,0.0,20,240.0,0b9661fc7bfeaeec24b8,90.63770079566729,8.04988802121276,84.3795668271074,95.63906516507461,0.9988379967440005
Xc_high__eta_1.1,Xc_high,Xc,1.2,parameter_factor,eta,1.1,0.0,20,240.0,aa89439089d339da5e55,82.8900600415122,8.064148034331257,77.18809248504587,87.46692909476916,0.9987708336016962
Xc_high__eta_1.2,Xc_high,Xc,1.2,parameter_factor,eta,1.2,0.0,20,240.0,0e609c03340394de69af,76.40385867440355,8.074390300811503,71.16423050288338,80.62672312808193,0.9986961946554341
Xc_high__eta_1.3,Xc_high,Xc,1.2,parameter_factor,eta,1.3,0.0,20,240.0,44e230f5035a731ac8b4,70.89216727510771,8.081470240152846,66.04299828714841,74.81518517498466,0.9986129828189194
Xc_high__eta_1.4,Xc_high,Xc,1.2,parameter_factor,eta,1.4,0.0,20,240.0,54c8065694c84946848c,66.14921155319593,8.08605568193981,61.63421936780875,69.81487185835987,0.9985199013983649
Xc_high__beta_0.6,Xc_high,Xc,1.2,parameter_factor,beta,0.6,0.0,20,240.0,1b60a7d1c1227479d4a2,53.75826722472177,5.096149563864543,47.939826320547255,58.4886272438772,0.9904749240684331
Xc_high__beta_0.7,Xc_high,Xc,1.2,parameter_factor,beta,0.7,0.0,20,240.0,1390c7d74aa9916464fb,62.93984282876079,5.842077609959759,56.97640054105636,67.74993814717425,0.9952887100503325
Xc_high__beta_0.8,Xc_high,Xc,1.2,parameter_factor,beta,0.8,0.0,20,240.0,a09909659682dee5e14e,72.15645785945493,6.5895518081167985,66.08382715543723,77.03395850891941,0.9973166111468816
Xc_high__beta_0.9,Xc_high,Xc,1.2,parameter_factor,beta,0.9,0.0,20,240.0,a32a1fe111fc6597a5f8,81.39110227558339,7.326823672191501,75.22282881579667,86.33147642587882,0.9983021190301866
Xc_high__beta_1.0,Xc_high,Xc,1.2,parameter_factor,beta,1.0,0.0,20,240.0,0b9661fc7bfeaeec24b8,90.63770079566729,8.04988802121276,84.3795668271074,95.63906516507461,0.9988379967440005
Xc_high__beta_1.1,Xc_high,Xc,1.2,parameter_factor,beta,1.1,0.0,20,240.0,47db9e6c524fa75ca313,99.89364936994491,8.757454921812187,93.54842078348592,104.95511944900116,0.9991558461664968
Xc_high__beta_1.2,Xc_high,Xc,1.2,parameter_factor,beta,1.2,0.0,20,240.0,13e0a9ce20cf40075e35,109.1576052411259,9.449248107301965,102.7267301717064,114.27871864756975,0.9993577250644242
Xc_high__beta_1.3,Xc_high,Xc,1.2,parameter_factor,beta,1.3,0.0,20,240.0,46d7f5d71b311f3994b2,118.42875133640895,10.125427248736901,111.91305518573124,123.60922843621628,0.9994935417636965
Xc_high__beta_1.4,Xc_high,Xc,1.2,parameter_factor,beta,1.4,0.0,20,240.0,534faaa6cb895b5b2500,127.70651919282369,10.786384331142342,121.1065500940783,132.94615410523065,0.9995888658295881
Xc_high__Xc_0.6,Xc_high,Xc,1.2,parameter_factor,Xc,0.6,0.0,20,240.0,1fbccd3be6a6f24fcc87,74.05103981709861,4.1509133534646105,63.98377482953979,81.82347262889063,0.9853651403720933
Xc_high__Xc_0.7,Xc_high,Xc,1.2,parameter_factor,Xc,0.7,0.0,20,240.0,33972252f09e7b03eea8,80.1176973368224,5.167941922251866,71.37624280854448,86.87906744205199,0.9935161255287154
Xc_high__Xc_0.8,Xc_high,Xc,1.2,parameter_factor,Xc,0.8,0.0,20,240.0,6ad02aad28115749d6a6,84.577626223608,6.1706275836209175,76.87970667100471,90.58619358460612,0.9967051903670019
Xc_high__Xc_0.9,Xc_high,Xc,1.2,parameter_factor,Xc,0.9,0.0,20,240.0,569970dfd726d6904fe5,87.97246433028009,7.134937647210639,81.08265220095412,93.41246763594567,0.9981284259746029
Xc_high__Xc_1.0,Xc_high,Xc,1.2,parameter_factor,Xc,1.0,0.0,20,240.0,0b9661fc7bfeaeec24b8,90.63770079566729,8.04988802121276,84.3795668271074,95.63906516507461,0.9988379967440005
Xc_high__Xc_1.1,Xc_high,Xc,1.2,parameter_factor,Xc,1.1,0.0,20,240.0,34f29a42e01d1bc81350,92.78642968868213,8.910902335124531,87.02953721482514,97.4422234051946,0.9992254284238371
Xc_high__Xc_1.2,Xc_high,Xc,1.2,parameter_factor,Xc,1.2,0.0,20,240.0,ebb4e8cf727823802383,94.55865413989079,9.716931134013544,89.20566563701459,98.93699467863904,0.9994536889658673
Xc_high__Xc_1.3,Xc_high,Xc,1.2,parameter_factor,Xc,1.3,0.0,20,240.0,c775188bef7cbe357aed,96.04942910450303,10.469019000860758,91.02660572269257,100.20124081472993,0.9995965128858382
Xc_high__Xc_1.4,Xc_high,Xc,1.2,parameter_factor,Xc,1.4,0.0,20,240.0,0338fdf4abdf93207ef1,97.32518698713793,11.169358426845044,92.57575258723242,101.28934053631473,0.9996906370653263
Xc_high__epsilon_0.6,Xc_high,Xc,1.2,parameter_factor,epsilon,0.6,0.0,20,240.0,b822db080139f8f3805d,95.46052863922382,12.25735888096876,91.1987932889307,98.98681104758828,0.9997381680854873
Xc_high__epsilon_0.7,Xc_high,Xc,1.2,parameter_factor,epsilon,0.7,0.0,20,240.0,a8250ef7c07b8ce3eec5,94.33928675295397,10.912143590351413,89.58689221331952,98.23224094538435,0.9996089004693762
Xc_high__epsilon_0.8,Xc_high,Xc,1.2,parameter_factor,epsilon,0.8,0.0,20,240.0,6d8461e7cc7790aec084,93.15895182621172,9.796818478436093,87.9102536116515,97.41935618727491,0.9994278038266105
Xc_high__epsilon_0.9,Xc_high,Xc,1.2,parameter_factor,epsilon,0.9,0.0,20,240.0,9423e0e2c7733499fc8c,91.92376336035085,8.855466994293279,86.17300460317907,96.5534581037781,0.9991779180768854
Xc_high__epsilon_1.0,Xc_high,Xc,1.2,parameter_factor,epsilon,1.0,0.0,20,240.0,0b9661fc7bfeaeec24b8,90.63770079566729,8.04988802121276,84.3795668271074,95.63906516507461,0.9988379967440005
Xc_high__epsilon_1.1,Xc_high,Xc,1.2,parameter_factor,epsilon,1.1,0.0,20,240.0,cad574a61262e460d27e,89.30455734066582,7.352888503153047,82.53460447675708,94.6801112802902,0.9983817671481081
Xc_high__epsilon_1.2,Xc_high,Xc,1.2,parameter_factor,epsilon,1.2,0.0,20,240.0,870da8b176e9e054741a,87.92795323186299,6.744414700289051,80.64296409644695,93.68011515243029,0.9977783640924706
Xc_high__epsilon_1.3,Xc_high,Xc,1.2,parameter_factor,epsilon,1.3,0.0,20,240.0,e5d70199da916d3e4eb2,86.51141890402315,6.209306295543112,78.7097339860749,92.64227568821623,0.9969909525738803
Xc_high__epsilon_1.4,Xc_high,Xc,1.2,parameter_factor,epsilon,1.4,0.0,20,240.0,1bb13eea3c1542e4536e,85.05844071915413,5.735850957473845,76.74029372665991,91.56955643759603,0.9959775520101185
Xc_high__mex_9.999999999999999e-05,Xc_high,Xc,1.2,h_ext_absolute,h_ext,0.0001,0.0001,20,240.0,0b9661fc7bfeaeec24b8,90.56481349575549,7.957398640532417,84.21768573761031,95.59889429419155,0.9968423170953876
Xc_high__mex_0.0001668100537200059,Xc_high,Xc,1.2,h_ext_absolute,h_ext,0.00016681005372,0.00016681005372,20,240.0,0b9661fc7bfeaeec24b8,90.51579276592808,7.89558038508161,84.10786052906698,95.57196935341055,0.9955112248217884
Xc_high__mex_0.0002782559402207126,Xc_high,Xc,1.2,h_ext_absolute,h_ext,0.0002782559402207,0.0002782559402207,20,240.0,0b9661fc7bfeaeec24b8,90.43343394791675,7.792423250916666,83.92158726767445,95.5268903981581,0.9932947832529309
Xc_high__mex_0.00046415888336127773,Xc_high,Xc,1.2,h_ext_absolute,h_ext,0.0004641588833612,0.0004641588833612,20,240.0,0b9661fc7bfeaeec24b8,90.29438619451254,7.620227828833485,83.6019347797293,95.45123748073988,0.9896085119141571
Xc_high__mex_0.000774263682681127,Xc_high,Xc,1.2,h_ext_absolute,h_ext,0.0007742636826811,0.0007742636826811,20,240.0,0b9661fc7bfeaeec24b8,90.05765370139643,7.332678156090111,83.04206064009229,95.32374705593472,0.9834898587846447
Xc_high__mex_0.001291549665014884,Xc_high,Xc,1.2,h_ext_absolute,h_ext,0.0012915496650148,0.0012915496650148,20,240.0,0b9661fc7bfeaeec24b8,89.64870246949452,6.852319987774408,82.02440591202001,95.10737673495905,0.9733674007737014
Xc_high__mex_0.002154434690031882,Xc_high,Xc,1.2,h_ext_absolute,h_ext,0.0021544346900318,0.0021544346900318,20,240.0,0b9661fc7bfeaeec24b8,88.92355363155758,6.050585720136375,80.03893670281659,94.73562190729515,0.9567134355989434
Xc_high__mex_0.0035938136638046254,Xc_high,Xc,1.2,h_ext_absolute,h_ext,0.0035938136638046,0.0035938136638046,20,240.0,0b9661fc7bfeaeec24b8,87.57294599356307,4.733775473112923,75.5831692545355,94.0827678288581,0.9295646207509166
Xc_high__mex_0.005994842503189409,Xc_high,Xc,1.2,h_ext_absolute,h_ext,0.0059948425031894,0.0059948425031894,20,240.0,0b9661fc7bfeaeec24b8,84.79182612912784,2.9539150377450265,64.18345304379135,92.88834978105723,0.8859812164746262
CV_low__baseline,CV_low,CV,0.8,baseline,baseline,1.0,0.0,20,240.0,59f25efcf0bf6efab737,85.92281458009083,7.2941594404805565,79.45999605952059,91.23966927357773,0.9996609185625932
CV_low__eta_0.7,CV_low,CV,0.8,parameter_factor,eta,0.7,0.0,20,240.0,4f01a8842c7627d64f31,119.78291783535302,7.191195533331659,110.59832903014342,127.2552141447466,0.9997434224398707
CV_low__eta_0.8,CV_low,CV,0.8,parameter_factor,eta,0.8,0.0,20,240.0,83d484957e94b96efaf8,105.76179426959864,7.233688698587149,97.71447582388062,112.33520373691005,0.999719664454937
CV_low__eta_0.9,CV_low,CV,0.8,parameter_factor,eta,0.9,0.0,20,240.0,006eda6d0d84bd1e839a,94.77329634113775,7.267300625660735,87.60736664446107,100.64842565975687,0.9996923825834357
CV_low__eta_1.0,CV_low,CV,0.8,parameter_factor,eta,1.0,0.0,20,240.0,59f25efcf0bf6efab737,85.92281458009083,7.2941594404805565,79.45999605952059,91.23966927357773,0.9996609185625932
CV_low__eta_1.1,CV_low,CV,0.8,parameter_factor,eta,1.1,0.0,20,240.0,95df2226c1b0bf95980c,78.6371841320913,7.31578485509538,72.7483528751661,83.49732727636398,0.9996244694248682
CV_low__eta_1.2,CV_low,CV,0.8,parameter_factor,eta,1.2,0.0,20,240.0,d7fbbf2ed6125cc23db7,72.53197418678725,7.333259534731575,67.12061272420465,77.0114360127114,0.9995820513955458
CV_low__eta_1.3,CV_low,CV,0.8,parameter_factor,eta,1.3,0.0,20,240.0,6bd389afd9a656209e15,67.3395679290931,7.347424962297574,62.33167571206297,71.4967326231084,0.9995324538439444
CV_low__eta_1.4,CV_low,CV,0.8,parameter_factor,eta,1.4,0.0,20,240.0,7621e0b1df8450fab34d,62.86785316065259,7.358915715824013,58.20545348649802,66.74853993950178,0.9994741803299021
CV_low__beta_0.6,CV_low,CV,0.8,parameter_factor,beta,0.6,0.0,20,240.0,f52f9f1f79c57634ab2e,49.51363692652706,4.471665246157186,43.48051027023977,54.553261516339326,0.9895049033131245
CV_low__beta_0.7,CV_low,CV,0.8,parameter_factor,beta,0.7,0.0,20,240.0,c855e0dca28129429a85,58.55871891384818,5.170286658933895,52.36180996629502,63.687820065302354,0.9963622014712243
CV_low__beta_0.8,CV_low,CV,0.8,parameter_factor,beta,0.8,0.0,20,240.0,7a478dda456a14562d18,67.66046525463352,5.885379092629301,61.36069893792654,72.85706377521795,0.9985459460115347
CV_low__beta_0.9,CV_low,CV,0.8,parameter_factor,beta,0.9,0.0,20,240.0,8b1928d09d3149adb8cf,76.7851194560044,6.595536011962215,70.40084890112024,82.0428321025978,0.9993367751655726
CV_low__beta_1.0,CV_low,CV,0.8,parameter_factor,beta,1.0,0.0,20,240.0,59f25efcf0bf6efab737,85.92281458009083,7.2941594404805565,79.45999605952059,91.23966927357773,0.9996609185625932
CV_low__beta_1.1,CV_low,CV,0.8,parameter_factor,beta,1.1,0.0,20,240.0,f7e662382a82adaf0e93,95.07019634179731,7.979264430124882,88.53091742849797,100.44557412077022,0.999809295006354
CV_low__beta_1.2,CV_low,CV,0.8,parameter_factor,beta,1.2,0.0,20,240.0,2062ad4dff92cfca38cf,104.22587965207781,8.650366909588609,97.61087845377098,109.65960202138605,0.9998839844280937
CV_low__beta_1.3,CV_low,CV,0.8,parameter_factor,beta,1.3,0.0,20,240.0,b670d71069372e96a2d5,113.3891289387977,9.30755628077082,106.69867575112269,118.88115690066533,0.9999247339345947
CV_low__beta_1.4,CV_low,CV,0.8,parameter_factor,beta,1.4,0.0,20,240.0,599d31a327a50979b731,122.55946991368805,9.951109177102847,115.7936359212421,128.10979764075103,0.9999485110242263
CV_low__Xc_0.6,CV_low,CV,0.8,parameter_factor,Xc,0.6,0.0,20,240.0,647a7a3aa6b31c513ef2,65.23391938464981,3.5153679384476284,54.986945881616265,73.5437287068749,0.9824058031210084
CV_low__Xc_0.7,CV_low,CV,0.8,parameter_factor,Xc,0.7,0.0,20,240.0,2dbf4b28bc039cf6892a,72.78597897651507,4.479434347333642,63.78504181823752,80.03396374290877,0.9945606593424958
CV_low__Xc_0.8,CV_low,CV,0.8,parameter_factor,Xc,0.8,0.0,20,240.0,69b88f92bb27da76d67f,78.36646573869206,5.451017857093581,70.41912952945316,84.79561256311472,0.9980910927126214
CV_low__Xc_0.9,CV_low,CV,0.8,parameter_factor,Xc,0.9,0.0,20,240.0,4315e71411416bed9a7b,82.60716503093086,6.393805563562681,75.49039967009278,88.4102741031998,0.9992405102743377
CV_low__Xc_1.0,CV_low,CV,0.8,parameter_factor,Xc,1.0,0.0,20,240.0,59f25efcf0bf6efab737,85.92281458009083,7.2941594404805565,79.45999605952059,91.23966927357773,0.9996609185625932
CV_low__Xc_1.1,CV_low,CV,0.8,parameter_factor,Xc,1.1,0.0,20,240.0,1c6b5d509e6e73bb9f62,88.58119855037224,8.147074392958395,82.64019954041851,93.51296125558511,0.9998323755193984
CV_low__Xc_1.2,CV_low,CV,0.8,parameter_factor,Xc,1.2,0.0,20,240.0,a18fccc08e4944212e9c,90.75921622374919,8.951309261686204,85.2411225048982,95.38033382812003,0.9999094982466831
CV_low__Xc_1.3,CV_low,CV,0.8,parameter_factor,Xc,1.3,0.0,20,240.0,4d28d3be4072ac1e311d,92.57727055113898,9.70753399359724,87.40699064656,96.9436320440766,0.9999473056227867
CV_low__Xc_1.4,CV_low,CV,0.8,parameter_factor,Xc,1.4,0.0,20,240.0,869db5b9c11e23f8b9b9,94.11969438845733,10.417499550214137,89.23928824021586,98.27405651016242,0.9999672883992324
CV_low__epsilon_0.6,CV_low,CV,0.8,parameter_factor,epsilon,0.6,0.0,20,240.0,6958f173de77ac0e4966,92.3958331856708,11.512649316045943,88.05174315999584,96.0773357624642,0.9999766301240399
CV_low__epsilon_0.7,CV_low,CV,0.8,parameter_factor,epsilon,0.7,0.0,20,240.0,cb795debf05c220d66bf,90.8865585696326,10.15185285166352,86.02086800076559,94.97357445717759,0.9999516734290771
CV_low__epsilon_0.8,CV_low,CV,0.8,parameter_factor,epsilon,0.8,0.0,20,240.0,ac74cc217369c7448e41,89.30081923035871,9.032340692927436,83.90819107606043,93.7949770450932,0.9999038938789474
CV_low__epsilon_0.9,CV_low,CV,0.8,parameter_factor,epsilon,0.9,0.0,20,240.0,7af6661f8ffa3fc799fb,87.64443188069937,8.093417916750823,81.71929480397301,92.54839479389236,0.9998160149783103
CV_low__epsilon_1.0,CV_low,CV,0.8,parameter_factor,epsilon,1.0,0.0,20,240.0,59f25efcf0bf6efab737,85.92281458009083,7.2941594404805565,79.45999605952059,91.23966927357773,0.9996609185625932
CV_low__epsilon_1.1,CV_low,CV,0.8,parameter_factor,epsilon,1.1,0.0,20,240.0,4d931e8eb23b55fd761b,84.14110379492415,6.605786496922299,77.13643034698907,89.87391494993928,0.9993982381372493
CV_low__epsilon_1.2,CV_low,CV,0.8,parameter_factor,epsilon,1.2,0.0,20,240.0,b317c4bc1379e7467e94,82.30433489656431,6.0073653692694435,74.75523101464547,88.45580187014737,0.9989710446550488
CV_low__epsilon_1.3,CV_low,CV,0.8,parameter_factor,epsilon,1.3,0.0,20,240.0,4189c11888dae0719c3c,80.41759268519989,5.4833106697372385,72.32381079177763,86.98969378269223,0.998303020414892
CV_low__epsilon_1.4,CV_low,CV,0.8,parameter_factor,epsilon,1.4,0.0,20,240.0,80d6d11888e9549e0205,78.48619353528719,5.0217806890356025,69.85067096195966,85.47982691189023,0.9972967251572612
CV_low__mex_9.999999999999999e-05,CV_low,CV,0.8,h_ext_absolute,h_ext,0.0001,0.0001,20,240.0,59f25efcf0bf6efab737,85.85128242064596,7.220490298453734,79.30917599135323,91.19912790210242,0.9976635947150901
CV_low__mex_0.0001668100537200059,CV_low,CV,0.8,h_ext_absolute,h_ext,0.00016681005372,0.00016681005372,20,240.0,59f25efcf0bf6efab737,85.80321720841532,7.1712743559611365,79.20711597664847,91.17196531156357,0.9963314057822948
CV_low__mex_0.0002782559402207126,CV_low,CV,0.8,h_ext_absolute,h_ext,0.0002782559402207,0.0002782559402207,20,240.0,59f25efcf0bf6efab737,85.72254721080446,7.089186570147316,79.03449263849501,91.12650719652393,0.9941131381333996
CV_low__mex_0.00046415888336127773,CV_low,CV,0.8,h_ext_absolute,h_ext,0.0004641588833612,0.0004641588833612,20,240.0,59f25efcf0bf6efab737,85.58658302307309,6.952283619521909,78.73970083207185,91.05027210720614,0.9904238297524591
CV_low__mex_0.000774263682681127,CV_low,CV,0.8,h_ext_absolute,h_ext,0.0007742636826811,0.0007742636826811,20,240.0,59f25efcf0bf6efab737,85.35579288209755,6.724011441009522,78.22778074416054,90.92195796722643,0.9843001355920917
CV_low__mex_0.001291549665014884,CV_low,CV,0.8,h_ext_absolute,h_ext,0.0012915496650148,0.0012915496650148,20,240.0,59f25efcf0bf6efab737,84.95917981655623,6.343607365160556,77.31175632865782,90.70463752795095,0.9741693378988555
CV_low__mex_0.002154434690031882,CV_low,CV,0.8,h_ext_absolute,h_ext,0.0021544346900318,0.0021544346900318,20,240.0,59f25efcf0bf6efab737,84.26258797629299,5.711094497599553,75.5784267211002,90.3326192864149,0.957501651869111
CV_low__mex_0.0035938136638046254,CV_low,CV,0.8,h_ext_absolute,h_ext,0.0035938136638046,0.0035938136638046,20,240.0,59f25efcf0bf6efab737,82.98900153285739,4.672506007440025,71.922530738078,89.68366392885702,0.9303304696780713
CV_low__mex_0.005994842503189409,CV_low,CV,0.8,h_ext_absolute,h_ext,0.0059948425031894,0.0059948425031894,20,240.0,59f25efcf0bf6efab737,80.46955523528217,3.1533736799257666,62.99325149288765,88.5118114236525,0.8867111579428893
CV_high__baseline,CV_high,CV,1.2,baseline,baseline,1.0,0.0,20,240.0,5bed63880d04b1a06a0b,85.7887775339447,5.853205096025647,77.38803550415831,92.04475368275001,0.9905545729910002
CV_high__eta_0.7,CV_high,CV,1.2,parameter_factor,eta,0.7,0.0,20,240.0,0a440f3caae3b296a151,119.60135179417573,5.6790393590792965,107.44392082771832,128.5040586841261,0.9916209672700528
CV_high__eta_0.8,CV_high,CV,1.2,parameter_factor,eta,0.8,0.0,20,240.0,88df9bdfd60d15733348,105.59861112539646,5.745718066484884,95.01580623793738,113.3944683831198,0.9912947321296248
CV_high__eta_0.9,CV_high,CV,1.2,parameter_factor,eta,0.9,0.0,20,240.0,3ed9e9e089953717e48e,94.62571283150527,5.803068968271798,85.25853688361052,101.56468684475523,0.990940342452392
CV_high__eta_1.0,CV_high,CV,1.2,parameter_factor,eta,1.0,0.0,20,240.0,5bed63880d04b1a06a0b,85.7887775339447,5.853205096025647,77.38803550415831,92.04475368275001,0.9905545729910002
CV_high__eta_1.1,CV_high,CV,1.2,parameter_factor,eta,1.1,0.0,20,240.0,2757577c461ad7591972,78.51514759966123,5.897662895882787,70.9009758937351,84.21390153661532,0.9901337357109299
CV_high__eta_1.2,CV_high,CV,1.2,parameter_factor,eta,1.2,0.0,20,240.0,22579f9fa42a96d20892,72.42074596210328,5.937592251324671,65.45916689975138,77.65615566164325,0.9896736023528621
CV_high__eta_1.3,CV_high,CV,1.2,parameter_factor,eta,1.3,0.0,20,240.0,0dd600a2e3090fe0558d,67.2382215442437,5.973902087179265,60.82687054138621,72.08219755595935,0.989169313284762
CV_high__eta_1.4,CV_high,CV,1.2,parameter_factor,eta,1.4,0.0,20,240.0,ba5f02daccbab9163f79,62.77567282222796,6.007304630051253,56.8345954403328,67.28448548056743,0.9886152695385051
CV_high__beta_0.6,CV_high,CV,1.2,parameter_factor,beta,0.6,0.0,20,240.0,35a4860dc4b193d50c91,49.71228329611139,3.855785494451397,42.50433447404387,55.39724134545801,0.9541198993329965
CV_high__beta_0.7,CV_high,CV,1.2,parameter_factor,beta,0.7,0.0,20,240.0,60c4930f126f334b631e,58.605724423060735,4.326200784821161,50.942082200923565,64.48877763602307,0.972601478845155
CV_high__beta_0.8,CV_high,CV,1.2,parameter_factor,beta,0.8,0.0,20,240.0,8633a147e247c544bd9c,67.61643372307275,4.830010190236473,59.64530640532377,73.64453851041428,0.9820257543798621
CV_high__beta_0.9,CV_high,CV,1.2,parameter_factor,beta,0.9,0.0,20,240.0,05514fc89343c7ec76ad,76.68579134622996,5.342611639980177,68.48053847173671,82.83415361612974,0.9873260635753535
CV_high__beta_1.0,CV_high,CV,1.2,parameter_factor,beta,1.0,0.0,20,240.0,5bed63880d04b1a06a0b,85.7887775339447,5.853205096025647,77.38803550415831,92.04475368275001,0.9905545729910002
CV_high__beta_1.1,CV_high,CV,1.2,parameter_factor,beta,1.1,0.0,20,240.0,1e11f56c786b2a51b3fb,94.91358682168867,6.356754143863345,86.33906817098877,101.27020828961612,0.9926532860917999
CV_high__beta_1.2,CV_high,CV,1.2,parameter_factor,beta,1.2,0.0,20,240.0,6080f64bcb193d9b5e2a,104.0541729531835,6.850916600867629,95.31892848801314,110.50728634074275,0.9940882930192841
CV_high__beta_1.3,CV_high,CV,1.2,parameter_factor,beta,1.3,0.0,20,240.0,57dc9ac8c3f03d94ab23,113.20709803723763,7.334593908702674,104.31939140942197,119.75406979058151,0.9951118034639731
CV_high__beta_1.4,CV_high,CV,1.2,parameter_factor,beta,1.4,0.0,20,240.0,7ecdf374125511da4ae7,122.37022722416897,7.807300025514438,113.33548108292885,129.00930261204394,0.9958709579636743
CV_high__Xc_0.6,CV_high,CV,1.2,parameter_factor,Xc,0.6,0.0,20,240.0,706cc9dddeeaac852b05,66.10303983106985,2.9546772439139977,53.457838812600514,75.83017743849543,0.9340814520278882
CV_high__Xc_0.7,CV_high,CV,1.2,parameter_factor,Xc,0.7,0.0,20,240.0,8e1d830d4f7de2608276,73.10217654976968,3.6398630155995564,61.59813666877338,81.68190801853895,0.9642217818334679
CV_high__Xc_0.8,CV_high,CV,1.2,parameter_factor,Xc,0.8,0.0,20,240.0,8c0deec14a79900e22ff,78.42180270897578,4.370121481449005,68.10281508036043,86.04780883897178,0.9786807487981058
CV_high__Xc_0.9,CV_high,CV,1.2,parameter_factor,Xc,0.9,0.0,20,240.0,841474664ae471c63d42,82.53640331424148,5.114082579999222,73.26084230356972,89.39988621283996,0.9862583600484166
CV_high__Xc_1.0,CV_high,CV,1.2,parameter_factor,Xc,1.0,0.0,20,240.0,5bed63880d04b1a06a0b,85.7887775339447,5.853205096025647,77.38803550415831,92.04475368275001,0.9905545729910002
CV_high__Xc_1.1,CV_high,CV,1.2,parameter_factor,Xc,1.1,0.0,20,240.0,a328971699e8c90df737,88.41474404763066,6.576095578067722,80.7380207088288,94.18288978015241,0.9931617391070486
CV_high__Xc_1.2,CV_high,CV,1.2,parameter_factor,Xc,1.2,0.0,20,240.0,2c2f69e9e4fc371f5063,90.57656910701216,7.275719605948477,83.49931605145608,95.94847215045674,0.9948342947444457
CV_high__Xc_1.3,CV_high,CV,1.2,parameter_factor,Xc,1.3,0.0,20,240.0,5c02dddd6e0e689fabd9,92.38748611999875,7.947669713349885,85.80920177121408,97.43367654836962,0.9959623827030986
CV_high__Xc_1.4,CV_high,CV,1.2,parameter_factor,Xc,1.4,0.0,20,240.0,cbc8470042a6905e6984,93.92821763397451,8.589546107925829,87.76833884759192,98.70351708096844,0.9967512141111721
CV_high__epsilon_0.6,CV_high,CV,1.2,parameter_factor,epsilon,0.6,0.0,20,240.0,25c6dc33c1c995a79604,92.2401843016149,9.313029755998746,86.63546008441597,96.5398828897013,0.9971560709350162
CV_high__epsilon_0.7,CV_high,CV,1.2,parameter_factor,epsilon,0.7,0.0,20,240.0,2df5681d3da81ba7c4ed,90.72387053902516,8.185130943464308,84.42413649805948,95.50812173490736,0.9960501212272372
CV_high__epsilon_0.8,CV_high,CV,1.2,parameter_factor,epsilon,0.8,0.0,20,240.0,9bafe39b42c686b3ee6d,89.13844275244615,7.263434654685267,82.13837537398564,94.41059189278471,0.9946234808442397
CV_high__epsilon_0.9,CV_high,CV,1.2,parameter_factor,epsilon,0.9,0.0,20,240.0,c7322911ae8f8731362f,87.49102493815825,6.497625485507221,79.78901939039226,93.25409599927109,0.9928175407706183
CV_high__epsilon_1.0,CV_high,CV,1.2,parameter_factor,epsilon,1.0,0.0,20,240.0,5bed63880d04b1a06a0b,85.7887775339447,5.853205096025647,77.38803550415831,92.04475368275001,0.9905545729910002
CV_high__epsilon_1.1,CV_high,CV,1.2,parameter_factor,epsilon,1.1,0.0,20,240.0,94d9ea98fccff7692365,84.0387356552637,5.305374501802887,74.94781290262245,90.78811515210651,0.9877599729661202
CV_high__epsilon_1.2,CV_high,CV,1.2,parameter_factor,epsilon,1.2,0.0,20,240.0,9791491d13b123110dc0,82.24802321180536,4.835867377605042,72.48149370883823,89.48940910219598,0.984349763435944
CV_high__epsilon_1.3,CV_high,CV,1.2,parameter_factor,epsilon,1.3,0.0,20,240.0,a458cd287f02adef9d0f,80.42378434942584,4.4308321622070475,70.00266338030067,88.15360690630547,0.9802398890230796
CV_high__epsilon_1.4,CV_high,CV,1.2,parameter_factor,epsilon,1.4,0.0,20,240.0,8d6fac2a040c1463b9ce,78.57322480429843,4.079546178578981,67.52522103814121,86.78550670836438,0.9753466954569333
CV_high__mex_9.999999999999999e-05,CV_high,CV,1.2,h_ext_absolute,h_ext,0.0001,0.0001,20,240.0,5bed63880d04b1a06a0b,85.70125695318197,5.78615465957977,77.18686080385802,91.9982963764091,0.9885754436340849
CV_high__mex_0.0001668100537200059,CV_high,CV,1.2,h_ext_absolute,h_ext,0.00016681005372,0.00016681005372,20,240.0,5bed63880d04b1a06a0b,85.64241247531139,5.741475495925216,77.05071076018655,91.9671573314717,0.987255390188997
CV_high__mex_0.0002782559402207126,CV_high,CV,1.2,h_ext_absolute,h_ext,0.0002782559402207,0.0002782559402207,20,240.0,5bed63880d04b1a06a0b,85.54359383379628,5.667156398488636,76.82040142129067,91.915025218264,0.9850573297037569
CV_high__mex_0.00046415888336127773,CV_high,CV,1.2,h_ext_absolute,h_ext,0.0004641588833612,0.0004641588833612,20,240.0,5bed63880d04b1a06a0b,85.37687925242805,5.543807499450741,76.42713399853294,91.82753873136085,0.9814016288355372
CV_high__mex_0.000774263682681127,CV_high,CV,1.2,h_ext_absolute,h_ext,0.0007742636826811,0.0007742636826811,20,240.0,5bed63880d04b1a06a0b,85.09341981670111,5.339890877259758,75.74470718565145,91.6801301694949,0.975333718065481
CV_high__mex_0.001291549665014884,CV_high,CV,1.2,h_ext_absolute,h_ext,0.0012915496650148,0.0012915496650148,20,240.0,5bed63880d04b1a06a0b,84.60501091611378,5.0055265365971,74.52770364099726,91.43002356629141,0.9652952062093696
CV_high__mex_0.002154434690031882,CV_high,CV,1.2,h_ext_absolute,h_ext,0.0021544346900318,0.0021544346900318,20,240.0,5bed63880d04b1a06a0b,83.74367545809196,4.467643022344419,72.25609946475744,91.00058621968779,0.9487793533723079
CV_high__mex_0.0035938136638046254,CV_high,CV,1.2,h_ext_absolute,h_ext,0.0035938136638046,0.0035938136638046,20,240.0,5bed63880d04b1a06a0b,82.1603261798167,3.6495629282088693,67.73527605316967,90.24765021851645,0.9218556852833262
CV_high__mex_0.005994842503189409,CV_high,CV,1.2,h_ext_absolute,h_ext,0.0059948425031894,0.0059948425031894,20,240.0,5bed63880d04b1a06a0b,79.02354712636965,2.6284369405669588,58.811596244535274,88.87644045164953,0.8786337208074796
