year,series,estimate,log_se,ci_low,ci_high
1835,data,0.6928234260744962,0.026185222299505543,0.6581633005487798,0.7293088194333731
1840,data,0.6737426153909769,0.018847447291759127,0.649308430759213,0.6990962850476328
1845,data,0.6607364718546399,0.014917259272051576,0.6416980002560488,0.6803397938979351
1850,data,0.6724870457283212,0.01975344008136599,0.6469485802961388,0.6990336488031154
1855,data,0.613982527624573,0.035081257658264836,0.5731849672293232,0.657683934124248
1860,data,0.6399032771029067,0.018595455793208947,0.6170009797163257,0.6636556788537054
1865,data,0.6628462156245651,0.01388962905916189,0.6450448429066524,0.6811388547623659
1870,data,0.6736570678104322,0.01327520567209421,0.65635529788603,0.691414918829146
1875,data,0.6347185944892116,0.025480564531279323,0.6037986331943032,0.6672219379812955
1880,data,0.6886006105257376,0.015400640227007633,0.6681259724965812,0.7097026913122207
1885,data,0.6790645352624621,0.019443068143101067,0.6536738026367177,0.7054415232661514
1890,data,0.6740279534150272,0.026286048984455433,0.640181592671288,0.7096637691332762
1895,data,0.7054511621535287,0.01550632608285584,0.6843337271298116,0.7272202471607286
1900,data,0.6580474469458931,0.032767281369516024,0.6171143538287713,0.7016956253656652
1905,data,0.6901309390892443,0.016991437365047723,0.6675262671947743,0.7135010807735458
1910,data,0.7139075705697943,0.013658067387560875,0.6950502748055872,0.7332764805530421
1915,data,0.7020253481800407,0.01644641990003224,0.6797568231616519,0.7250233799714373
1920,data,0.7108001311570049,0.028650591859344352,0.6719857618803746,0.7518564456470678
1925,data,0.7318435484336425,0.02073551313325824,0.7026970784107482,0.7621989557652229
1930,data,0.7094158974809895,0.020415884626529785,0.6815894882747175,0.7383783410050367
1935,data,0.7038866373119164,0.030887109992459222,0.6625391785028042,0.7478144904666649
1940,data,0.7137970961380273,0.023027830379881955,0.6822969848319581,0.746751496462447
1945,data,0.7414680256173225,0.024935217478215345,0.7061021470447799,0.7786052419098288
1950,data,0.7543277936497503,0.016833112242464168,0.7298468512916237,0.779629889839919
1955,data,0.7811084036359562,0.013768761855976277,0.7603110789398665,0.8024746122093106
1960,data,0.7816233159923508,0.01832376424450926,0.7540502523069617,0.8102046332240687
1965,data,0.7788384162149516,0.014413591339008859,0.7571440150652246,0.8011544257137915
1970,data,0.7911004460310441,0.011242182514178085,0.773859763451715,0.8087252306787833
1975,data,0.7990278420020573,0.011055457849194364,0.781900497970236,0.816530356422369
1980,data,0.793189365304994,0.0115200746244913,0.7754806710932896,0.8113024510926246
1985,data,0.7969681947219948,0.011750226200059824,0.7788237366963846,0.8155353688790362
1990,data,0.7990202796005822,0.011958539013044882,0.7805103658445853,0.8179691585801655
1995,data,0.8056572061399866,0.009805627101608736,0.7903213805185846,0.821290616457042
2000,data,0.8358296325616944,0.010952861322338551,0.8180779208228769,0.8539665438782503
2005,data,0.8631195675612872,0.008843522139241413,0.8482880378003927,0.878210412867428
2010,data,0.8819623182699378,0.009389743853682799,0.8658795163500888,0.8983438413313647
2015,data,0.9192639072551347,0.00997887987208161,0.9014593984210392,0.9374200686821023
2019,data,0.9333846036841743,0.010330970778749341,0.914675180127138,0.952476723238043
2019,linear,0.9333846036841743,0.010330970778749341,0.914675180127138,0.952476723238043
2020,linear,0.9372653146277681,0.01046885881612275,0.9182299130456786,0.9566953303563186
2025,linear,0.956668869345736,0.011251779803163345,0.9358023029379499,0.9780007194916405
2030,linear,0.9760724240637041,0.012150746677991776,0.9531018421778868,0.9995966169161808
2035,linear,0.9954759787816723,0.013122709910578406,0.9701987569759645,1.0214117645544236
2040,linear,1.0148795334996406,0.01413684245534851,0.9871455505173184,1.043392706350833
2045,linear,1.0342830882176088,0.01517167547220911,1.0039804819706588,1.0655003018317812
2050,linear,1.053686642935577,0.016212453296995284,1.0207312463587828,1.0877060396273945
2055,linear,1.073090197653545,0.017249102883326768,1.0374179657973202,1.109989040352803
2060,linear,1.0924937523715132,0.018274787752754477,1.0540553927164598,1.1323338481242908
2065,linear,1.1118973070894815,0.019284909691951096,1.0706544675242755,1.1547288681955732
2070,linear,1.1313008618074498,0.020276426176100863,1.0872234042322741,1.177165277112498
2075,linear,1.1507044165254179,0.02124738322287579,1.1037684461808235,1.1996362631969821
2080,linear,1.170107971243386,0.022196593618877554,1.1202943951652569,1.2221364940108856
2085,linear,1.1895115259613545,0.023123413229175462,1.1368049854899513,1.2446617392208976
2090,linear,1.2089150806793227,0.024027583965262025,1.153303151284463,1.267208600502141
2095,linear,1.2283186353972908,0.024909122427934582,1.16979121983503,1.2897743156911685
2100,linear,1.2477221901152586,0.025768240208912604,1.1862710530359317,1.3123566150601016
2019,exponential,0.9333846036841743,0.010330970778749341,0.914675180127138,0.952476723238043
2020,exponential,0.9376304815336537,0.01051464733979926,0.918505229688555,0.9571539622034947
2025,exponential,0.9591513453683378,0.011581914501148186,0.9376237442064743,0.9811732147424216
2030,exponential,0.9811661645397053,0.012849960087768272,0.9567636287657022,1.0061910941153727
2035,exponential,1.0036862765050498,0.014265342655374939,0.9760123304483852,1.0321448922492331
2040,exponential,1.026723278943447,0.015788487063498086,0.9954380201963184,1.0589917906857564
2045,exponential,1.0502890357284655,0.017391102389725334,1.0150922185450717,1.0867062503468994
2050,exponential,1.0743956830379715,0.019053145593686076,1.0350139128992808,1.1152759101538365
2055,exponential,1.0990556356041596,0.020760348440106734,1.0552331763405518,1.1446979845177219
2060,exponential,1.1242815931070465,0.02250243484521124,1.0757738745700751,1.1749765731245985
2065,exponential,1.1500865467147003,0.024271894784980666,1.0966555704651433,1.2061207735197346
2070,exponential,1.1764837857735937,0.02606315358901911,1.1178948349676658,1.2381433878153676
2075,exponential,1.2034869046525076,0.02787200870482884,1.1395061466923972,1.2710600411188968
2080,exponential,1.2311098097435278,0.029695244727103595,1.1615025129187415,1.3048885790510365
2085,exponential,1.2593667266237234,0.03153036703893902,1.183895903061867,1.3396486532516296
2090,exponential,1.2882722073812063,0.03337541502010465,1.206697555205768,1.3753614343138703
2095,exponential,1.3178411381093438,0.03522882918854047,1.22991819598876,1.412049411869342
2100,exponential,1.3480887465729747,0.03708935534891728,1.253568200716109,1.449736254954876
