scenario,year,label,estimate,se,ci_low,ci_high
exponential,2050,Mean,87.70423030490902,0.26693207923148377,87.18105304329693,88.22740756652111
exponential,2050,Top 10%,98.83329383458928,0.5631994615084602,97.72944317392037,99.9371444952582
exponential,2050,Top 1%,104.4959921653633,0.8811935999286955,102.76888444609591,106.2230998846307
exponential,2050,Top 0.01%,110.73946122627666,1.2736800600158809,108.24309418081879,113.23582827173453
historical,1935,Mean,69.97445868949505,0.5863205039844627,68.82529161828816,71.12362576070194
historical,1935,Top 10%,87.46780898297901,0.6502558655918763,86.19333090568304,88.74228706027498
historical,1935,Top 1%,95.3932422824854,0.7450129953525525,93.93304364358013,96.85344092139067
historical,1935,Top 0.01%,103.47723064228592,1.072711122261753,101.3747554768374,105.57970580773444
historical,1955,Mean,75.23445357202569,0.4894995644476414,74.27505205526029,76.19385508879108
historical,1955,Top 10%,90.14398091560491,0.5218646809376798,89.1211449361636,91.16681689504622
historical,1955,Top 1%,97.42459105808229,0.7424646269226493,95.96938712951896,98.8797949866456
historical,1955,Top 0.01%,105.03128084524009,1.1246002105311543,102.82710493559293,107.23545675488725
exponential,2030,Mean,84.99844133836139,0.18471541104586287,84.636405785322,85.36047689140078
exponential,2030,Top 10%,96.98247190992886,0.4942627387711861,96.01373474303723,97.95120907682049
exponential,2030,Top 1%,102.97844582660106,0.8210647946428941,101.36918840012726,104.58770325307486
exponential,2030,Top 0.01%,109.50235886939261,1.225013035177694,107.1013774398523,111.90334029893292
linear,2045,Mean,86.57230025666033,0.22963841538209626,86.12221723304458,87.02238328027607
linear,2045,Top 10%,98.05954293543563,0.5365985484330644,97.00782910635039,99.11125676452087
linear,2045,Top 1%,103.8604439039398,0.8584916507792405,102.1778311873842,105.54305662049539
linear,2045,Top 0.01%,110.2203232447935,1.25701688145127,107.75661542919023,112.68403106039678
linear,2025,Mean,84.18733274916065,0.16106408842084835,83.87165293665302,84.50301256166827
linear,2025,Top 10%,96.42629397391622,0.4757236216722865,95.4938928088436,97.35869513898884
linear,2025,Top 1%,102.52410483168764,0.8039631073758888,100.94836609633202,104.09984356704325
linear,2025,Top 0.01%,109.13356525550545,1.2116025319639465,106.75886792927864,111.50826258173225
linear,2020,Mean,83.52350032554287,0.14580794172457343,83.2377220111028,83.80927863998294
linear,2020,Top 10%,95.97039472174785,0.4586122011707972,95.07153132458248,96.86925811891322
linear,2020,Top 1%,102.15220214342911,0.7904888067212872,100.60287255207338,103.70153173478484
linear,2020,Top 0.01%,108.8321977168599,1.1995084147119677,106.48120442487176,111.18319100884803
linear,2040,Mean,86.01333944182976,0.21270329212656353,85.5964486498686,86.43023023379091
linear,2040,Top 10%,97.67727690015138,0.5226879738480218,96.65282729625707,98.7017265040457
linear,2040,Top 1%,103.54706964089817,0.8464544003090616,101.888049501737,105.20608978005934
linear,2040,Top 0.01%,109.96490441456777,1.2459345274794482,107.52291761361319,112.40689121552235
exponential,2035,Mean,85.70136103829883,0.20575082374677195,85.29809683396572,86.10462524263194
exponential,2035,Top 10%,97.46380334213912,0.5123328894506276,96.45964933072057,98.46795735355767
exponential,2035,Top 1%,103.37223953286204,0.8374289671979087,101.73090891754362,105.01357014818046
exponential,2035,Top 0.01%,109.82257014990434,1.2391462713784296,107.39388808642559,112.25125221338308
historical,1950,Mean,73.58944501237058,0.5927966312742042,72.42758496491649,74.75130505982466
historical,1950,Top 10%,89.0231477502698,0.6064080831089554,87.83460974744231,90.21168575309729
historical,1950,Top 1%,96.52503429171833,0.7818481408547412,94.99264009426348,98.05742848917318
historical,1950,Top 0.01%,104.3163837187952,1.139214094125563,102.08356512362873,106.54920231396166
historical,1930,Mean,69.35243973397542,0.3893806175367947,68.58926774732535,70.11561172062548
historical,1930,Top 10%,87.60267896664442,0.4596967654612127,86.70168986253091,88.50366807075793
historical,1930,Top 1%,95.57136994673634,0.6245092341388675,94.3473543398115,96.79538555366118
historical,1930,Top 0.01%,103.6530562695874,1.0122696687062012,101.669044176281,105.63706836289379
exponential,2055,Mean,88.33760827958211,0.2853914215273245,87.77825137189188,88.89696518727234
exponential,2055,Top 10%,99.26634655903051,0.5800267090455618,98.12951509922995,100.40317801883107
exponential,2055,Top 1%,104.85246980444829,0.893632809968417,103.10098168150691,106.60395792738967
exponential,2055,Top 0.01%,111.03135255492016,1.2839205413496864,108.51491453486368,113.54779057497664
linear,2075,Mean,89.49428110638401,0.3128111235636669,88.88118257023572,90.1073796425323
linear,2075,Top 10%,100.05828062409806,0.6160380348313483,98.85086826272182,101.2656929854743
linear,2075,Top 1%,105.50592817674443,0.9265522958911904,103.68991904700485,107.32193730648402
linear,2075,Top 0.01%,111.56782075035639,1.3128304505013202,108.99472034956638,114.1409211511464
exponential,2100,Mean,93.32632589185134,0.4045177249344092,92.53348571987183,94.11916606383085
exponential,2100,Top 10%,102.71190395682973,0.7076808022994292,101.32487507177248,104.09893284188698
exponential,2100,Top 1%,107.71305648722797,1.0020833071549304,105.74900929569557,109.67710367876037
exponential,2100,Top 0.01%,113.39514351075819,1.372076365680711,110.70592324998546,116.08436377153092
historical,2005,Mean,81.13655770293762,0.20833483157785607,80.72822893631982,81.54488646955542
historical,2005,Top 10%,94.24047547726236,0.37713625160818126,93.50130200684592,94.97964894767881
historical,2005,Top 1%,100.73904457445077,0.6976681332595343,99.37164016010084,102.10644898880071
historical,2005,Top 0.01%,107.6879546963945,1.1169091096924502,105.49885306739266,109.87705632539634
exponential,2080,Mean,91.26028009695352,0.3583807655106014,90.55786670380087,91.96269349010618
exponential,2080,Top 10%,101.27354632572882,0.6541226478022969,99.99148949456438,102.55560315689326
exponential,2080,Top 1%,106.51306844516665,0.9575511403749414,104.63630269667657,108.38983419365674
exponential,2080,Top 0.01%,112.39850795886336,1.3364167583614437,109.77917924413924,115.01783667358748
historical,1905,Mean,66.2106202005794,0.4388112902651192,65.35056587565023,67.07067452550857
historical,1905,Top 10%,86.6737217000685,0.6540131665856967,85.39187944814557,87.95556395199142
historical,1905,Top 1%,95.03041928304715,0.6913851948495913,93.67532920169778,96.38550936439653
historical,1905,Top 0.01%,103.32285594162838,1.0021483809546228,101.35868120779224,105.28703067546451
historical,1985,Mean,77.7238686333439,0.21472422900997845,77.30301687787622,78.14472038881158
historical,1985,Top 10%,91.89460997560718,0.3319704620007112,91.24395982615468,92.54526012505968
historical,1985,Top 1%,98.83936131330945,0.6512544540349122,97.56292603862977,100.11579658798914
historical,1985,Top 0.01%,106.16267297939297,1.0777821918198485,104.05025870024748,108.27508725853845
linear,2090,Mean,90.72281366706794,0.3418341550713225,90.05283103444249,91.39279629969339
linear,2090,Top 10%,100.90259467795903,0.6501130186617189,99.62839657550148,102.17679278041658
linear,2090,Top 1%,106.20504505934109,0.9557725474734687,104.33176528888104,108.07832482980113
linear,2090,Top 0.01%,112.1439221492668,1.3369882806183924,109.5234732715027,114.7643710270309
linear,2095,Mean,91.10346702715191,0.3501822510637482,90.41712242704182,91.789811627262
linear,2095,Top 10%,101.16519193703844,0.6611734157311668,99.86931585467006,102.46106801940682
linear,2095,Top 1%,106.42304834507962,0.9661998851907129,104.52933136823914,108.3167653219201
linear,2095,Top 0.01%,112.3240527860754,1.344262680541686,109.6893463464525,114.9587592256983
historical,1980,Mean,76.966294090214,0.21641681539418792,76.54212492639256,77.39046325403545
historical,1980,Top 10%,91.41496379858698,0.3306325715645644,90.76693586620459,92.06299173096937
historical,1980,Top 1%,98.45569121782364,0.6499978601927487,97.18171882181778,99.7296636138295
historical,1980,Top 0.01%,105.8576149785574,1.0770957409466437,103.74654611840054,107.96868383871424
historical,1900,Mean,65.09279578183089,0.4061706824368514,64.29671587267862,65.88887569098316
historical,1900,Top 10%,85.51543389027869,0.5393448739741107,84.45833736204317,86.5725304185142
historical,1900,Top 1%,94.08555201997854,0.6164987475428233,92.87723667828058,95.29386736167649
historical,1900,Top 0.01%,102.56819661140283,0.967424823671416,100.6720787992569,104.46431442354876
exponential,2085,Mean,91.79817403405266,0.3701585182589389,91.07267666969445,92.52367139841088
exponential,2085,Top 10%,101.6459985381424,0.6692382831476783,100.33431560609756,102.95768147018723
exponential,2085,Top 1%,106.8229201135465,0.9698011295550717,104.92214482745236,108.72369539964065
exponential,2085,Top 0.01%,112.65508473406521,1.344012350899839,110.02086893152459,115.28930053660584
historical,2000,Mean,80.48036507889104,0.18754490369550028,80.11278382216383,80.84794633561825
historical,2000,Top 10%,93.78996541688639,0.353230454304146,93.09764644820756,94.48228438556522
historical,2000,Top 1%,100.37346728483429,0.6770941767336062,99.04638708429466,101.70054748537392
historical,2000,Top 0.01%,107.39365293713814,1.102010289832348,105.23375245847426,109.55355341580203
linear,2070,Mean,89.05333193907715,0.3014233257630486,88.46255307648131,89.644110801673
linear,2070,Top 10%,99.75613890898532,0.6037513119618005,98.57280808192142,100.93946973604922
linear,2070,Top 1%,105.25636736474287,0.9161419425595126,103.46076215259971,107.05197257688603
linear,2070,Top 0.01%,111.36271865689895,1.3036949943654472,108.8075234211176,113.9179138926803
historical,2015,Mean,82.65490882917734,0.17648902675337916,82.3089966930742,83.00082096528048
historical,2015,Top 10%,95.36725751410036,0.4103046304045606,94.56307521581742,96.1714398123833
historical,2015,Top 1%,101.6605063804354,0.7381562039761892,100.2137468056773,103.10726595519348
historical,2015,Top 0.01%,108.43424544348974,1.1534854847847134,106.17345543662205,110.69503545035744
linear,2065,Mean,88.59526241002466,0.2890452002468054,88.02874422763676,89.16178059241255
linear,2065,Top 10%,99.44259677695777,0.591984631064263,98.28232822067062,100.60286533324492
linear,2065,Top 1%,104.99772203567149,0.9063561975471275,103.2212965313145,106.77414754002848
linear,2065,Top 0.01%,111.15044408041776,1.2947822332802852,108.61271753536613,113.68817062546938
historical,1995,Mean,79.4100694997337,0.17851828307660678,79.06018009432162,79.75995890514577
historical,1995,Top 10%,93.01749953444684,0.3248494807257798,92.38080625182779,93.65419281706589
historical,1995,Top 1%,99.7446992124819,0.6529165085039309,98.4650063709026,101.02439205406121
historical,1995,Top 0.01%,106.88693570633178,1.080433217842259,104.7693255116603,109.00454590100327
exponential,2090,Mean,92.32146415731266,0.3816279436380707,91.57348713228798,93.06944118233734
exponential,2090,Top 10%,102.00963872092161,0.6816994080528129,100.67353243285586,103.34574500898736
exponential,2090,Top 1%,107.12601495798836,0.980369226566246,105.20452658236718,109.04750333360954
exponential,2090,Top 0.01%,112.90657026285834,1.3532070528195972,110.2543331757064,115.55880735001027
linear,2085,Mean,90.32822791790562,0.33290864754454913,89.67573895857639,90.98071687723485
linear,2085,Top 10%,100.63092626238137,0.6388979855351918,99.37870922093722,101.8831433038255
linear,2085,Top 1%,105.97980648345424,0.9463066199751881,104.1250795899711,107.83453337693739
linear,2085,Top 0.01%,111.95806087507704,1.3279984286586726,109.35523178338033,114.56088996677374
linear,2100,Mean,91.47088929122432,0.35808612793280653,90.76905337711264,92.17272520533601
linear,2100,Top 10%,101.41922136822934,0.6717718700494759,100.10257269710529,102.7358700393534
linear,2100,Top 1%,106.63419065005733,0.9741822087272988,104.7248286065722,108.54355269354247
linear,2100,Top 0.01%,112.49874754383671,1.3517171114743458,109.84943068806055,115.14806439961288
historical,1975,Mean,76.35267968915703,0.22823881341325897,75.9053398349929,76.80001954332116
historical,1975,Top 10%,90.9834658473007,0.34710311972242724,90.30315623372327,91.66377546087814
historical,1975,Top 1%,98.10700335216485,0.6622522025255837,96.80901288653241,99.40499381779729
historical,1975,Top 0.01%,105.57872178526881,1.0859704033563244,103.45025890641404,107.70718466412359
historical,1915,Mean,65.69381433323511,0.7853624617167156,64.15453219346067,67.23309647300955
historical,1915,Top 10%,85.57337378884677,1.136570258004803,83.34573701725802,87.80101056043551
historical,1915,Top 1%,94.07031722508178,1.051594334629871,92.00923020286093,96.13140424730263
historical,1915,Top 0.01%,102.52662352007484,1.1889452601126722,100.19633363066445,104.85691340948522
exponential,2070,Mean,90.1389018136556,0.3327265987884373,89.48676966333177,90.79103396397942
exponential,2070,Top 10%,100.50076196986409,0.6267951414822212,99.27226606687428,101.72925787285389
exponential,2070,Top 1%,105.87198326367361,0.9341831758049619,104.04101788413269,107.70294864321454
exponential,2070,Top 0.01%,111.86917496476237,1.3168519108809587,109.288192646463,114.45015728306173
exponential,2075,Mean,90.70732275630638,0.3460036526491292,90.0291680585948,91.38547745401796
exponential,2075,Top 10%,100.89191461025634,0.6409562549528988,99.63566343488301,102.14816578562966
exponential,2075,Top 1%,106.19618975342219,0.9464102522759869,104.34125974436184,108.05111976248254
exponential,2075,Top 0.01%,112.13660770781043,1.3258799602268476,109.53793073794247,114.73528467767838
historical,1910,Mean,67.38174479990903,0.45896211219715916,66.48219558973419,68.28129401008387
historical,1910,Top 10%,87.35095569329432,0.6394527288614865,86.09765137490999,88.60426001167866
historical,1910,Top 1%,95.52882445482155,0.7022138050993114,94.1525106873801,96.90513822226299
historical,1910,Top 0.01%,103.69631048847639,1.0255697011957403,101.68623081049728,105.70639016645549
historical,1970,Mean,76.42306295920935,0.19215257827605534,76.04645082625177,76.79967509216692
historical,1970,Top 10%,91.01405499707874,0.339526392970933,90.34859549505494,91.67951449910255
historical,1970,Top 1%,98.13008655531301,0.6640147581828426,96.8286415440716,99.43153156655443
historical,1970,Top 0.01%,105.59634553769618,1.0912710510499832,103.4574935802671,107.73519749512526
exponential,2019,Mean,83.38711127541748,0.1430625003370559,83.1067139272186,83.66750862361636
exponential,2019,Top 10%,95.87664797748987,0.4561436387724231,94.9826228737189,96.77067308126084
exponential,2019,Top 1%,102.07578179757358,0.7881144211500988,100.5311059164228,103.62045767872436
exponential,2019,Top 0.01%,108.77032561531202,1.1983733054062682,106.42155709668158,111.11909413394245
linear,2080,Mean,89.918974629211,0.3232740646043749,89.28536910545056,90.55258015297143
linear,2080,Top 10%,100.34968309195021,0.6276473063258583,99.11951697655799,101.57984920734243
linear,2080,Top 1%,105.74691730640431,0.9381976126203336,103.90808377528705,107.58575083752157
linear,2080,Top 0.01%,111.76614279351843,1.3209199314640825,109.17718730138778,114.35509828564908
exponential,2095,Mean,92.83066372510429,0.39302738531538134,92.06034420494821,93.60098324526037
exponential,2095,Top 10%,102.36482565328377,0.6952049689344266,101.00224895229904,103.7274023542685
exponential,2095,Top 1%,107.42263519501729,0.9923794951586551,105.47760712551035,109.36766326452424
exponential,2095,Top 0.01%,113.15318590994211,1.361554084333469,110.48458894164517,115.82178287823905
historical,1990,Mean,78.59601440241647,0.1749494947106617,78.2531196936701,78.93890911116284
historical,1990,Top 10%,92.53256607931286,0.3211027504133398,91.90321625316598,93.16191590545974
historical,1990,Top 1%,99.3579783895494,0.6506036219431455,98.08281872232956,100.63313805676924
historical,1990,Top 0.01%,106.57961542093555,1.0791096305734007,104.46459940964142,108.69463143222968
linear,2060,Mean,88.11915070746483,0.2756474022068988,87.5788917267073,88.65940968822235
linear,2060,Top 10%,99.1169558196256,0.5789106376995374,97.98231181946743,100.25159981978378
linear,2060,Top 1%,104.72942814365824,0.8939510063317235,102.97731636730477,106.48153992001171
linear,2060,Top 0.01%,110.93054634039233,1.2848849994322942,108.41221801722934,113.44887466355532
historical,2010,Mean,82.02437309830611,0.18671110264207783,81.6584260616139,82.39032013499833
historical,2010,Top 10%,94.87236121059556,0.39464193154060573,94.09887723798667,95.64584518320444
historical,2010,Top 1%,101.2539492234359,0.7204939623002939,99.8418070062488,102.66609144062299
historical,2010,Top 0.01%,108.10388416656527,1.1374028357228456,105.87461557263482,110.33315276049571
linear,2035,Mean,85.43053727475308,0.19532042746949418,85.0477162714679,85.81335827803825
linear,2035,Top 10%,97.27842302291182,0.5065098071231606,96.28568204313413,98.27116400268952
linear,2035,Top 1%,103.22050142185623,0.833232713819614,101.58739531202926,104.8536075316832
linear,2035,Top 0.01%,109.69912333992202,1.2348306023624638,107.27889983228376,112.1193468475603
exponential,2020,Mean,83.53737594983613,0.14631596095891927,83.25060193599329,83.82414996367898
exponential,2020,Top 10%,95.97993052803695,0.45814509080554544,95.08198265036427,96.87787840570962
exponential,2020,Top 1%,102.159971895784,0.7903421121800288,100.61092982044586,103.70901397112213
exponential,2020,Top 0.01%,108.83849214507329,1.200322429894663,106.4859034126442,111.19108087750237
historical,1965,Mean,75.70302112269593,0.4605421394985321,74.80037511591581,76.60566712947605
historical,1965,Top 10%,90.42256937192582,0.49521613169454975,89.45196358924129,91.39317515461035
historical,1965,Top 1%,97.64483291184916,0.7327518489745555,96.20866567825394,99.08100014544439
historical,1965,Top 0.01%,105.20475167570619,1.1208541100356426,103.0079179881127,107.40158536329969
historical,1925,Mean,69.27198237118748,0.38183007422960696,68.52360917748321,70.02035556489174
historical,1925,Top 10%,87.91182577357982,0.457608650541972,87.0149292995036,88.80872224765604
historical,1925,Top 1%,95.86061586687795,0.6190671949435601,94.64726646077837,97.07396527297753
historical,1925,Top 0.01%,103.90254077799273,1.0076749637894713,101.92753414084271,105.87754741514274
exponential,2060,Mean,88.95433327568658,0.3025316366701373,88.36138216362917,89.54728438774399
exponential,2060,Top 10%,99.6883483851087,0.5956906060074029,98.52081625140538,100.85588051881201
exponential,2060,Top 1%,105.20042485782255,0.9081230185570012,103.42053644791908,106.98031326772603
exponential,2060,Top 0.01%,111.31677656143616,1.2958795476830016,108.7768993196755,113.85665380319682
linear,2019,Mean,83.38711127541748,0.1430625003370559,83.1067139272186,83.66750862361636
linear,2019,Top 10%,95.87664797748987,0.4561436387724231,94.9826228737189,96.77067308126084
linear,2019,Top 1%,102.07578179757358,0.7881144211500988,100.5311059164228,103.62045767872436
linear,2019,Top 0.01%,108.77032561531202,1.1983733054062682,106.42155709668158,111.11909413394245
linear,2055,Mean,87.62400922687328,0.26123914856195857,87.11198990433995,88.13602854940662
linear,2055,Top 10%,98.77846185890957,0.56467432566527,97.67172051761122,99.88520320020791
linear,2055,Top 1%,104.45089706777459,0.8837220062870995,102.71883376310645,106.18296037244274
linear,2055,Top 0.01%,110.7025747928646,1.2750848375951447,108.20345443394508,113.20169515178411
exponential,2040,Mean,86.3864076156593,0.22679819421811148,85.9418913232331,86.8309239080855
exponential,2040,Top 10%,97.93243559557878,0.5293826267594044,96.89486471308916,98.9700064780684
exponential,2040,Top 1%,103.75620151333155,0.8512782867027984,102.08772673057315,105.42467629608994
exponential,2040,Top 0.01%,110.13531728563866,1.2500466680468478,107.68527083727261,112.58536373400472
historical,1945,Mean,72.39831024125439,0.4802025007656726,71.45713063446763,73.33948984804115
historical,1945,Top 10%,89.0767643384218,0.519582696454647,88.0584009663805,90.09512771046309
historical,1945,Top 1%,96.66048320472092,0.7042171421351927,95.28024296884026,98.04072344060158
historical,1945,Top 0.01%,104.47079923202037,1.0822932422330582,102.34954345653254,106.5920550075082
historical,1940,Mean,70.82733408431855,0.4530257790123812,69.9394198733861,71.715248295251
historical,1940,Top 10%,87.6441348683244,0.4863638280260165,86.6908792820104,88.5973904546384
historical,1940,Top 1%,95.48229131156079,0.6748204583776426,94.15966751710984,96.80491510601173
historical,1940,Top 0.01%,103.5214856045528,1.0591189055304011,101.44565069436779,105.5973205147378
exponential,2045,Mean,87.0539263949813,0.24731550919605957,86.56919690413885,87.53865588582376
exponential,2045,Top 10%,98.38879158065137,0.5468515804400784,97.31698217810003,99.46060098320271
exponential,2045,Top 1%,104.13067648020727,0.8657140316148288,102.43390815733129,105.82744480308325
exponential,2045,Top 0.01%,110.44086555729993,1.2623877059405515,107.96663111913037,112.91509999546949
linear,2050,Mean,87.10877515389147,0.2458704473922437,86.62687793213993,87.59067237564301
linear,2050,Top 10%,98.42628991075028,0.5522822231259941,97.34383664412165,99.50874317737892
linear,2050,Top 1%,104.16146434350796,0.8709910444066136,102.45435326561412,105.8685754214018
linear,2050,Top 0.01%,110.46601224989362,1.2667203371141644,107.9832860106655,112.94873848912175
historical,2019,Mean,83.38711127541748,0.1430625003370559,83.1067139272186,83.66750862361636
historical,2019,Top 10%,95.87664797748987,0.4561436387724231,94.9826228737189,96.77067308126084
historical,2019,Top 1%,102.07578179757358,0.7881144211500988,100.5311059164228,103.62045767872436
historical,2019,Top 0.01%,108.77032561531202,1.1983733054062682,106.42155709668158,111.11909413394245
exponential,2065,Mean,89.5546725370846,0.3182920393148918,88.93083160346163,90.17851347070757
exponential,2065,Top 10%,100.09969923632839,0.6106478776017847,98.9028513889931,101.29654708366368
exponential,2065,Top 1%,105.54015507658752,0.9208703268285158,103.73528240157205,107.345027751603
exponential,2065,Top 0.01%,111.5959753052492,1.3068551136233797,109.03458634953545,114.15736426096295
historical,1920,Mean,67.65003051798729,0.3944133398044788,66.87699457694838,68.4230664590262
historical,1920,Top 10%,87.49432294787279,0.514642699228311,86.48564179247884,88.50300410326673
historical,1920,Top 1%,95.63302537649349,0.6331841653599143,94.39200721680704,96.87404353617994
historical,1920,Top 0.01%,103.77374509898512,1.0008822229327452,101.8120519892706,105.73543820869963
historical,1960,Mean,75.49442251611991,0.49064150195754663,74.5327828429625,76.45606218927732
historical,1960,Top 10%,90.26470395750627,0.5175355946406373,89.25035283129313,91.27905508371941
historical,1960,Top 1%,97.5163522406409,0.7397485912747443,96.0664716441282,98.9662328371536
historical,1960,Top 0.01%,105.10163869102948,1.1227768040736283,102.90103659236824,107.30224078969071
exponential,2025,Mean,84.27726043281284,0.16450224996023594,83.95484194751498,84.5996789181107
exponential,2025,Top 10%,96.48799609015141,0.47662072027506913,95.55383664412676,97.42215553617606
exponential,2025,Top 1%,102.57448007954542,0.8057017308727525,100.99533370475329,104.15362645433756
exponential,2025,Top 0.01%,109.17442587209537,1.2129184222785232,106.79714944824438,111.55170229594636
linear,2030,Mean,84.82241149721118,0.17789482374238527,84.47374404964002,85.17107894478234
linear,2030,Top 10%,96.8618403567921,0.49078476540820865,95.8999198924311,97.8237608211531
linear,2030,Top 1%,102.8798414100585,0.8182831595926651,101.27603588810128,104.48364693201573
linear,2030,Top 0.01%,109.42226354504952,1.2245905574522542,107.02211015663534,111.8224169334637
