year,estimate,ci_low,ci_high,series
1800,0.5509085391235231,0.5104434424126645,0.5945814820241176,data
1805,0.6016229821503353,0.5562287485486065,0.6507218722439575,data
1810,0.5445445366611491,0.48963693202553477,0.6056094485781998,data
1815,0.6531271641217257,0.6263924894219555,0.6810028851197395,data
1820,0.616451990643015,0.5901433577385976,0.643933464275407,data
1825,0.6657852301210094,0.6457951301844903,0.6863941084855385,data
1830,0.5955292107027157,0.5705917993960242,0.6215564983156164,data
1835,0.6303821672363696,0.5905866508564448,0.6728592259803967,data
1840,0.61528934737085,0.5917854451083722,0.6397267525204475,data
1845,0.6426466268305623,0.6211075665886671,0.6649326287312946,data
1850,0.6430095965528855,0.6100971734467144,0.6776975197627532,data
1855,0.613486110566629,0.5865032731006117,0.6417103281768158,data
1860,0.6736109068699911,0.648771581808081,0.6994012478007094,data
1865,0.682682361880927,0.6525266645687042,0.7142316667340577,data
1870,0.6391430841816527,0.6134682103257236,0.665892502955187,data
1875,0.6609782771223731,0.6177823993959626,0.7071944478425294,data
1880,0.6943795253787486,0.6564938051831833,0.734451599479567,data
1885,0.6975299579452461,0.6686902837639606,0.7276134468298064,data
1890,0.7107403664541486,0.6794729978035989,0.7434465683555995,data
1895,0.7330462649448498,0.6977765961292628,0.7700986670095334,data
1900,0.711805319873733,0.680814817935435,0.7442065008764205,data
1905,0.7402101769958425,0.7020207755882132,0.7804770530745754,data
1910,0.7526675279347151,0.7145782967796156,0.7927870328002323,data
1915,0.707720099715781,0.6492057277019269,0.7715085036521442,data
1920,0.7552289778042884,0.7236543698049791,0.7881812543590696,data
1925,0.755077045677435,0.7270532368860395,0.7841810145167252,data
1930,0.7432148172766542,0.7156119821568645,0.7718823585858985,data
1935,0.7330390132726498,0.6969055942743673,0.7710458911428831,data
1940,0.7320631534925152,0.7038926562938057,0.7613610625278545,data
1945,0.7711006406012739,0.740561724533431,0.8028989053009763,data
1950,0.7595646387863185,0.7256847228635958,0.7950263004269355,data
1955,0.7896006893194124,0.7606656477500121,0.8196363940160348,data
1960,0.7923681109945322,0.7637547401629682,0.8220534555203871,data
1965,0.7970436001047959,0.7701603118808636,0.8248652789138857,data
1970,0.8155651856318259,0.800714243929706,0.8306915695046225,data
1975,0.8148409323993622,0.7988350701281139,0.8311674961979045,data
1980,0.8281938295617597,0.8142015445392766,0.8424265759803965,data
1985,0.8430327297983153,0.8302312568587895,0.8560315907644512,data
1990,0.8648109768540827,0.8545187217550727,0.8752271970720845,data
1995,0.8810140111632547,0.8711776553401207,0.8909614280257603,data
2000,0.9101435409155368,0.8981240144598771,0.9223239237940206,data
2005,0.9278461599106248,0.913802328730473,0.9421058246337822,data
2010,0.9542293786430015,0.9403412737200796,0.9683226000100703,data
2015,0.9765533965649275,0.962389481596516,0.9909257681832387,data
2019,1.0,1.0,1.0,data
2019,1.0,0.9999999999982989,1.000000000001701,linear_extrapolation
2020,1.0044334748684531,1.004105430575897,1.0047616263340757,linear_extrapolation
2025,1.0266008492107188,1.0246341482851338,1.0285713250568813,linear_extrapolation
2030,1.0487682235529845,1.0451653498184523,1.0523835170440166,linear_extrapolation
2035,1.07093559789525,1.0656988773804101,1.076198051046515,linear_extrapolation
2040,1.0931029722375158,1.0862345862786638,1.1000147877890873,linear_extrapolation
2045,1.1152703465797813,1.106772343575629,1.123833598824645,linear_extrapolation
2050,1.137437720922047,1.1273120268980785,1.1476543655231588,linear_extrapolation
2055,1.1596050952643127,1.147853523461451,1.171476978097297,linear_extrapolation
2060,1.1817724696065783,1.168396729081229,1.195301334862722,linear_extrapolation
2065,1.203939843948844,1.1889415474108431,1.2191273414610488,linear_extrapolation
2070,1.2261072182911095,1.209487889271357,1.2429549101572508,linear_extrapolation
2075,1.2482745926333754,1.2300356718260463,1.2667839594446988,linear_extrapolation
2080,1.2704419669756408,1.2505848182562835,1.2906144132657877,linear_extrapolation
2085,1.2926093413179065,1.2711352570221213,1.3144462007737663,linear_extrapolation
2090,1.3147767156601722,1.29168692153352,1.3382792557734278,linear_extrapolation
2095,1.3369440900024376,1.3122397496995488,1.3621135163766338,linear_extrapolation
2100,1.3591114643447035,1.3327936835682563,1.3859489246435979,linear_extrapolation
2019,1.0,0.9999999999982989,1.000000000001701,exponential_extrapolation
2020,1.0048867782998248,1.0045045723054415,1.0052691297205465,exponential_extrapolation
2025,1.0296812213863715,1.027333635632889,1.0320341716667016,exponential_extrapolation
2030,1.0550874392730727,1.0506815279934762,1.0595118262312515,exponential_extrapolation
2035,1.0811205268102055,1.0745600406466898,1.087721066555721,exponential_extrapolation
2040,1.1077959512963815,1.0989812328374318,1.1166813709276433,exponential_extrapolation
2045,1.1351295616682857,1.12395743788423,1.1464127362320589,exponential_extrapolation
2050,1.1631375979171652,1.149501269374428,1.1769356917933385,exponential_extrapolation
2055,1.1918367007376576,1.1756256275961758,1.2082713134875227,exponential_extrapolation
2060,1.2212439214146926,1.20234370598608,1.240441238363835,exponential_extrapolation
2065,1.2513767319543432,1.2296689978338948,1.2734676795423783,exponential_extrapolation
2070,1.2822530354646413,1.257615303113763,1.3073734415344946,exponential_extrapolation
2075,1.3138911767925334,1.28619673538188,1.3421819360633938,exponential_extrapolation
2080,1.346309953423286,1.315427729004193,1.3779171981259284,exponential_extrapolation
2085,1.3795286266488238,1.3453230463188082,1.414603902721371,exponential_extrapolation
2090,1.4135669330116345,1.375897785206871,1.452267381768833,exponential_extrapolation
2095,1.448445096031035,1.407167386711843,1.4909336416037742,exponential_extrapolation
2100,1.4841838382187784,1.4391476427144962,1.5306293810654044,exponential_extrapolation
