age,ci_lower,ci_upper,candidate_id,label,source_fit,source_ci,n_sim,dt,ci_method,ci_parameters
55.0,0.0014432870656736,0.0023141691203058,paper_sweden_fit_ci_envelope,Baseline fit CI envelope,results/fits/records/joint2019_tail90_sweden_emphasis.json,results/fits/ci/joint2019_tail90_sweden_emphasis_ci.csv,1000000,0.025,all_parameter_95_ci_endpoint_envelope,"eta,beta,epsilon,Xc"
56.0,0.001531167007903,0.0026501858235763,paper_sweden_fit_ci_envelope,Baseline fit CI envelope,results/fits/records/joint2019_tail90_sweden_emphasis.json,results/fits/ci/joint2019_tail90_sweden_emphasis_ci.csv,1000000,0.025,all_parameter_95_ci_endpoint_envelope,"eta,beta,epsilon,Xc"
57.0,0.0021122516810002,0.0031122947052605,paper_sweden_fit_ci_envelope,Baseline fit CI envelope,results/fits/records/joint2019_tail90_sweden_emphasis.json,results/fits/ci/joint2019_tail90_sweden_emphasis_ci.csv,1000000,0.025,all_parameter_95_ci_endpoint_envelope,"eta,beta,epsilon,Xc"
58.0,0.0020758580818863,0.0037891405729513,paper_sweden_fit_ci_envelope,Baseline fit CI envelope,results/fits/records/joint2019_tail90_sweden_emphasis.json,results/fits/ci/joint2019_tail90_sweden_emphasis_ci.csv,1000000,0.025,all_parameter_95_ci_endpoint_envelope,"eta,beta,epsilon,Xc"
59.0,0.0027033209257834,0.0036759561140966,paper_sweden_fit_ci_envelope,Baseline fit CI envelope,results/fits/records/joint2019_tail90_sweden_emphasis.json,results/fits/ci/joint2019_tail90_sweden_emphasis_ci.csv,1000000,0.025,all_parameter_95_ci_endpoint_envelope,"eta,beta,epsilon,Xc"
60.0,0.0032247999681708,0.0042666086630979,paper_sweden_fit_ci_envelope,Baseline fit CI envelope,results/fits/records/joint2019_tail90_sweden_emphasis.json,results/fits/ci/joint2019_tail90_sweden_emphasis_ci.csv,1000000,0.025,all_parameter_95_ci_endpoint_envelope,"eta,beta,epsilon,Xc"
61.0,0.0028476606258571,0.0048782949518058,paper_sweden_fit_ci_envelope,Baseline fit CI envelope,results/fits/records/joint2019_tail90_sweden_emphasis.json,results/fits/ci/joint2019_tail90_sweden_emphasis_ci.csv,1000000,0.025,all_parameter_95_ci_endpoint_envelope,"eta,beta,epsilon,Xc"
62.0,0.0037820608449544,0.0056683886864884,paper_sweden_fit_ci_envelope,Baseline fit CI envelope,results/fits/records/joint2019_tail90_sweden_emphasis.json,results/fits/ci/joint2019_tail90_sweden_emphasis_ci.csv,1000000,0.025,all_parameter_95_ci_endpoint_envelope,"eta,beta,epsilon,Xc"
63.0,0.0037990392651813,0.0058704668722748,paper_sweden_fit_ci_envelope,Baseline fit CI envelope,results/fits/records/joint2019_tail90_sweden_emphasis.json,results/fits/ci/joint2019_tail90_sweden_emphasis_ci.csv,1000000,0.025,all_parameter_95_ci_endpoint_envelope,"eta,beta,epsilon,Xc"
64.0,0.0050996503552225,0.0069200900466038,paper_sweden_fit_ci_envelope,Baseline fit CI envelope,results/fits/records/joint2019_tail90_sweden_emphasis.json,results/fits/ci/joint2019_tail90_sweden_emphasis_ci.csv,1000000,0.025,all_parameter_95_ci_endpoint_envelope,"eta,beta,epsilon,Xc"
65.0,0.0056058788980382,0.0086459515116973,paper_sweden_fit_ci_envelope,Baseline fit CI envelope,results/fits/records/joint2019_tail90_sweden_emphasis.json,results/fits/ci/joint2019_tail90_sweden_emphasis_ci.csv,1000000,0.025,all_parameter_95_ci_endpoint_envelope,"eta,beta,epsilon,Xc"
66.0,0.0064880031022107,0.0089744423489627,paper_sweden_fit_ci_envelope,Baseline fit CI envelope,results/fits/records/joint2019_tail90_sweden_emphasis.json,results/fits/ci/joint2019_tail90_sweden_emphasis_ci.csv,1000000,0.025,all_parameter_95_ci_endpoint_envelope,"eta,beta,epsilon,Xc"
67.0,0.0075483402869887,0.0103051644221872,paper_sweden_fit_ci_envelope,Baseline fit CI envelope,results/fits/records/joint2019_tail90_sweden_emphasis.json,results/fits/ci/joint2019_tail90_sweden_emphasis_ci.csv,1000000,0.025,all_parameter_95_ci_endpoint_envelope,"eta,beta,epsilon,Xc"
68.0,0.0089727611046125,0.0121933645926861,paper_sweden_fit_ci_envelope,Baseline fit CI envelope,results/fits/records/joint2019_tail90_sweden_emphasis.json,results/fits/ci/joint2019_tail90_sweden_emphasis_ci.csv,1000000,0.025,all_parameter_95_ci_endpoint_envelope,"eta,beta,epsilon,Xc"
69.0,0.0096139852614959,0.013853333990881,paper_sweden_fit_ci_envelope,Baseline fit CI envelope,results/fits/records/joint2019_tail90_sweden_emphasis.json,results/fits/ci/joint2019_tail90_sweden_emphasis_ci.csv,1000000,0.025,all_parameter_95_ci_endpoint_envelope,"eta,beta,epsilon,Xc"
70.0,0.0111043350387481,0.0158599777551314,paper_sweden_fit_ci_envelope,Baseline fit CI envelope,results/fits/records/joint2019_tail90_sweden_emphasis.json,results/fits/ci/joint2019_tail90_sweden_emphasis_ci.csv,1000000,0.025,all_parameter_95_ci_endpoint_envelope,"eta,beta,epsilon,Xc"
71.0,0.0130979614603775,0.0164153120180892,paper_sweden_fit_ci_envelope,Baseline fit CI envelope,results/fits/records/joint2019_tail90_sweden_emphasis.json,results/fits/ci/joint2019_tail90_sweden_emphasis_ci.csv,1000000,0.025,all_parameter_95_ci_endpoint_envelope,"eta,beta,epsilon,Xc"
72.0,0.0149917625783072,0.0193924026858242,paper_sweden_fit_ci_envelope,Baseline fit CI envelope,results/fits/records/joint2019_tail90_sweden_emphasis.json,results/fits/ci/joint2019_tail90_sweden_emphasis_ci.csv,1000000,0.025,all_parameter_95_ci_endpoint_envelope,"eta,beta,epsilon,Xc"
73.0,0.0171880731541162,0.0223902021244265,paper_sweden_fit_ci_envelope,Baseline fit CI envelope,results/fits/records/joint2019_tail90_sweden_emphasis.json,results/fits/ci/joint2019_tail90_sweden_emphasis_ci.csv,1000000,0.025,all_parameter_95_ci_endpoint_envelope,"eta,beta,epsilon,Xc"
74.0,0.0178930781789877,0.0260098163702047,paper_sweden_fit_ci_envelope,Baseline fit CI envelope,results/fits/records/joint2019_tail90_sweden_emphasis.json,results/fits/ci/joint2019_tail90_sweden_emphasis_ci.csv,1000000,0.025,all_parameter_95_ci_endpoint_envelope,"eta,beta,epsilon,Xc"
75.0,0.0220814972616997,0.0276632797524336,paper_sweden_fit_ci_envelope,Baseline fit CI envelope,results/fits/records/joint2019_tail90_sweden_emphasis.json,results/fits/ci/joint2019_tail90_sweden_emphasis_ci.csv,1000000,0.025,all_parameter_95_ci_endpoint_envelope,"eta,beta,epsilon,Xc"
76.0,0.0276253387954656,0.0313379926619452,paper_sweden_fit_ci_envelope,Baseline fit CI envelope,results/fits/records/joint2019_tail90_sweden_emphasis.json,results/fits/ci/joint2019_tail90_sweden_emphasis_ci.csv,1000000,0.025,all_parameter_95_ci_endpoint_envelope,"eta,beta,epsilon,Xc"
77.0,0.0289621512697757,0.0373257749535444,paper_sweden_fit_ci_envelope,Baseline fit CI envelope,results/fits/records/joint2019_tail90_sweden_emphasis.json,results/fits/ci/joint2019_tail90_sweden_emphasis_ci.csv,1000000,0.025,all_parameter_95_ci_endpoint_envelope,"eta,beta,epsilon,Xc"
78.0,0.0339237333283235,0.0398061253199944,paper_sweden_fit_ci_envelope,Baseline fit CI envelope,results/fits/records/joint2019_tail90_sweden_emphasis.json,results/fits/ci/joint2019_tail90_sweden_emphasis_ci.csv,1000000,0.025,all_parameter_95_ci_endpoint_envelope,"eta,beta,epsilon,Xc"
79.0,0.0392324937359883,0.0467058772525614,paper_sweden_fit_ci_envelope,Baseline fit CI envelope,results/fits/records/joint2019_tail90_sweden_emphasis.json,results/fits/ci/joint2019_tail90_sweden_emphasis_ci.csv,1000000,0.025,all_parameter_95_ci_endpoint_envelope,"eta,beta,epsilon,Xc"
80.0,0.0399305900696087,0.053525223914874,paper_sweden_fit_ci_envelope,Baseline fit CI envelope,results/fits/records/joint2019_tail90_sweden_emphasis.json,results/fits/ci/joint2019_tail90_sweden_emphasis_ci.csv,1000000,0.025,all_parameter_95_ci_endpoint_envelope,"eta,beta,epsilon,Xc"
81.0,0.047231933336526,0.0574540666706565,paper_sweden_fit_ci_envelope,Baseline fit CI envelope,results/fits/records/joint2019_tail90_sweden_emphasis.json,results/fits/ci/joint2019_tail90_sweden_emphasis_ci.csv,1000000,0.025,all_parameter_95_ci_endpoint_envelope,"eta,beta,epsilon,Xc"
82.0,0.0531142111758549,0.0662110356314481,paper_sweden_fit_ci_envelope,Baseline fit CI envelope,results/fits/records/joint2019_tail90_sweden_emphasis.json,results/fits/ci/joint2019_tail90_sweden_emphasis_ci.csv,1000000,0.025,all_parameter_95_ci_endpoint_envelope,"eta,beta,epsilon,Xc"
83.0,0.0583827578902774,0.0744980566119753,paper_sweden_fit_ci_envelope,Baseline fit CI envelope,results/fits/records/joint2019_tail90_sweden_emphasis.json,results/fits/ci/joint2019_tail90_sweden_emphasis_ci.csv,1000000,0.025,all_parameter_95_ci_endpoint_envelope,"eta,beta,epsilon,Xc"
84.0,0.0697134556226501,0.0808863296535488,paper_sweden_fit_ci_envelope,Baseline fit CI envelope,results/fits/records/joint2019_tail90_sweden_emphasis.json,results/fits/ci/joint2019_tail90_sweden_emphasis_ci.csv,1000000,0.025,all_parameter_95_ci_endpoint_envelope,"eta,beta,epsilon,Xc"
85.0,0.076991809097049,0.0894055301508611,paper_sweden_fit_ci_envelope,Baseline fit CI envelope,results/fits/records/joint2019_tail90_sweden_emphasis.json,results/fits/ci/joint2019_tail90_sweden_emphasis_ci.csv,1000000,0.025,all_parameter_95_ci_endpoint_envelope,"eta,beta,epsilon,Xc"
86.0,0.0821063564688519,0.105036204577327,paper_sweden_fit_ci_envelope,Baseline fit CI envelope,results/fits/records/joint2019_tail90_sweden_emphasis.json,results/fits/ci/joint2019_tail90_sweden_emphasis_ci.csv,1000000,0.025,all_parameter_95_ci_endpoint_envelope,"eta,beta,epsilon,Xc"
87.0,0.0943047046921301,0.1183774329083955,paper_sweden_fit_ci_envelope,Baseline fit CI envelope,results/fits/records/joint2019_tail90_sweden_emphasis.json,results/fits/ci/joint2019_tail90_sweden_emphasis_ci.csv,1000000,0.025,all_parameter_95_ci_endpoint_envelope,"eta,beta,epsilon,Xc"
88.0,0.1063985178009948,0.1245368858127414,paper_sweden_fit_ci_envelope,Baseline fit CI envelope,results/fits/records/joint2019_tail90_sweden_emphasis.json,results/fits/ci/joint2019_tail90_sweden_emphasis_ci.csv,1000000,0.025,all_parameter_95_ci_endpoint_envelope,"eta,beta,epsilon,Xc"
89.0,0.1104150110499254,0.135380817249314,paper_sweden_fit_ci_envelope,Baseline fit CI envelope,results/fits/records/joint2019_tail90_sweden_emphasis.json,results/fits/ci/joint2019_tail90_sweden_emphasis_ci.csv,1000000,0.025,all_parameter_95_ci_endpoint_envelope,"eta,beta,epsilon,Xc"
90.0,0.1238161180263359,0.1563364474162596,paper_sweden_fit_ci_envelope,Baseline fit CI envelope,results/fits/records/joint2019_tail90_sweden_emphasis.json,results/fits/ci/joint2019_tail90_sweden_emphasis_ci.csv,1000000,0.025,all_parameter_95_ci_endpoint_envelope,"eta,beta,epsilon,Xc"
91.0,0.1453443919346969,0.1684716088107858,paper_sweden_fit_ci_envelope,Baseline fit CI envelope,results/fits/records/joint2019_tail90_sweden_emphasis.json,results/fits/ci/joint2019_tail90_sweden_emphasis_ci.csv,1000000,0.025,all_parameter_95_ci_endpoint_envelope,"eta,beta,epsilon,Xc"
92.0,0.1518220317704758,0.1903235500350595,paper_sweden_fit_ci_envelope,Baseline fit CI envelope,results/fits/records/joint2019_tail90_sweden_emphasis.json,results/fits/ci/joint2019_tail90_sweden_emphasis_ci.csv,1000000,0.025,all_parameter_95_ci_endpoint_envelope,"eta,beta,epsilon,Xc"
93.0,0.1759961923900684,0.2128250835372342,paper_sweden_fit_ci_envelope,Baseline fit CI envelope,results/fits/records/joint2019_tail90_sweden_emphasis.json,results/fits/ci/joint2019_tail90_sweden_emphasis_ci.csv,1000000,0.025,all_parameter_95_ci_endpoint_envelope,"eta,beta,epsilon,Xc"
94.0,0.184433788270011,0.2411101181945404,paper_sweden_fit_ci_envelope,Baseline fit CI envelope,results/fits/records/joint2019_tail90_sweden_emphasis.json,results/fits/ci/joint2019_tail90_sweden_emphasis_ci.csv,1000000,0.025,all_parameter_95_ci_endpoint_envelope,"eta,beta,epsilon,Xc"
95.0,0.1970850908231331,0.2700869329270202,paper_sweden_fit_ci_envelope,Baseline fit CI envelope,results/fits/records/joint2019_tail90_sweden_emphasis.json,results/fits/ci/joint2019_tail90_sweden_emphasis_ci.csv,1000000,0.025,all_parameter_95_ci_endpoint_envelope,"eta,beta,epsilon,Xc"
96.0,0.2352917597779358,0.2718856856912512,paper_sweden_fit_ci_envelope,Baseline fit CI envelope,results/fits/records/joint2019_tail90_sweden_emphasis.json,results/fits/ci/joint2019_tail90_sweden_emphasis_ci.csv,1000000,0.025,all_parameter_95_ci_endpoint_envelope,"eta,beta,epsilon,Xc"
97.0,0.2477011695701449,0.3137923999925817,paper_sweden_fit_ci_envelope,Baseline fit CI envelope,results/fits/records/joint2019_tail90_sweden_emphasis.json,results/fits/ci/joint2019_tail90_sweden_emphasis_ci.csv,1000000,0.025,all_parameter_95_ci_endpoint_envelope,"eta,beta,epsilon,Xc"
98.0,0.268423091824874,0.3314749113025849,paper_sweden_fit_ci_envelope,Baseline fit CI envelope,results/fits/records/joint2019_tail90_sweden_emphasis.json,results/fits/ci/joint2019_tail90_sweden_emphasis_ci.csv,1000000,0.025,all_parameter_95_ci_endpoint_envelope,"eta,beta,epsilon,Xc"
99.0,0.3043767460423041,0.3625205166630985,paper_sweden_fit_ci_envelope,Baseline fit CI envelope,results/fits/records/joint2019_tail90_sweden_emphasis.json,results/fits/ci/joint2019_tail90_sweden_emphasis_ci.csv,1000000,0.025,all_parameter_95_ci_endpoint_envelope,"eta,beta,epsilon,Xc"
100.0,0.3184605862825634,0.4216210602835038,paper_sweden_fit_ci_envelope,Baseline fit CI envelope,results/fits/records/joint2019_tail90_sweden_emphasis.json,results/fits/ci/joint2019_tail90_sweden_emphasis_ci.csv,1000000,0.025,all_parameter_95_ci_endpoint_envelope,"eta,beta,epsilon,Xc"
