candidate_id,start_name,tau_sd,tau_cv,screen_de_score,search_score,eval_score_mean,eval_score_sd,eval_score_min,eval_score_max,history_start,history_end,history_steps,eta,beta,kappa,epsilon,tau,tau_factor_vs_karin,eta_factor,beta_factor,kappa_factor,epsilon_factor,SWE_Xc,SWE_xc_std_frac,USA_Xc,USA_xc_std_frac,eta_log2,tau_log2,kappa_log2,epsilon_log2,SWE_Xc_log2,SWE_xc_std_log2,USA_Xc_log2,USA_xc_std_log2,best_eval_score,score_ratio_to_best,acceptance_multiplier,strict_accepted
stress_tau_sd_0.000_hybrid2019_swe_tail90_usa_refit,hybrid2019_swe_tail90_usa_refit,0.0,0.0,,0.0293698111524068,0.0104153454868315,0.0020954816346755,0.0082707331694358,0.0124579721015222,0.0710704563599176,0.0293698111524068,5,0.5868368257640714,57.87173772073557,0.5,49.718659304628446,98.61640439041228,0.9726549474122854,1.086734862526058,1.0570180405613805,1.0,0.9592641193252642,21.74056340066893,0.0917004043204671,20.854942404177756,0.1918528238650529,0.1199999999999998,-0.0400000000000001,0.0,-0.0600000000000002,0.0500000000000001,-1.125,-0.0099999999999999,-0.0599999999999999,0.0104153454868315,1.0,2.5,True
stress_tau_sd_0.000_de_best,de_best,0.0,0.0,3.1497723045814876,0.0348452671516944,0.0109058691052027,0.0013207282517188,0.0100592657173512,0.0124277017011276,0.1327138769349524,0.0348452671516944,7,0.5868368257640714,57.871737720735574,0.4929063294367541,54.21858242944678,98.61640439041228,0.9726549474122856,1.086734862526058,1.0570180405613805,0.9858126588735084,1.0460849397925291,23.41298734239037,0.0990609234010526,22.175792770554903,0.169532906275516,0.1199999999999997,-0.04,-0.0206145880344617,0.0649999999999997,0.1569196966519833,-1.0136120257027357,0.0785963529913847,-0.2384346728750355,0.0104153454868315,1.047096240733571,2.5,True
stress_tau_sd_0.000_figS_tau_spread_constraint_source_data_full_fit_02,figS_tau_spread_constraint_source_data_full_fit_02,0.0,0.0,,0.041250490782612,0.01613480991186,0.0018886107655183,0.0139956847858743,0.0175717393148973,0.0669993395904282,0.041250490782612,2,0.5787576697695983,57.871737720735574,0.5,52.91905847540383,99.99303809446558,0.9862327044933592,1.0717734625362931,1.0570180405613805,1.0,1.0210121257071934,21.74056340066893,0.1176906737218767,21.0,0.1624504792712471,0.0999999999999999,-0.0200000000000001,0.0,0.0300000000000001,0.0500000000000001,-0.765,0.0,-0.2999999999999999,0.0104153454868315,1.5491382337974078,2.5,True
stress_tau_sd_0.000_figS_tau_spread_constraint_source_data_profile_tau_sd_0.050,figS_tau_spread_constraint_source_data_profile_tau_sd_0.050,0.0,0.0,,0.0381437539218537,0.0183985893979959,0.0052541019705014,0.0136267559434431,0.024029161981898,0.1254905870286567,0.0381437539218537,3,0.5868368257640714,57.87173772073557,0.4204482076268572,49.718659304628446,98.61640439041228,0.9726549474122854,1.086734862526058,1.0570180405613805,0.8408964152537145,0.9592641193252642,21.74056340066893,0.1542210825407941,20.854942404177756,0.1613283518444253,0.1199999999999998,-0.0400000000000001,-0.25,-0.0600000000000002,0.0500000000000001,-0.3749999999999999,-0.0099999999999999,-0.3099999999999999,0.0104153454868315,1.7664886317268864,2.5,True
stress_tau_sd_0.000_random_02,random_02,0.0,0.0,,11.20397666944094,11.277254765555334,3.106466045600334e-09,11.277254762751006,11.27725476889449,11.27725477848464,11.20397666944094,3,0.52777740700694,45.4860445626046,0.4734759154415011,142.75354766439318,86.18414497990528,0.8500354025415316,0.9773655685313702,0.8307953344767963,0.9469518308830024,2.7542648594326296,12.850376722116089,0.0629154490694909,13.368817315810256,0.0526381361500484,-0.033029813900088,-0.2344051665693847,-0.0786370536854282,1.4616673005828391,-0.7085786737514638,-1.6685137763640494,-0.651517486101555,-1.925819688919984,0.0104153454868315,1082.7537866903697,2.5,False
stress_tau_sd_0.000_baseline_tau_-2.0,baseline_tau_-2.0,0.0,0.0,,11.203976672138896,11.277254765982027,7.908670804333024e-09,11.277254756955564,11.277254771694963,11.277254782049816,11.203976672138896,10,0.54,13.6875,0.5,56.5210157840403,25.34722222222222,0.25,1.0,0.25,1.0,1.0905077326652577,12.486674707528572,0.2,15.506674532364745,0.2,0.0,-2.0,0.0,0.125,-0.75,0.0,-0.4375,0.0,0.0104153454868315,1082.7537867313372,2.5,False
stress_tau_sd_0.000_random_09,random_09,0.0,0.0,,11.277254778494004,11.277254779815015,1.1998386508178928e-10,11.277254779692973,11.277254779932829,11.277254782092308,11.277254778494004,13,1.3446117332179677,40.617100117934925,0.4204502032958221,48.02155693818572,30.207307518229666,0.2979350878510323,2.490021728181421,0.7418648423367109,0.8409004065916443,0.9265204888710346,20.119005936664696,0.0990609234010526,9.29563673373446,0.1848769452346646,1.316158331451113,-1.7469300549261764,-0.249993152224617,-0.1101052148401102,-0.0618303033480166,-1.0136120257027357,-1.175763732336668,-0.1134346728750355,0.0104153454868315,1082.7537880594723,2.5,False
stress_tau_sd_0.000_baseline_tau_-1.0,baseline_tau_-1.0,0.0,0.0,,11.277254781889622,11.277254781951688,3.2218894677544684e-12,11.27725478194882,11.277254781955175,12.891755144555058,11.277254781889622,13,0.551824460273223,13.98721722220322,0.5,51.83,25.34722222222222,0.25,1.0218971486541166,0.2554742871635291,1.0,1.0,20.109668894670047,0.2,16.910148485467168,0.2,0.03125,-2.0,0.0,0.0,-0.0625,0.0,-0.3125,0.0,0.0104153454868315,1082.7537882646193,2.5,False
stress_tau_sd_0.000_random_17,random_17,0.0,0.0,,8.943708818592714,12.035545130246147,2.308643316229419,10.6726022250449,14.70110930735386,12.67789070037685,8.943708818592714,6,0.8676244012529845,58.33978081380604,0.3735803055373839,26.225724288068335,67.24082532666708,0.6631971813041136,1.6067118541721934,1.0655667728549048,0.7471606110747679,0.5059950663335585,16.060686039788823,0.0626869188897692,26.36914937660904,0.2645846505262244,0.6841112209664819,-0.5924902197292399,-0.4205096940487787,-0.9828047767875576,-0.386855808319972,-1.6737636729409529,0.3284617052018183,0.4037293682982723,0.0104153454868315,1155.5588958103256,2.5,False
stress_tau_sd_0.000_random_05,random_05,0.0,0.0,,11.16854644098959,12.19991878708627,0.4201541610737879,11.953938560381449,12.685055024427744,11.27725478209282,11.16854644098959,5,0.7832225658160975,41.78646396181848,0.8549665074635998,18.549769670923293,53.35196633191752,0.5262111747805563,1.450412158918699,0.7632230860606116,1.7099330149271996,0.3578963857017807,33.886489068197804,0.0852066789533285,29.33252592079405,0.0752500656610224,0.5364629244708966,-0.9262862085475536,0.7739398099502427,-1.482386120444175,0.6903208410553187,-1.2309615738824102,0.4821119837931251,-1.4102352541606686,0.0104153454868315,1171.3407685334096,2.5,False
stress_tau_sd_0.025_carry_tau_sd_0.000,carry_tau_sd_0.000,0.025,0.0250039067586724,,0.0342592052061684,0.0163423231831384,0.001891016904532,0.0142196966602882,0.0178472437220012,0.0728657671853461,0.0342592052061684,5,0.5868368257640714,57.87173772073557,0.5,49.718659304628446,98.61640439041228,0.9726549474122854,1.086734862526058,1.0570180405613805,1.0,0.9592641193252642,21.74056340066893,0.1138788634756691,20.854942404177756,0.1479387509248837,0.1199999999999998,-0.0400000000000001,0.0,-0.0600000000000002,0.0500000000000001,-0.8125,-0.0099999999999999,-0.4349999999999999,0.0104153454868315,1.5690620348408515,2.5,True
stress_tau_sd_0.025_figS_tau_spread_constraint_source_data_profile_tau_sd_0.100,figS_tau_spread_constraint_source_data_profile_tau_sd_0.100,0.025,0.0250039067586724,,0.0368874861014923,0.0188217079242951,0.0007565333740888,0.0182377812536455,0.019676356765554,0.0730228932436349,0.0368874861014923,4,0.6882627387524015,68.8214822550701,0.5,52.91905847540383,99.99303809446558,0.9862327044933592,1.274560627319262,1.2570133745218282,1.0,1.0210121257071934,20.818834836715904,0.0763129604480279,21.0,0.088576751910236,0.3499999999999998,-0.0200000000000001,0.0,0.0300000000000001,-0.0124999999999999,-1.39,0.0,-1.1749999999999998,0.0104153454868315,1.8071131627934909,2.5,True
stress_tau_sd_0.025_figS_tau_spread_constraint_source_data_full_fit_02,figS_tau_spread_constraint_source_data_full_fit_02,0.025,0.0250039067586724,,0.0327214270392088,0.0239572301330253,0.0038024555951689,0.0214044091399069,0.0283273434734355,0.0432286297357584,0.0327214270392088,6,0.5787576697695983,57.871737720735574,0.5,52.91905847540383,99.99303809446558,0.9862327044933592,1.0717734625362931,1.0570180405613805,1.0,1.0210121257071934,21.74056340066893,0.0888072891202801,21.0,0.1771535038204721,0.0999999999999999,-0.0200000000000001,0.0,0.0300000000000001,0.0500000000000001,-1.17125,0.0,-0.1749999999999998,0.0104153454868315,2.3001858328478093,2.5,True
stress_tau_sd_0.025_figS_tau_spread_constraint_source_data_profile_tau_sd_0.025,figS_tau_spread_constraint_source_data_profile_tau_sd_0.025,0.025,0.0250039067586724,,0.0347220563095852,0.0241142226586073,0.0014881411829747,0.0224109879069543,0.0251628367756167,0.19330389069991,0.0347220563095852,4,0.5868368257640714,57.87173772073557,0.4204482076268572,49.718659304628446,98.61640439041228,0.9726549474122854,1.086734862526058,1.0570180405613805,0.8408964152537145,0.9592641193252642,21.74056340066893,0.1414213562373095,21.293149075590613,0.1765405992581309,0.1199999999999998,-0.0400000000000001,-0.25,-0.0600000000000002,0.0500000000000001,-0.4999999999999999,0.0199999999999999,-0.18,0.0104153454868315,2.3152590270861046,2.5,True
stress_tau_sd_0.025_joint2019_shared_eta_beta_epsilon_65_100_n100k,joint2019_shared_eta_beta_epsilon_65_100_n100k,0.025,0.0250039067586724,,0.0412310329046567,0.0254706497476384,0.0007771794889341,0.0246103312120952,0.0261219356105327,0.0643476315868851,0.0412310329046567,3,0.5787576697695983,57.871737720735574,0.5,52.91905847540383,99.99303809446558,0.9862327044933592,1.0717734625362931,1.0570180405613805,1.0,1.0210121257071934,21.74056340066893,0.1176906737218767,21.0,0.1771535038204721,0.0999999999999999,-0.0200000000000001,0.0,0.0300000000000001,0.0500000000000001,-0.765,0.0,-0.1749999999999998,0.0104153454868315,2.4454925455753505,2.5,True
stress_tau_sd_0.025_joint2019_tail90_sweden_emphasis,joint2019_tail90_sweden_emphasis,0.025,0.0250039067586724,,0.0347220563095852,0.0257794711842553,0.0013212184228299,0.024560686547934,0.0271835591224654,0.0741727125353679,0.0347220563095852,2,0.5868368257640714,57.87173772073557,0.4204482076268572,49.718659304628446,98.61640439041228,0.9726549474122854,1.086734862526058,1.0570180405613805,0.8408964152537145,0.9592641193252642,21.74056340066893,0.1414213562373095,21.293149075590613,0.1765405992581309,0.1199999999999998,-0.0400000000000001,-0.25,-0.0600000000000002,0.0500000000000001,-0.4999999999999999,0.0199999999999999,-0.18,0.0104153454868315,2.475143164175311,2.5,True
stress_tau_sd_0.025_de_best,de_best,0.025,0.0250039067586724,1.1713637239336423,0.0782303386028887,0.0712269690582293,0.0034881400958765,0.068645143335362,0.0751951479283026,0.1298332097167661,0.0782303386028887,8,0.5162498010641057,53.50152115729968,0.3371361582206417,52.91905847540383,103.63494774626768,1.0221529092782566,0.9560181501187142,0.9771967334666608,0.6742723164412834,1.0210121257071934,20.734331131628565,0.1049050131411526,19.852320980182142,0.1343692492071801,-0.0648900866837492,0.0316110328275427,-0.5685967286506286,0.03,-0.0183678197672163,-0.9309163777467094,-0.0810816418907863,-0.5737969890584333,0.0104153454868315,6.838656398703594,2.5,False
stress_tau_sd_0.025_random_06,random_06,0.025,0.0250039067586724,,11.20397666944094,11.214158377566264,0.0176352856261934,11.203976629870926,11.234521851373298,11.234521851373298,11.20397666944094,2,0.2095641306587241,5.544835014548844,0.2430362363314474,104.76536384888838,26.45889350014114,0.2609644290424879,0.3880817234420816,0.1012755253798875,0.4860724726628948,2.021326719060166,10.959679583670884,0.1304383202013526,16.281889755084944,0.2092422021704333,-1.365567603326349,-1.9380749223501188,-1.0407566613929222,1.0153025319461382,-0.938183707494994,-0.6166322328624902,-0.367121172386299,0.065173858858449,0.0104153454868315,1076.6957650847642,2.5,False
stress_tau_sd_0.025_random_12,random_12,0.025,0.0250039067586724,,11.234521851373298,11.234521851373296,2.1755839288168288e-15,11.234521851373298,11.234521851373298,11.234521851373298,11.234521851373298,1,0.284752792433182,19.03701890529563,0.2766674926860703,114.93990653142238,66.85454686019528,0.6593873114978165,0.5273199859873741,0.3477081078592809,0.5533349853721407,2.2176327712024384,9.667189753583482,0.1766096957602995,10.262804438734214,0.1405539125500911,-0.9232494174594874,-0.6008019692004174,-0.8537749518273235,1.1490204822585377,-1.119220862736123,-0.1794354517965885,-1.032964308739711,-0.5088763859256475,0.0104153454868315,1078.6509065472128,2.5,False
stress_tau_sd_0.025_random_16,random_16,0.025,0.0250039067586724,,11.20397666944094,11.27725473068268,4.714630486681611e-10,11.27725473029952,11.277254731209176,11.203976673027343,11.20397666944094,5,0.3148212370290065,11.244132973563334,0.2686096894476306,89.84593213277853,35.7159290766885,0.352266697742681,0.5830022907944564,0.2053722917545814,0.5372193788952612,1.7334735121122615,13.907300736509836,0.1422453001169668,15.818001844668796,0.1860885218740809,-0.7784265426600315,-1.5052600017531217,-0.8964167474343129,0.7936657919856607,-0.5945468930536781,-0.4916190143219895,-0.408821960119571,-0.1040109287299257,0.0104153454868315,1082.75378334217,2.5,False
stress_tau_sd_0.050_de_best,de_best,0.05,0.0500312662821478,2.1211883604295174,0.0606330075273087,0.0447954827247992,0.008129900748919,0.0357595598656804,0.0515178397065031,0.0836908620213843,0.0606330075273087,4,0.5868368257640714,58.569565958518865,0.5946035575013605,52.47398902409413,99.80553943979284,0.9843834026938472,1.086734862526058,1.0697637617994311,1.189207115002721,1.012425024582175,21.74056340066893,0.0734036756461296,20.49666869109969,0.1401462179626769,0.1199999999999997,-0.0227077616068727,0.25,0.0178150727690729,0.05,-1.4460757878996244,-0.0349998793007728,-0.5130671882026436,0.0104153454868315,4.300911840268335,2.5,False
stress_tau_sd_0.050_figS_tau_spread_constraint_source_data_full_fit_02,figS_tau_spread_constraint_source_data_full_fit_02,0.05,0.0500312662821478,,0.052874719683852,0.0456533521673381,0.003417190032108,0.0433382708204015,0.0495781092189269,0.190751116236351,0.052874719683852,8,0.6882627387524015,68.8214822550701,0.5452538663326288,57.70864247279282,99.99303809446558,0.9862327044933592,1.274560627319262,1.2570133745218282,1.0905077326652577,1.1134216182286865,21.74056340066893,0.1033472499899175,20.550013303841705,0.1624504792712471,0.3499999999999998,-0.0200000000000001,0.125,0.1550000000000001,0.0500000000000001,-0.9525,-0.03125,-0.2999999999999999,0.0104153454868315,4.383277753489701,2.5,False
stress_tau_sd_0.050_carry_tau_sd_0.025,carry_tau_sd_0.025,0.05,0.0500312662821478,,0.0499099502664571,0.0467998284012177,0.0054634802316292,0.0409848855004328,0.0518261310239459,0.0859211376291649,0.0499099502664571,3,0.5868368257640714,57.87173772073557,0.5,49.718659304628446,98.61640439041228,0.9726549474122854,1.086734862526058,1.0570180405613805,1.0,0.9592641193252642,21.74056340066893,0.0957603280698573,20.854942404177756,0.1613283518444253,0.1199999999999998,-0.0400000000000001,0.0,-0.0600000000000002,0.0500000000000001,-1.0625,-0.0099999999999999,-0.3099999999999999,0.0104153454868315,4.493353433199901,2.5,False
stress_tau_sd_0.050_figS_tau_spread_constraint_source_data_profile_tau_sd_0.025,figS_tau_spread_constraint_source_data_profile_tau_sd_0.025,0.05,0.0500312662821478,,0.0572146835148681,0.0523256889829536,0.0022358778412532,0.0497448550452611,0.0536762878473207,0.1442408591360541,0.0572146835148681,7,0.5868368257640714,56.63166571797874,0.5,49.718659304628446,96.50325820000026,0.9518129575890436,1.086734862526058,1.03436832361605,1.0,0.9592641193252642,21.74056340066893,0.1610490331949254,21.293149075590613,0.1248330548901612,0.1199999999999998,-0.07125,0.0,-0.0600000000000002,0.0500000000000001,-0.3124999999999999,0.0199999999999999,-0.6799999999999999,0.0104153454868315,5.023903340423089,2.5,False
stress_tau_sd_0.050_figS_tau_spread_constraint_source_data_profile_tau_sd_0.160,figS_tau_spread_constraint_source_data_profile_tau_sd_0.160,0.05,0.0500312662821478,,0.0606583970431033,0.0567686174532702,0.0038185987498569,0.0526515249564386,0.0601942256760707,0.201913705262645,0.0606583970431033,5,0.5868368257640714,57.87173772073557,0.3855527063519852,49.718659304628446,98.61640439041228,0.9726549474122854,1.086734862526058,1.0570180405613805,0.7711054127039704,0.9592641193252642,19.936184539960905,0.0840896415253714,20.854942404177756,0.1837188935444602,0.1199999999999998,-0.0400000000000001,-0.375,-0.0600000000000002,-0.0749999999999999,-1.25,-0.0099999999999999,-0.1224999999999999,0.0104153454868315,5.450478577503216,2.5,False
stress_tau_sd_0.050_figS_tau_spread_constraint_source_data_profile_tau_sd_0.050,figS_tau_spread_constraint_source_data_profile_tau_sd_0.050,0.05,0.0500312662821478,,0.0661160551311137,0.0605987370799057,0.0022184027048341,0.0587981097572522,0.0630769026019915,0.1484042878267183,0.0661160551311137,4,0.5868368257640714,57.87173772073557,0.3535533905932738,49.718659304628446,98.61640439041228,0.9726549474122854,1.086734862526058,1.0570180405613805,0.7071067811865476,0.9592641193252642,21.74056340066893,0.1,20.854942404177756,0.1479387509248837,0.1199999999999998,-0.0400000000000001,-0.5,-0.0600000000000002,0.0500000000000001,-1.0,-0.0099999999999999,-0.4349999999999999,0.0104153454868315,5.818216703087049,2.5,False
stress_tau_sd_0.050_joint2019_tail90_sweden_emphasis,joint2019_tail90_sweden_emphasis,0.05,0.0500312662821478,,0.0582860905716759,0.0641298492513854,0.0040730692500065,0.0595368542642058,0.0673028117477885,0.1346608274298796,0.0582860905716759,5,0.5868368257640714,57.87173772073557,0.4204482076268572,49.718659304628446,98.61640439041228,0.9726549474122854,1.086734862526058,1.0570180405613805,0.8408964152537145,0.9592641193252642,21.274707957940976,0.1414213562373095,20.83688079924151,0.1727576982582275,0.1199999999999998,-0.0400000000000001,-0.25,-0.0600000000000002,0.0187500000000001,-0.4999999999999999,-0.01125,-0.21125,0.0104153454868315,6.157246471801318,2.5,False
stress_tau_sd_0.050_random_17,random_17,0.05,0.0500312662821478,,11.20397666944094,11.27725476094654,8.691026940507788e-09,11.277254755854358,11.2772547709817,11.27725478160431,11.20397666944094,5,0.3698403028925948,9.53957222405641,1.007163365454146,52.68793722871529,25.793760575701224,0.2544042138973271,0.6848894498011014,0.1742387620832221,2.0143267309082917,1.0165529081365097,13.45949403465119,0.1103058859044698,10.367389528577355,0.4860073797901746,-0.5460569580476893,-1.974805527573161,1.010297712555146,0.0236853045282072,-0.6417651502923152,-0.8584902250395943,-1.018336653439685,1.2809782206332252,0.0104153454868315,1082.7537862478691,2.5,False
stress_tau_sd_0.050_random_14,random_14,0.05,0.0500312662821478,,11.203976672972807,11.277254777392123,2.585504233449731e-10,11.277254777093576,11.27725477754167,11.277254781905278,11.203976672972807,12,0.491512341541987,12.458472546029531,0.3720174584666025,37.0712457582948,25.34722222222222,0.25,0.9102080398925684,0.2275520099731421,0.7440349169332051,0.7152468793805673,12.066299723081382,0.0924705365398326,12.456112918215656,0.409941024816973,-0.1357317651601326,-2.0,-0.4265577674998306,-0.4834867967981859,-0.7994060038792278,-1.1129343353019003,-0.7535353998605777,1.0354163747942806,0.0104153454868315,1082.7537878268456,2.5,False
stress_tau_sd_0.050_baseline_tau_-2.0,baseline_tau_-2.0,0.05,0.0500312662821478,,11.277254777468016,11.277254777543192,2.0829664883712412e-10,11.27725477730269,11.27725477766604,11.27725478204878,11.277254777468016,10,0.54,13.6875,0.5,51.83,25.34722222222222,0.25,1.0,0.25,1.0,1.0,14.8492424049175,0.1915206561397147,12.486674707528572,0.2,0.0,-2.0,0.0,0.0,-0.5,-0.0625,-0.75,0.0,0.0104153454868315,1082.7537878413498,2.5,False
stress_tau_sd_0.075_carry_tau_sd_0.025,carry_tau_sd_0.025,0.075,0.0751055924505399,,0.0790558689946861,0.0859063252855215,0.0031225392898751,0.0833301856675139,0.0893790873195796,0.1655512532221752,0.0790558689946861,5,0.6978705285442458,65.90367718999379,0.5,49.718659304628446,94.435392374956,0.9314175686297032,1.292352830637492,1.2037201313240875,1.0,0.9592641193252642,20.818834836715904,0.0957603280698573,20.854942404177756,0.1479387509248837,0.3699999999999999,-0.1025000000000001,0.0,-0.0600000000000002,-0.0124999999999998,-1.0625,-0.0099999999999999,-0.4349999999999999,0.0104153454868315,8.248053354940117,2.5,False
stress_tau_sd_0.075_figS_tau_spread_constraint_source_data_profile_tau_sd_0.075,figS_tau_spread_constraint_source_data_profile_tau_sd_0.075,0.075,0.0751055924505399,,0.0902840713002853,0.0970401775822061,0.0056877023985223,0.0934005002852697,0.1035944138116534,0.2080775519937491,0.0902840713002853,6,0.6978705285442458,68.8214822550701,0.5946035575013605,49.718659304628446,98.61640439041228,0.9726549474122854,1.292352830637492,1.2570133745218282,1.189207115002721,0.9592641193252642,21.74056340066893,0.0878126080186649,21.293149075590613,0.1144724160598684,0.3699999999999998,-0.0400000000000001,0.25,-0.0600000000000002,0.0500000000000001,-1.1875,0.0199999999999999,-0.805,0.0104153454868315,9.317038758329897,2.5,False
stress_tau_sd_0.075_de_best,de_best,0.075,0.0751055924505399,0.3877892243326724,0.1005636559430257,0.1329894844878696,0.0099097541811131,0.123190059147103,0.1430060003763908,0.3288547178386928,0.1005636559430257,6,0.5787576697695983,57.87173772073558,0.5,57.70864247279282,99.9930380944656,0.9862327044933592,1.0717734625362931,1.0570180405613805,1.0,1.1134216182286865,21.74056340066893,0.0947698460948383,21.0,0.1771535038204721,0.0999999999999999,-0.02,0.0,0.155,0.05,-1.0775,0.0,-0.1749999999999998,0.0104153454868315,12.768609995320096,2.5,False
stress_tau_sd_0.075_figS_tau_spread_constraint_source_data_profile_tau_sd_0.160,figS_tau_spread_constraint_source_data_profile_tau_sd_0.160,0.075,0.0751055924505399,,0.1327058512551189,0.1343556412085156,0.0031804710266619,0.1314064930550303,0.1377255489835901,0.1675803692112449,0.1327058512551189,4,0.5868368257640714,57.87173772073557,0.3535533905932738,49.718659304628446,98.61640439041228,0.9726549474122854,1.086734862526058,1.0570180405613805,0.7071067811865476,0.9592641193252642,19.936184539960905,0.1189207115002721,20.854942404177756,0.1684709681933586,0.1199999999999998,-0.0400000000000001,-0.5,-0.0600000000000002,-0.0749999999999999,-0.75,-0.0099999999999999,-0.2474999999999999,0.0104153454868315,12.899777676927329,2.5,False
stress_tau_sd_0.075_figS_tau_spread_constraint_source_data_profile_tau_sd_0.025,figS_tau_spread_constraint_source_data_profile_tau_sd_0.025,0.075,0.0751055924505399,,0.11337192731339,0.1377646756179657,0.0116083187740453,0.1304910009113128,0.1511520671584243,0.2012966615399458,0.11337192731339,7,0.6978705285442458,68.8214822550701,0.5,54.21858242944678,98.61640439041228,0.9726549474122854,1.292352830637492,1.2570133745218282,1.0,1.0460849397925291,21.74056340066893,0.1414213562373095,21.293149075590613,0.2099433367246135,0.3699999999999998,-0.0400000000000001,0.0,0.0649999999999998,0.0500000000000001,-0.4999999999999999,0.0199999999999999,0.07,0.0104153454868315,13.227086493880178,2.5,False
stress_tau_sd_0.075_random_04,random_04,0.075,0.0751055924505399,,11.20397666944094,11.27725476001301,9.957847234151372e-09,11.277254748762587,11.277254767694853,19.395114060399287,11.20397666944094,5,0.2480100706363156,23.505594960793683,0.1826672153836838,83.58594667509776,94.77677620302168,0.9347846420024056,0.4592779085857696,0.4293259353569622,0.3653344307673677,1.612694321340879,10.440311355182308,0.0953289720652899,9.249516318953054,0.1746905660333964,-1.1225607037523044,-0.0972940632580439,-1.4527103686811256,0.689473008315115,-1.0082245907077927,-1.069013355015085,-1.1829394974192673,-0.1951983007569686,0.0104153454868315,1082.7537861582389,2.5,False
stress_tau_sd_0.075_baseline_tau_-2.0,baseline_tau_-2.0,0.075,0.0751055924505399,,11.203976671239577,11.277254778577465,2.219105999763552e-10,11.277254778337111,11.277254778774566,11.277254782051394,11.203976671239577,11,0.54,13.6875,0.5,51.83,25.34722222222222,0.25,1.0,0.25,1.0,1.0,12.486674707528572,0.2,14.219683242837371,0.2043794297308233,0.0,-2.0,0.0,0.0,-0.75,0.0,-0.5625,0.03125,0.0104153454868315,1082.7537879406525,2.5,False
stress_tau_sd_0.075_random_16,random_16,0.075,0.0751055924505399,,11.243255824857764,16.603149530371436,0.9153849269624972,15.679161099428136,17.50968125733378,11.277254782089184,11.243255824857764,6,0.4882228801539447,25.91116588730784,0.4860961616860742,28.605161168686195,53.07241209002254,0.523453927463236,0.9041164447295272,0.4732633038777688,0.9721923233721484,0.5519035533221338,9.374113562087762,0.4175837484963088,9.140780914609303,0.1486735460416194,-0.1454194998851277,-0.9338655329851266,-0.0406863525286701,-0.8575119208204849,-1.1636351504209166,1.062065566266009,-1.2,-0.4278520331058074,0.0104153454868315,1594.1045403979433,2.5,False
stress_tau_sd_0.100_tau_cv010_stress_refit_candidates_stress_random_18,tau_cv010_stress_refit_candidates_stress_random_18,0.1,0.1002505216154407,,0.0641004224618962,0.0895813533458386,0.0068037261879427,0.0822646656009125,0.0957176500776057,0.123491611316665,0.0641004224618962,5,0.5976225715367414,48.29133778614342,0.5111332743657568,19.98319677022339,80.80574611157321,0.7969881808264756,1.1067084658087802,0.8820335668701995,1.0222665487315137,0.3855527063519852,26.627170369883796,0.2964134908761669,28.272751450795035,0.4819655159276957,0.1462752308596855,-0.327369765388636,0.031771417796674,-1.375,0.3425097957289221,0.5676111115344853,0.4290229624675965,1.2689299269949923,0.0104153454868315,8.600900801523965,2.5,False
stress_tau_sd_0.100_tau_cv010_stress_refit_candidates_wide_profile_tau_sd_0.075,tau_cv010_stress_refit_candidates_wide_profile_tau_sd_0.075,0.1,0.1002505216154407,,0.0837591855121674,0.0976490481563193,0.0070234031226172,0.0915364034915074,0.1053210906734959,0.2188912276106608,0.0837591855121674,8,0.7610332077766905,68.8214822550701,0.5946035575013605,35.156401145806406,90.43164155231494,0.8919285194200927,1.4093207551420193,1.2570133745218282,1.189207115002721,0.6783021637238358,21.97730261446394,0.0917004043204671,20.390389411189368,0.1221581399405721,0.4949999999999998,-0.1650000000000001,0.25,-0.5600000000000003,0.0656250000000001,-1.125,-0.0425,-0.71125,0.0104153454868315,9.375497747989243,2.5,False
stress_tau_sd_0.100_tau_cv010_stress_refit_candidates_wide_profile_tau_sd_0.000,tau_cv010_stress_refit_candidates_wide_profile_tau_sd_0.000,0.1,0.1002505216154407,,0.1260880833048151,0.1344679116203966,0.0127753113039455,0.1197421117599001,0.1425869152235443,0.2210217858318438,0.1260880833048151,8,0.6399500963084543,57.87173772073557,0.6076236799902345,41.8082423804828,90.43164155231494,0.8919285194200927,1.185092770941582,1.0570180405613805,1.215247359980469,0.8066417592221262,21.274707957940976,0.1189207115002721,22.742475956044423,0.1684709681933586,0.2449999999999998,-0.1650000000000001,0.28125,-0.3100000000000002,0.0187500000000001,-0.7499999999999999,0.1150000000000002,-0.2474999999999999,0.0104153454868315,12.910557003645089,2.5,False
stress_tau_sd_0.100_de_best,de_best,0.1,0.1002505216154407,4.085823906392253,0.1328715095447037,0.1408225450609984,0.0015812508197344,0.1393986512005712,0.1425243146321882,1.9978058847482767,0.1328715095447037,4,0.585854762722307,51.27060363377164,0.5111332743657568,27.134436531948005,87.5141876384706,0.8631536315027237,1.084916227263531,0.9364493814387514,1.0222665487315137,0.5235276197558943,18.28156182921861,0.2285660472130912,19.991854273658973,0.2753178289366536,0.1175836480361677,-0.2123107293638573,0.031771417796674,-0.9336624434356922,-0.1999999999999999,0.1926111115344853,-0.0709770375324034,0.4610980385046236,0.0104153454868315,13.520679197732282,2.5,False
stress_tau_sd_0.100_tau_cv010_stress_refit_candidates_joint2019_tail90_sweden_emphasis,tau_cv010_stress_refit_candidates_joint2019_tail90_sweden_emphasis,0.1,0.1002505216154407,,0.1672990123239451,0.1946818397519065,0.0191458655979773,0.1732177073658826,0.2100000192429348,0.2188614491772985,0.1672990123239451,4,0.5868368257640714,55.41816590110378,0.6010783657263515,41.8082423804828,94.435392374956,0.9314175686297032,1.086734862526058,1.0122039433991556,1.202156731452703,0.8066417592221262,21.74056340066893,0.1681792830507429,21.293149075590613,0.2099433367246134,0.1199999999999998,-0.1025000000000001,0.265625,-0.3100000000000002,0.0500000000000001,-0.25,0.0199999999999999,0.0699999999999999,0.0104153454868315,18.691827361660593,2.5,False
stress_tau_sd_0.100_carry_tau_sd_0.050,carry_tau_sd_0.050,0.1,0.1002505216154407,,0.1615761049691402,0.1971105464246463,0.0030100654332416,0.1949055526273289,0.2005398427727075,0.2937231456609279,0.1615761049691402,4,0.5868368257640714,58.569565958518865,0.5946035575013605,52.47398902409413,99.80553943979284,0.9843834026938472,1.086734862526058,1.0697637617994311,1.189207115002721,1.012425024582175,21.74056340066893,0.0872921733457293,20.49666869109969,0.0990983410790568,0.1199999999999997,-0.0227077616068727,0.25,0.0178150727690729,0.05,-1.1960757878996244,-0.0349998793007728,-1.0130671882026436,0.0104153454868315,18.92501277791111,2.5,False
stress_tau_sd_0.100_tau_cv010_stress_refit_candidates_wide_profile_tau_sd_0.100,tau_cv010_stress_refit_candidates_wide_profile_tau_sd_0.100,0.1,0.1002505216154407,,0.178055879588928,0.2078921652425075,0.0136117789447533,0.1966936159871878,0.2230426124145707,0.3588018287774723,0.178055879588928,7,0.7837857846177488,78.37312181918315,0.5,52.91905847540383,99.99303809446558,0.9862327044933592,1.4514551566995348,1.4314725446426146,1.0,1.0210121257071934,17.88982565740224,0.05,20.77378827707349,0.1252664438624128,0.5374999999999999,-0.0200000000000001,0.0,0.0300000000000001,-0.2312499999999999,-2.0,-0.015625,-0.6749999999999998,0.0104153454868315,19.96017947799732,2.5,False
stress_tau_sd_0.100_figS_tau_spread_constraint_source_data_profile_tau_sd_0.100,figS_tau_spread_constraint_source_data_profile_tau_sd_0.100,0.1,0.1002505216154407,,0.1460436508763073,0.2106915945078768,0.0051426215164519,0.2074017988753754,0.2166177876402387,0.2728340793634365,0.1460436508763073,7,0.5307231232144356,53.068617477194806,0.5946035575013605,52.91905847540383,99.99303809446558,0.9862327044933592,0.9828205985452512,0.969289816935065,1.189207115002721,1.0210121257071934,21.74056340066893,0.0699792932797598,21.45984012173645,0.088576751910236,-0.0250000000000001,-0.0200000000000001,0.25,0.0300000000000001,0.0500000000000001,-1.515,0.03125,-1.1749999999999998,0.0104153454868315,20.228958777628684,2.5,False
stress_tau_sd_0.100_tau_cv010_stress_refit_candidates_de_best,tau_cv010_stress_refit_candidates_de_best,0.1,0.1002505216154407,,0.1624135574606637,0.2174841693746806,0.0050785814080013,0.2130570200942476,0.2230282471381906,0.2567818201164304,0.1624135574606637,4,0.945095034324826,93.20187409234762,0.5946035575013605,45.59221160505984,98.61640439041228,0.9726549474122856,1.7501759894904183,1.702317335020048,1.189207115002721,0.8796490759224357,17.506483583953557,0.2378414230005441,15.056530104166187,0.165433338618013,0.8074999999999998,-0.04,0.25,-0.1850000000000002,-0.2624999999999999,0.2499999999999997,-0.48,-0.2737499999999999,0.0104153454868315,20.881128681679577,2.5,False
stress_tau_sd_0.100_figS_tau_spread_constraint_source_data_full_fit_02,figS_tau_spread_constraint_source_data_full_fit_02,0.1,0.1002505216154407,,0.231171735975518,0.274880754339005,0.008119524011002,0.2686816206667802,0.2840716860837939,0.3354219829344473,0.231171735975518,3,0.5787576697695983,57.871737720735574,0.5946035575013605,52.91905847540383,99.99303809446558,0.9862327044933592,1.0717734625362931,1.0570180405613805,1.189207115002721,1.0210121257071934,21.74056340066893,0.1399585865595196,17.658824720328006,0.1624504792712471,0.0999999999999999,-0.0200000000000001,0.25,0.0300000000000001,0.0500000000000001,-0.515,-0.25,-0.2999999999999999,0.0104153454868315,26.39189978734214,2.5,False
stress_tau_sd_0.100_joint2019_shared_eta_beta_epsilon_65_100_n100k,joint2019_shared_eta_beta_epsilon_65_100_n100k,0.1,0.1002505216154407,,0.2336635119783884,0.2782528238782994,0.0058694091437001,0.2719054071158404,0.2834838822610822,0.4856802924286003,0.2336635119783884,6,0.5787576697695983,57.871737720735574,0.5,62.93172085819528,99.99303809446558,0.9862327044933592,1.0717734625362931,1.0570180405613805,1.0,1.214194884395047,21.74056340066893,0.1526259208960559,24.43822203432913,0.1660076815647821,0.0999999999999999,-0.0200000000000001,0.0,0.2800000000000001,0.0500000000000001,-0.39,0.21875,-0.2687499999999999,0.0104153454868315,26.71565952661894,2.5,False
stress_tau_sd_0.100_baseline,baseline,0.1,0.1002505216154407,,0.2974285848641562,0.3167290078148433,0.0076486568652194,0.3088685494895702,0.3241466211016268,0.4375414061725808,0.2974285848641562,7,0.4540840642370058,45.052556214464786,0.5946035575013605,51.83,99.2163340727807,0.9785720620877,0.8408964152537145,0.8228777390769824,1.189207115002721,1.0,21.0,0.2,19.257084907298097,0.1794709075003107,-0.25,-0.03125,0.25,0.0,0.0,0.0,-0.125,-0.15625,0.0104153454868315,30.409841729714405,2.5,False
stress_tau_sd_0.100_random_06,random_06,0.1,0.1002505216154407,,11.20397666944094,11.203976641382203,1.993811605694612e-08,11.203976629870926,11.203976664404756,11.20397667294828,11.20397666944094,3,0.3830636389735869,13.054711324766943,0.6931669924222271,106.98542297057098,34.07974549541387,0.3361289966670956,0.7093771092103461,0.2384422159774784,1.3863339848444542,2.0641601962294227,12.638270277435382,0.1925089496974339,17.4934116921291,0.0806304800177265,-0.4953753179854762,-1.5729130906426336,0.4712748622614123,1.0455549404013396,-0.7325903036902744,-0.0550744820679405,-0.2635776463322697,-1.3106027839512004,0.0104153454868315,1075.7181944226163,2.5,False
stress_tau_sd_0.100_random_02,random_02,0.1,0.1002505216154407,,11.20397666944094,11.27725477922001,7.518877671817895e-10,11.277254778374225,11.27725477981266,17.799133355787532,11.20397666944094,8,0.2270563393050757,7.893271839825768,1.3196033875685198,26.721181525833344,34.763494663851986,0.3428728240818278,0.4204747024168069,0.1441693486726167,2.6392067751370396,0.5155543416136088,9.205151269117334,0.2021862865570592,11.158039258026042,0.0617474183839131,-1.2499090905917156,-1.5442545333262188,1.400104386578706,-0.9558035931047228,-1.1898759930653635,0.0156851486402729,-0.9123057954598222,-1.695549274993026,0.0104153454868315,1082.753788002345,2.5,False
stress_tau_sd_0.100_random_10,random_10,0.1,0.1002505216154407,,11.23465294659176,13.522426152758385,1.391426210801979,12.004585807809208,14.737621916888031,11.277254782012871,11.23465294659176,7,0.3780765369987977,14.605777369501755,1.13469104609443,37.62150252792577,38.63180054875556,0.3810259780151233,0.7001417351829587,0.2667721893972923,2.26938209218886,0.7258634483489441,25.65450481476003,0.3397266543296902,10.103879491963706,0.1226383397726716,-0.5142810871913771,-1.3920387321400485,1.1822995336896345,-0.4622299253426278,0.2888228508952026,0.7643744138624038,-1.0554799904410157,-0.7055899283696825,0.0104153454868315,1298.3175805214707,2.5,False
stress_tau_sd_0.130_carry_tau_sd_0.075,carry_tau_sd_0.075,0.13,0.1305511887290398,,0.2065139884393852,0.2830732062396984,0.0078415400307832,0.274028743368763,0.2879669462034384,0.3170825999745476,0.2065139884393852,4,0.6978705285442458,65.90367718999379,0.5,49.718659304628446,94.435392374956,0.9314175686297032,1.292352830637492,1.2037201313240875,1.0,0.9592641193252642,19.936184539960905,0.0805245165974627,20.854942404177756,0.1759298151844871,0.3699999999999999,-0.1025000000000001,0.0,-0.0600000000000002,-0.0749999999999999,-1.3125,-0.0099999999999999,-0.1849999999999999,0.0104153454868315,27.178474933702027,2.5,False
stress_tau_sd_0.130_tau_cv010_stress_refit_candidates_wide_profile_tau_sd_0.100,tau_cv010_stress_refit_candidates_wide_profile_tau_sd_0.100,0.13,0.1305511887290398,,0.2924473141133423,0.3232375613890178,0.0028648342716595,0.319929768535358,0.3249254465203395,0.4266087898851902,0.2924473141133423,5,0.6882627387524015,68.8214822550701,0.5,62.93172085819528,99.99303809446558,0.9862327044933592,1.274560627319262,1.2570133745218282,1.0,1.214194884395047,18.28156182921861,0.0641712948781452,20.77378827707349,0.0965936328924845,0.3499999999999998,-0.0200000000000001,0.0,0.2800000000000001,-0.1999999999999999,-1.64,-0.015625,-1.0499999999999998,0.0104153454868315,31.034742130992832,2.5,False
stress_tau_sd_0.130_figS_tau_spread_constraint_source_data_profile_tau_sd_0.100,figS_tau_spread_constraint_source_data_profile_tau_sd_0.100,0.13,0.1305511887290398,,0.294596587843747,0.3427946660210828,0.0047151626841868,0.3394049709134441,0.3481793962893371,0.4331568681806668,0.294596587843747,5,0.5787576697695983,57.871737720735574,0.5946035575013605,52.91905847540383,99.99303809446558,0.9862327044933592,1.0717734625362931,1.0570180405613805,1.189207115002721,1.0210121257071934,21.74056340066893,0.0516736249949587,21.0,0.1053361035954836,0.0999999999999999,-0.0200000000000001,0.25,0.0300000000000001,0.0500000000000001,-1.9525,0.0,-0.9249999999999998,0.0104153454868315,32.91246233305349,2.5,False
stress_tau_sd_0.130_figS_tau_spread_constraint_source_data_profile_tau_sd_0.025,figS_tau_spread_constraint_source_data_profile_tau_sd_0.025,0.13,0.1305511887290398,,0.3132043738247907,0.3732512354167508,0.0059899895746944,0.3664218351164556,0.3776143256547284,0.4201720074596984,0.3132043738247907,5,0.5868368257640714,57.87173772073557,0.5,59.12578339346038,98.61640439041228,0.9726549474122854,1.086734862526058,1.0570180405613805,1.0,1.1407637158684234,21.74056340066893,0.1681792830507429,23.22034371972564,0.1690558570260784,0.1199999999999998,-0.0400000000000001,0.0,0.1899999999999998,0.0500000000000001,-0.2499999999999999,0.1449999999999999,-0.2425,0.0104153454868315,35.83666388106505,2.5,False
stress_tau_sd_0.130_figS_tau_spread_constraint_source_data_profile_tau_sd_0.050,figS_tau_spread_constraint_source_data_profile_tau_sd_0.050,0.13,0.1305511887290398,,0.3345780912274304,0.3760290845346422,0.0075878840901071,0.3673250136866615,0.3812502275295929,0.5109031611170436,0.3345780912274304,2,0.5868368257640714,57.87173772073557,0.3535533905932738,49.718659304628446,98.61640439041228,0.9726549474122854,1.086734862526058,1.0570180405613805,0.7071067811865476,0.9592641193252642,18.28156182921861,0.1414213562373095,20.854942404177756,0.1613283518444253,0.1199999999999998,-0.0400000000000001,-0.5,-0.0600000000000002,-0.1999999999999999,-0.4999999999999999,-0.0099999999999999,-0.3099999999999999,0.0104153454868315,36.10337122374547,2.5,False
stress_tau_sd_0.130_figS_tau_spread_constraint_source_data_profile_tau_sd_0.130,figS_tau_spread_constraint_source_data_profile_tau_sd_0.130,0.13,0.1305511887290398,,0.3112553719651392,0.3916429595329651,0.0060361405315537,0.3870775609251565,0.3984866723405253,0.5881260613943481,0.3112553719651392,5,0.5868368257640714,57.87173772073557,0.7071067811865476,49.718659304628446,98.61640439041228,0.9726549474122854,1.086734862526058,1.0570180405613805,1.4142135623730951,0.9592641193252642,21.74056340066893,0.1718619298122478,21.293149075590613,0.1925188886203502,0.1199999999999998,-0.0400000000000001,0.5,-0.0600000000000002,0.0500000000000001,-0.2187499999999999,0.0199999999999999,-0.0549999999999999,0.0104153454868315,37.602493362138674,2.5,False
stress_tau_sd_0.130_de_best,de_best,0.13,0.1305511887290398,0.6333104875858472,0.3741189917597447,0.4484138869835603,0.0107848266756708,0.4359656578664516,0.4549440739358965,0.5017360189410316,0.3741189917597447,5,0.4976571297656845,49.07715675674462,0.7259034579429378,48.09556655878672,98.61640439041228,0.9726549474122856,0.92158727734386,0.8963864247807237,1.4518069158858755,0.9279484190389105,21.74056340066893,0.3153353276585932,22.46484930298561,0.1148698354997035,-0.1178072945997753,-0.04,0.5378495938179304,-0.107883480983829,0.05,0.656886807137586,0.0972800562239239,-0.7999999999999997,0.0104153454868315,43.05319372751516,2.5,False
stress_tau_sd_0.130_random_08,random_08,0.13,0.1305511887290398,,11.20397666944094,11.203976653373113,2.0366204551372097e-08,11.203976629870926,11.203976665843664,11.234521851373298,11.20397666944094,2,0.316088936895392,10.408251973590724,0.3384119273409958,67.06283583902923,32.92823872869452,0.3247716696528774,0.5853498831396148,0.1901050588783694,0.6768238546819916,1.2938999776004096,9.274674316679194,0.1582970631195475,13.804902518333469,0.1088844372529151,-0.7726288654391468,-1.6225023054489882,-0.563147677692909,0.3717260969307238,-1.1790208008794334,-0.3373655105525049,-0.6052086273477716,-0.8772022342143082,0.0104153454868315,1075.7181955738895,2.5,False
stress_tau_sd_0.130_random_18,random_18,0.13,0.1305511887290398,,11.277254774380724,11.277254778501575,1.5873169021590888e-10,11.277254778318447,11.277254778599712,11.277254781839654,11.277254774380724,5,0.2126332449009589,5.565451785778644,0.5993637892271154,75.52820206517725,26.17394936700016,0.2581540211539742,0.3937652683351091,0.101652087411482,1.1987275784542308,1.457229443665392,21.29532410778654,0.0758851206021624,11.883052547538384,0.4940165235514659,-1.344592229484519,-1.953696024373932,0.2615038306716364,0.5432280504821757,0.0201473595050967,-1.3981110621831303,-0.8214838411209356,1.3045592969659991,0.0104153454868315,1082.7537879333663,2.5,False
stress_tau_sd_0.130_baseline_tau_-2.0,baseline_tau_-2.0,0.13,0.1305511887290398,,11.203976672588553,11.277254778815184,7.519023220845547e-10,11.277254778016143,11.277254779508828,11.277254782060886,11.203976672588553,12,0.54,13.6875,0.5452538663326288,51.83,25.34722222222222,0.25,1.0,0.25,1.0905077326652577,1.0,12.486674707528572,0.2,14.8492424049175,0.2,0.0,-2.0,0.125,0.0,-0.75,0.0,-0.5,0.0,0.0104153454868315,1082.7537879634767,2.5,False
stress_tau_sd_0.160_de_best,de_best,0.16,0.1610294823638894,2.66766832651528,0.3386000159121913,0.405498635195276,0.017108606972573,0.3900186737205185,0.4238679398573921,0.6641757081162655,0.3386000159121913,4,0.5868368257640714,53.0686174771948,0.2992382401850342,49.718659304628446,90.43164155231494,0.8919285194200927,1.086734862526058,0.9692898169350648,0.5984764803700684,0.9592641193252642,20.698587737498276,0.0863208959974116,20.765765626801915,0.0567615711587713,0.1199999999999997,-0.165,-0.7406335433246003,-0.0600000000000001,-0.0208569917423565,-1.21221825503463,-0.0161822634666358,-1.8170135711760655,0.0104153454868315,38.932806953735714,2.5,False
stress_tau_sd_0.160_figS_tau_spread_constraint_source_data_profile_tau_sd_0.160,figS_tau_spread_constraint_source_data_profile_tau_sd_0.160,0.16,0.1610294823638894,,0.4807657987562039,0.4823095179866956,0.0047050685730399,0.4769497749720799,0.4857591533473814,0.6211974063144287,0.4807657987562039,6,0.4934689831238762,46.6009370461738,0.3535533905932738,49.718659304628446,94.435392374956,0.9314175686297032,0.9138314502294004,0.8511586675100237,0.7071067811865476,0.9592641193252642,19.936184539960905,0.0840896415253714,17.53684630799576,0.1837188935444602,-0.1300000000000002,-0.1025,-0.5,-0.0600000000000002,-0.0749999999999999,-1.25,-0.2599999999999999,-0.1224999999999999,0.0104153454868315,46.30758706914656,2.5,False
stress_tau_sd_0.160_figS_tau_spread_constraint_source_data_profile_tau_sd_0.130,figS_tau_spread_constraint_source_data_profile_tau_sd_0.130,0.16,0.1610294823638894,,0.4568012910864524,0.5155494876403311,0.0177706518714869,0.4964329643526518,0.5315664620801768,0.6934287526314429,0.4568012910864524,4,0.5868368257640714,57.87173772073557,0.5946035575013605,49.718659304628446,98.61640439041228,0.9726549474122854,1.086734862526058,1.0570180405613805,1.189207115002721,0.9592641193252642,21.74056340066893,0.1414213562373095,19.5259037948764,0.1361314116499473,0.1199999999999998,-0.0400000000000001,0.25,-0.0600000000000002,0.0500000000000001,-0.4999999999999999,-0.1050000000000001,-0.5549999999999999,0.0104153454868315,49.49902893688506,2.5,False
stress_tau_sd_0.160_figS_tau_spread_constraint_source_data_full_fit_02,figS_tau_spread_constraint_source_data_full_fit_02,0.16,0.1610294823638894,,0.4901786781941203,0.5513720477744628,0.0098506184344852,0.5435334952603019,0.5624294263286441,0.7052503721390395,0.4901786781941203,6,0.5787576697695983,57.871737720735574,0.5452538663326288,52.91905847540383,99.99303809446558,0.9862327044933592,1.0717734625362931,1.0570180405613805,1.0905077326652577,1.0210121257071934,21.74056340066893,0.1399585865595196,20.109668894670047,0.1849967595048737,0.0999999999999999,-0.0200000000000001,0.125,0.0300000000000001,0.0500000000000001,-0.515,-0.0625,-0.1124999999999998,0.0104153454868315,52.93843094034459,2.5,False
stress_tau_sd_0.160_joint2019_shared_eta_beta_epsilon_65_100_n100k,joint2019_shared_eta_beta_epsilon_65_100_n100k,0.16,0.1610294823638894,,0.5285623263883393,0.5979051848497027,0.0072629882874941,0.5897222257523456,0.6035873825294504,0.8869572413406526,0.5285623263883393,4,0.5787576697695983,57.871737720735574,0.5,62.93172085819528,99.99303809446558,0.9862327044933592,1.0717734625362931,1.0570180405613805,1.0,1.214194884395047,21.74056340066893,0.1283425897562904,26.079014053543165,0.1624504792712471,0.0999999999999999,-0.0200000000000001,0.0,0.2800000000000001,0.0500000000000001,-0.64,0.3125,-0.2999999999999999,0.0104153454868315,57.40617875860689,2.5,False
stress_tau_sd_0.160_random_10,random_10,0.16,0.1610294823638894,,11.20397666944094,11.277254779710583,1.2457728598273772e-10,11.27725477959266,11.27725477984089,11.2772547819426,11.20397666944094,7,1.032269955479672,26.165175954866683,0.7682466789480537,120.91030218950628,25.34722222222222,0.25,1.911611028666059,0.4779027571665147,1.5364933578961073,2.332824661190551,12.266804430130808,0.5446556261567981,21.416370627674144,0.0738317564344218,0.9347889960679796,-2.0,0.6196415303210091,1.2220778761446227,-0.7756298599212592,1.4453443336162566,0.0283246834244703,-1.43768661469753,0.0104153454868315,1082.7537880494458,2.5,False
stress_tau_sd_0.160_baseline_tau_-2.0,baseline_tau_-2.0,0.16,0.1610294823638894,,11.203976671839122,11.277254780179916,1.4947627460116888e-10,11.277254780088136,11.277254780352395,11.277254782065048,11.203976671839122,12,0.54,13.6875,0.5,67.21519411756182,25.34722222222222,0.25,1.0,0.25,1.0,1.2968395546510096,14.8492424049175,0.2,15.17439847325899,0.19571441241754,0.0,-2.0,0.0,0.375,-0.5,0.0,-0.46875,-0.03125,0.0104153454868315,1082.7537880945074,2.5,False
stress_tau_sd_0.160_random_18,random_18,0.16,0.1610294823638894,,11.277254777930034,11.27725478095527,1.8139595875388592e-10,11.277254780747144,11.277254781079757,11.277254782085867,11.277254777930034,13,0.6216476256802429,15.757040512033932,1.3564559722946006,36.36218951763923,25.34722222222222,0.25,1.1511993068152646,0.2877998267038161,2.712911944589201,0.7015664579903382,9.334354345101112,0.3669560010588139,12.982606591827182,0.4333930530820721,0.203137628484732,-2.0,1.439842221535688,-0.5113483209470343,-1.169767187722594,0.8756070906989235,-0.6938092573765947,1.1156760284561185,0.0104153454868315,1082.753788168951,2.5,False
stress_tau_sd_0.160_random_00,random_00,0.16,0.1610294823638894,,11.27725478207202,12.358216686106886,1.8722809388320791,11.27725478207347,14.520140494173498,11.277254782091674,11.27725478207202,13,0.5992644605595704,15.189689451683554,1.254412480689283,28.37106840171302,25.34722222222222,0.25,1.1097490010362414,0.2774372502590603,2.508824961378566,0.5473870036988814,15.213786042880088,0.3036913793470324,41.059165578855634,0.4415284339571725,0.1502334099914954,-2.0,1.3270118186306192,-0.8693669128731188,-0.4650101067427092,0.6026059564151409,0.9673149808147584,1.142506348877379,0.0104153454868315,1186.5392945180497,2.5,False
stress_tau_sd_0.160_random_03,random_03,0.16,0.1610294823638894,,11.25937563974242,13.263905599294125,0.5356674339518471,12.945160291132696,13.882343250069605,11.277254782016325,11.25937563974242,4,0.2921985572132205,7.696635047976962,0.1785067216286677,35.27443283178399,26.340427965770697,0.2597960018541767,0.5411084392837416,0.1405778090954696,0.3570134432573354,0.6805794488092609,32.52348341457134,0.1068441255611757,11.011349914631188,0.1281886276845246,-0.8860103527023567,-1.94454886637076,-1.4859496952673332,-0.5551645074231277,0.6310924570673755,-0.9044924112043335,-0.9313979838062568,-0.6417317217476053,0.0104153454868315,1273.49645924507,2.5,False
stress_tau_sd_0.200_carry_tau_sd_0.160,carry_tau_sd_0.160,0.2,0.2020167671070602,,0.53019541126594,0.5895131506826775,0.023176440410981,0.5654978049205499,0.6117479818233876,0.7818640050058566,0.53019541126594,3,0.6978705285442458,63.10957748723781,0.2992382401850342,59.12578339346038,90.43164155231494,0.8919285194200927,1.292352830637492,1.1526863467988642,0.5984764803700684,1.1407637158684234,20.698587737498276,0.0863208959974116,20.765765626801915,0.0567615711587713,0.3699999999999998,-0.165,-0.7406335433246003,0.1899999999999998,-0.0208569917423565,-1.21221825503463,-0.0161822634666358,-1.8170135711760655,0.0104153454868315,56.60044128425854,2.5,False
stress_tau_sd_0.200_carry_tau_sd_0.000,carry_tau_sd_0.000,0.2,0.2020167671070602,,0.5452315967800505,0.6380175484123835,0.0241445699604432,0.6203638608220392,0.665531841054887,10.158871830270634,0.5452315967800505,9,0.51531672151738,46.60093704617381,0.4788016403492868,49.718659304628446,90.43164155231494,0.8919285194200927,0.9542902250321852,0.8511586675100238,0.9576032806985736,0.9592641193252642,21.74056340066893,0.1090507732665257,19.970761265020418,0.1613283518444253,-0.0675000000000001,-0.1650000000000001,-0.0625,-0.0600000000000002,0.0500000000000001,-0.875,-0.0724999999999999,-0.3099999999999999,0.0104153454868315,61.25745413045087,2.5,False
stress_tau_sd_0.200_de_best,de_best,0.2,0.2020167671070602,6.028866001060083,0.6037139664615437,0.675134092623037,0.0120633474180216,0.6619609684150897,0.6856418726346745,0.8378491790477172,0.6037139664615437,8,0.5868368257640714,54.95210899383131,0.2614668010078143,41.8082423804828,93.64120754058465,0.923584512729054,1.086734862526058,1.003691488471805,0.5229336020156287,0.8066417592221262,17.887926225412425,0.2804126359346723,16.081358969491024,0.0510948574327058,0.1199999999999997,-0.1146841136293015,-0.935300318824284,-0.3100000000000001,-0.2314031846452378,0.4875513614367941,-0.3849999999999998,-1.96875,0.0104153454868315,64.8210943627966,2.5,False
stress_tau_sd_0.200_hybrid2019_swe_tail90_usa_refit,hybrid2019_swe_tail90_usa_refit,0.2,0.2020167671070602,,0.655938730179929,0.6942621927866407,0.0081182573392411,0.6873224484935917,0.703189725978564,10.26038626949435,0.655938730179929,5,0.5868368257640714,57.87173772073557,0.5946035575013605,49.718659304628446,98.61640439041228,0.9726549474122854,1.086734862526058,1.0570180405613805,1.189207115002721,0.9592641193252642,17.506483583953557,0.1414213562373095,20.854942404177756,0.1613283518444253,0.1199999999999998,-0.0400000000000001,0.25,-0.0600000000000002,-0.2624999999999999,-0.4999999999999999,-0.0099999999999999,-0.3099999999999999,0.0104153454868315,66.65762491166682,2.5,False
stress_tau_sd_0.200_figS_tau_spread_constraint_source_data_full_fit_02,figS_tau_spread_constraint_source_data_full_fit_02,0.2,0.2020167671070602,,0.6822663799549757,0.7143557833986929,0.0184576271453265,0.6989820535728474,0.7348262441776984,1.005282623705022,0.6822663799549757,3,0.5787576697695983,57.871737720735574,0.5,52.91905847540383,99.99303809446558,0.9862327044933592,1.0717734625362931,1.0570180405613805,1.0,1.0210121257071934,18.28156182921861,0.1399585865595196,21.0,0.1366040256754395,0.0999999999999999,-0.0200000000000001,0.0,0.0300000000000001,-0.1999999999999999,-0.515,0.0,-0.5499999999999998,0.0104153454868315,68.5868543008846,2.5,False
stress_tau_sd_0.200_figS_tau_spread_constraint_source_data_profile_tau_sd_0.200,figS_tau_spread_constraint_source_data_profile_tau_sd_0.200,0.2,0.2020167671070602,,0.6035377847240209,0.7258456160083667,0.0504582954563024,0.6812284839857861,0.7806045014004462,0.7891802733889836,0.6035377847240209,3,0.3441313693762008,34.410741127535054,0.4585020216023356,52.91905847540383,99.99303809446558,0.9862327044933592,0.6372803136596311,0.6285066872609142,0.9170040432046712,1.0210121257071934,21.74056340066893,0.1399585865595196,21.0,0.0965936328924845,-0.65,-0.0200000000000001,-0.125,0.0300000000000001,0.0500000000000001,-0.515,0.0,-1.0499999999999998,0.0104153454868315,69.6900181492851,2.5,False
stress_tau_sd_0.200_random_05,random_05,0.2,0.2020167671070602,,11.20397666944094,11.203976641382203,1.993811605694612e-08,11.203976629870926,11.203976664404756,11.20397666944094,11.20397666944094,1,0.5833932069799156,15.927668374738936,0.4083074867649688,120.83384979892207,27.301772088147192,0.2692777521022736,1.080357790703547,0.2909163173468299,0.8166149735299377,2.3313496005966057,15.454548546438884,0.0562181942567914,18.503983693578167,0.0686274369706031,0.1115091803424915,-1.892833056498271,-0.2922720736880821,1.2211653619222114,-0.4423578166474876,-1.8308909801696485,-0.1825534281624324,-1.543142619542133,0.0104153454868315,1075.7181944226163,2.5,False
stress_tau_sd_0.200_random_15,random_15,0.2,0.2020167671070602,,11.20397666944094,11.25282872336669,0.0423071179960125,11.203976671439424,11.277254767689632,14.520074200841073,11.20397666944094,8,0.3914601602253922,13.91035305194832,0.3725008291001667,146.59737787559504,35.534530624876645,0.3504775623275505,0.7249262226396153,0.2540703753780515,0.7450016582003335,2.8284271247461903,12.921939946018526,0.3323962859759614,23.04718523773302,0.0604221997141787,-0.4640939185846199,-1.5126060094387426,-0.4246844582055354,1.5,-0.7005666525650952,0.7329042622707213,0.1342012365797007,-1.7268493875019244,0.0104153454868315,1080.4085891912057,2.5,False
stress_tau_sd_0.200_baseline_tau_-2.0,baseline_tau_-2.0,0.2,0.2020167671070602,,11.277254779921533,11.277254781404368,4.789137439077712e-11,11.277254781352894,11.27725478144761,11.27725478206711,11.277254779921533,9,0.54,13.6875,0.5,73.29868893779752,25.34722222222222,0.25,1.0,0.25,1.0,1.4142135623730951,17.280432520616632,0.2,16.19321366678338,0.2043794297308233,0.0,-2.0,0.0,0.5,-0.28125,0.0,-0.375,0.03125,0.0104153454868315,1082.7537882120698,2.5,False
stress_tau_sd_0.200_random_17,random_17,0.2,0.2020167671070602,,11.273755947163188,18.2838117970834,3.970250700579916,13.86083409921226,21.53973438664409,20.38693541938616,11.273755947163188,3,0.4203027805407201,20.71594898632356,1.2592000305707576,79.15211826259204,49.28815593290262,0.4861297571464368,0.778338482482815,0.378373497467097,2.518400061141515,1.5271487220257003,22.552698533651885,0.1006184556210186,10.65457179112448,0.0704066154868038,-0.3615304065106092,-1.0405866472993774,1.332507480983672,0.6108405664445716,0.1029107409857407,-0.9911050488238432,-0.9789167157407718,-1.5062171023656683,0.0104153454868315,1755.4685843307036,2.5,False
stress_tau_sd_0.250_random_07,random_07,0.25,0.2539575927548915,,0.5919200534376895,0.698513398580773,0.0107137843931624,0.6863280586482277,0.7064562831479522,1.2915821561551868,0.5919200534376895,4,0.2349921306737167,16.37051488571236,0.4249381996271514,21.381682764334023,69.66409827758271,0.6870979556145144,0.4351706123587346,0.2990048380952029,0.8498763992543029,0.4125348787253333,29.177468797887503,0.1174298999829879,42.68472072290177,0.200950428470384,-1.2003469620947462,-0.5414123044244645,-0.2346750549887681,-1.2774119943487228,0.4744654041948061,-0.7682002059898414,1.0233304121626523,0.0068396535421624,0.0104153454868315,67.0657924371231,2.5,False
stress_tau_sd_0.250_tau_cv010_stress_refit_candidates_stress_random_18,tau_cv010_stress_refit_candidates_stress_random_18,0.25,0.2539575927548915,,0.7094842071599596,0.8304275132987599,0.0478775425283646,0.7761194594159856,0.8665389696233259,1.0661710205063597,0.7094842071599596,7,0.5976225715367414,47.25655399836003,0.5111332743657568,18.32467223444938,79.07424560093735,0.7799103675708889,1.1067084658087802,0.8631334063627404,1.0222665487315137,0.3535533905932738,27.806055917497716,0.2964134908761669,23.774455344332804,0.4419643267909223,0.1462752308596855,-0.358619765388636,0.031771417796674,-1.5,0.4050097957289221,0.5676111115344853,0.1790229624675965,1.1439299269949923,0.0104153454868315,79.73115383917835,2.5,False
stress_tau_sd_0.250_tau_cv010_stress_refit_candidates_joint2019_tail90_sweden_emphasis,tau_cv010_stress_refit_candidates_joint2019_tail90_sweden_emphasis,0.25,0.2539575927548915,,0.7494556964945102,0.8627740123069599,0.023705695657996,0.8364882418570208,0.8825315562925429,0.95127727140282,0.7494556964945102,4,0.5868368257640714,55.41816590110378,0.6010783657263515,59.12578339346038,94.435392374956,0.9314175686297032,1.086734862526058,1.0122039433991556,1.202156731452703,1.1407637158684234,21.74056340066893,0.1,17.905332727127092,0.2099433367246134,0.1199999999999998,-0.1025000000000001,0.265625,0.1899999999999998,0.0500000000000001,-1.0,-0.2300000000000001,0.0699999999999999,0.0104153454868315,82.83681164468241,2.5,False
stress_tau_sd_0.250_carry_tau_sd_0.025,carry_tau_sd_0.025,0.25,0.2539575927548915,,0.7724220275480993,0.94629470876321,0.0210075473139322,0.9230169172437804,0.963843372761239,1.405425441897519,0.7724220275480993,7,0.5868368257640714,57.87173772073557,0.5,59.12578339346038,98.61640439041228,0.9726549474122854,1.086734862526058,1.0570180405613805,1.0,1.1407637158684234,18.28156182921861,0.09785720620877,21.77826958671657,0.1416666332281178,0.1199999999999998,-0.0400000000000001,0.0,0.1899999999999997,-0.1999999999999999,-1.03125,0.0525,-0.4974999999999999,0.0104153454868315,90.85581558092704,2.5,False
stress_tau_sd_0.250_figS_tau_spread_constraint_source_data_profile_tau_sd_0.250,figS_tau_spread_constraint_source_data_profile_tau_sd_0.250,0.25,0.2539575927548915,,0.8911336562776077,0.9766538591600408,0.0262739683793184,0.9484789953542784,1.0004857357132075,6.178701881551649,0.8911336562776077,3,0.5787576697695983,57.871737720735574,0.5946035575013605,52.91905847540383,99.99303809446558,0.9862327044933592,1.0717734625362931,1.0570180405613805,1.189207115002721,1.0210121257071934,15.372899807429068,0.1079228236504427,21.0,0.2732080513508791,0.0999999999999999,-0.0200000000000001,0.25,0.0300000000000001,-0.4499999999999999,-0.89,0.0,0.45,0.0104153454868315,93.77066371872668,2.5,False
stress_tau_sd_0.250_joint2019_tail90_sweden_emphasis,joint2019_tail90_sweden_emphasis,0.25,0.2539575927548915,,0.8973649823473941,1.0445365451574504,0.0123688603161512,1.0354364916606924,1.0586196970643265,1.1522221164161612,0.8973649823473941,5,0.5868368257640714,57.87173772073557,0.5,49.718659304628446,98.61640439041228,0.9726549474122854,1.086734862526058,1.0570180405613805,1.0,0.9592641193252642,19.936184539960905,0.1,21.293149075590613,0.2099433367246134,0.1199999999999998,-0.0400000000000001,0.0,-0.0600000000000002,-0.0749999999999999,-1.0,0.0199999999999999,0.0699999999999999,0.0104153454868315,100.28822821845792,2.5,False
stress_tau_sd_0.250_figS_tau_spread_constraint_source_data_full_fit_02,figS_tau_spread_constraint_source_data_full_fit_02,0.25,0.2539575927548915,,0.972710176402635,1.0858786608893805,0.0242960511360539,1.05782924229958,1.100373145009467,1.0778310789898673,0.972710176402635,3,0.5787576697695983,57.871737720735574,0.5,52.91905847540383,99.99303809446558,0.9862327044933592,1.0717734625362931,1.0570180405613805,1.0,1.0210121257071934,19.936184539960905,0.1664397469423049,21.0,0.1624504792712471,0.0999999999999999,-0.0200000000000001,0.0,0.0300000000000001,-0.0749999999999999,-0.265,0.0,-0.2999999999999999,0.0104153454868315,104.25757477390346,2.5,False
stress_tau_sd_0.250_random_13,random_13,0.25,0.2539575927548915,,11.20397666944094,11.27725474690758,1.6585468381521943e-08,11.277254737280543,11.277254766058736,23.3382725646701,11.20397666944094,7,0.7173595835323655,33.63244122870666,1.3642878743154825,143.81670676374836,46.883657792785655,0.4624141590521325,1.3284436732080842,0.6142911639946422,2.7285757486309645,2.7747772865859224,14.295381572026496,0.1859512140277316,11.924679520309615,0.2013410400456965,0.4097370580082253,-1.112742521266865,1.4481480952617112,1.4723719803159607,-0.5548401990225311,-0.1050758330338557,-0.8164388340440852,0.009641271790699,0.0104153454868315,1082.753784899958,2.5,False
stress_tau_sd_0.250_baseline_tau_-2.0,baseline_tau_-2.0,0.25,0.2539575927548915,,11.203976672969034,11.277254776833855,8.718049238098304e-10,11.277254775860747,11.27725477754366,11.277254782071177,11.203976672969034,13,0.54,13.6875,0.5,51.83,25.34722222222222,0.25,1.0,0.25,1.0,1.0,10.5,0.2,15.84622648973094,0.2,0.0,-2.0,0.0,0.0,-1.0,0.0,-0.40625,0.0,0.0104153454868315,1082.753787773245,2.5,False
stress_tau_sd_0.250_de_best,de_best,0.25,0.2539575927548915,11.20397667195903,11.20397666944094,11.277254778268764,3.213639625037756e-10,11.27725477790024,11.277254778490674,11.203976672318756,11.20397666944094,2,0.2001263634216638,11.15792119906352,0.4822166987869765,146.59737787559504,55.754379424533475,0.5499062080227959,0.3706043767067848,0.2037976474714798,0.964433397573953,2.8284271247461903,19.209145173626283,0.1859512140277316,18.767218270588792,0.2572959638247449,-1.432048175702731,-0.8627425212668647,-0.0522464836814227,1.5,-0.128596008846849,-0.1050758330338557,-0.1621745021570726,0.3634288258408673,0.0104153454868315,1082.7537879110137,2.5,False
