date,task,artifact_type,status,path,source_script,input_paths,description,notes
2026-09-28,figure1,figure,cached,Figures/Figure1/Fig1.png,analysis/figures/figure1_schematic/render_fp_panel.py,results/figure1,figure1,Numeric panel exported separately to tmp/figure1; schematics preserved.
2026-09-28,figure2,figure,cached,Figures/Figure2/Fig2.png,analysis/figures/figure2/plot_fig2_fp.py,results/tables/fig2_fokker_planck,figure2,Complete FP composite regenerated from saved tables.
2026-09-28,figure3,figure,cached,Figures/Figure3/Fig3.png,analysis/figures/figure3/render_nhanes.py,results/nhanes/figure3,figure3,NHANES delayed-entry likelihood analysis and saved survival summaries.
2026-09-28,figure4,figure,cached,Figures/Figure4/Fig4.png,analysis/figures/figure4/render_current_history.py,results/historical,figure4,Sweden direct Q fits.
2026-09-28,figure5,figure,cached,Figures/Figure5/Fig5.png,analysis/figures/figure5/render_lifespan.py,results/historical,figure5,Age-20-conditioned lifespan fits and forecasts.
2026-09-28,figure6,figure,cached,Figures/Figure6/Fig6.png,analysis/figures/figure6_progeria/plot_fig6.py,results/progeria; data/hgps,figure6,HGPS likelihood and ten-model AIC.
2026-09-28,extended_data_figure1,figure,cached,Figures/ExtendedDataFigure1/ExtDataFig1.png,analysis/figures/extended_data/render_senogenic_profile.py,results/senogenic_heterogeneity,extended data figure1,Senogenic heterogeneity Q profile.
2026-09-28,extended_data_figure2,figure,cached,Figures/ExtendedDataFigure2/ExtDataFig2.png,analysis/figures/extended_data/render_nhanes_aic.py,results/nhanes,extended data figure2,Paired AIC stability.
2026-09-28,extended_data_figure3,figure,cached,Figures/ExtendedDataFigure3/ExtDataFig3.png,analysis/figures/figure4/render_current_history.py,results/historical,extended data figure3,Denmark direct Q fits.
2026-09-29,extended_data_figure4,figure,cached,Figures/ExtendedDataFigure4/ExtDataFig4.png,analysis/figures/extended_data/render_fedichev_constraints.py,results/fedichev_gruber,extended data figure4,Fedichev-Gruber; 300000 individuals per curve.
2026-10-02,supplementary_figure1,figure,cached,Figures/Supplementary/SuppFig1.png,analysis/figures/supplementary/render_parameter_shifts.py,results/tables/fig2_fokker_planck/tails_factor.csv,supplementary figure1,Homogeneous mean-parameter shifts and upper-tail response; saved FP sweep.
2026-10-02,supplementary_figure2,figure,cached,Figures/Supplementary/SuppFig2.png,analysis/figures/supplementary/render_gompertz_constraints.py,analysis/model_fits/supplementary/check_si.py,supplementary figure2,Revised numerical constraints and fixed-mean heterogeneity comparisons; saved production and refined FP grids.
2026-10-02,supplementary_figure3,figure,cached,Figures/Supplementary/SuppFig3.png,analysis/figures/supplementary/render_nhanes_likelihood.py,results/nhanes/survival_curves.csv,supplementary figure3,Cleaned likelihood cohort; unsupported early ages remain missing.
2026-10-02,supplementary_figure4,figure,cached,Figures/Supplementary/SuppFig4.png,analysis/figures/supplementary/render_fedichev_minimal_model.py,results/tables/supp_figure3_fedichev_minimal_model_source.csv,supplementary figure4,Fedichev-Gruber; 300000 individuals per curve.
2026-10-02,supplementary_figure5,figure,cached,Figures/Supplementary/SuppFig5.png,analysis/figures/supplementary/render_healthspan_morbidity.py,results/supplementary4_fp,supplementary figure5,Tagged joint FP first passage; adopted refined grid and saved numerical comparisons.
2026-09-28,extended_data_table1,table,cached,results/nhanes/extended_data_table1.csv,analysis/figures/extended_data/render_nhanes_aic.py,results/nhanes,extended data table1,Parameter factors and AIC/bootstrap support; not projection distances.
2026-09-28,table_m1,table,cached,results/tables/tableM1_source.csv,analysis/tables/export_table_m1.py,results/historical/joint_covariance.json; results/historical/dispersion.json; analysis/model_fits/nhanes/inputs/best_constrained_fit.json; results/nhanes/bootstrap/baseline_precision,Table M1,14 parameter rows; saved covariance intervals and 100 NHANES bootstrap draws; no SR refit.
2026-09-28,supplementary_table1,table,cached,results/tables/supplementaryTable1_source.csv,analysis/tables/export_supplementary_table1.py,data/nhanes; results/nhanes/figure3/exposure_km_points.csv; analysis/model_fits/nhanes/inputs/groups.json; results/nhanes/bootstrap/baseline_precision,Supplementary Table 1,24 absolute KM summaries; cohort prepared from bundled inputs; 100 paired PSU draws with statistic-specific valid counts; no SR refit.
