tolerance_fraction,hazard_cv,eta_cv,beta_cv,Xc_cv,epsilon_cv
0.0,0.0,0.0,0.0,0.0,0.0
0.005,0.05773502691896258,0.006415002990995842,0.007216878364870323,0.05773502691896258,0.05773502691896258
0.01,0.08164965809277261,0.00907218423253029,0.010206207261596576,0.08164965809277261,0.08164965809277261
0.015,0.1,0.011111111111111112,0.0125,0.1,0.1
0.02,0.11547005383792516,0.012830005981991684,0.014433756729740645,0.11547005383792516,0.11547005383792516
0.025,0.12909944487358058,0.014344382763731175,0.016137430609197572,0.12909944487358058,0.12909944487358058
0.03,0.1414213562373095,0.015713484026367724,0.017677669529663688,0.1414213562373095,0.1414213562373095
0.035,0.1527525231651947,0.01697250257391052,0.019094065395649337,0.1527525231651947,0.1527525231651947
0.04,0.16329931618554522,0.01814436846506058,0.020412414523193152,0.16329931618554522,0.16329931618554522
0.045,0.17320508075688773,0.019245008972987525,0.021650635094610966,0.17320508075688773,0.17320508075688773
0.05,0.18257418583505539,0.020286020648339488,0.022821773229381923,0.18257418583505539,0.18257418583505539
0.055,0.19148542155126763,0.02127615795014085,0.023935677693908454,0.19148542155126763,0.19148542155126763
0.06,0.2,0.022222222222222223,0.025,0.2,0.2
0.065,0.2081665999466133,0.023129622216290367,0.026020824993326662,0.2081665999466133,0.2081665999466133
0.07,0.2160246899469287,0.024002743327436522,0.027003086243366087,0.2160246899469287,0.2160246899469287
0.075,0.22360679774997896,0.024845199749997663,0.02795084971874737,0.22360679774997896,0.22360679774997896
0.08,0.23094010767585033,0.02566001196398337,0.02886751345948129,0.23094010767585033,0.23094010767585033
0.085,0.23804761428476168,0.026449734920529076,0.02975595178559521,0.23804761428476168,0.23804761428476168
0.09,0.2449489742783178,0.027216552697590865,0.030618621784789725,0.2449489742783178,0.2449489742783178
0.095,0.2516611478423584,0.027962349760262042,0.0314576434802948,0.2516611478423584,0.2516611478423584
0.1,0.25819888974716115,0.02868876552746235,0.032274861218395144,0.25819888974716115,0.25819888974716115
0.105,0.2645751311064591,0.029397236789606564,0.033071891388307385,0.2645751311064591,0.2645751311064591
0.11,0.27080128015453203,0.030089031128281336,0.033850160019316504,0.27080128015453203,0.27080128015453203
0.115,0.27688746209726917,0.03076527356636324,0.034610932762158646,0.27688746209726917,0.27688746209726917
0.12,0.282842712474619,0.03142696805273545,0.035355339059327376,0.282842712474619,0.282842712474619
0.125,0.2886751345948129,0.03207501495497921,0.036084391824351615,0.2886751345948129,0.2886751345948129
0.13,0.2943920288775949,0.03271022543084388,0.036799003609699364,0.2943920288775949,0.2943920288775949
0.135,0.30000000000000004,0.03333333333333334,0.037500000000000006,0.30000000000000004,0.30000000000000004
0.14,0.3055050463303894,0.03394500514782104,0.03818813079129867,0.3055050463303894,0.3055050463303894
0.145,0.3109126351029605,0.034545848344773394,0.038864079387870065,0.3109126351029605,0.3109126351029605
0.15,0.31622776601683794,0.03513641844631533,0.03952847075210474,0.31622776601683794,0.31622776601683794
0.155,0.32145502536643183,0.035717225040714645,0.04018187817080398,0.32145502536643183,0.32145502536643183
0.16,0.32659863237109044,0.03628873693012116,0.040824829046386304,0.32659863237109044,0.32659863237109044
0.165,0.33166247903554,0.03685138655950445,0.0414578098794425,0.33166247903554,0.33166247903554
0.17,0.33665016461206926,0.037405573845785474,0.04208127057650866,0.33665016461206926,0.33665016461206926
0.17500000000000002,0.34156502553198664,0.037951669503554074,0.04269562819149833,0.34156502553198664,0.34156502553198664
0.18,0.34641016151377546,0.03849001794597505,0.04330127018922193,0.34641016151377546,0.34641016151377546
0.185,0.3511884584284246,0.03902093982538051,0.043898557303553076,0.3511884584284246,0.3511884584284246
0.19,0.35590260840104376,0.03954473426678264,0.04448782605013047,0.35590260840104376,0.35590260840104376
0.195,0.36055512754639896,0.040061680838488774,0.04506939094329987,0.36055512754639896,0.36055512754639896
0.2,0.36514837167011077,0.040572041296678976,0.045643546458763846,0.36514837167011077,0.36514837167011077
0.20500000000000002,0.3696845502136473,0.041076061134849705,0.046210568776705915,0.3696845502136473,0.3696845502136473
0.21,0.37416573867739417,0.04157397096415491,0.04677071733467427,0.37416573867739417,0.37416573867739417
0.215,0.37859388972001823,0.04206598774666869,0.04732423621500228,0.37859388972001823,0.37859388972001823
0.22,0.38297084310253526,0.0425523159002817,0.04787135538781691,0.38297084310253526,0.38297084310253526
0.225,0.3872983346207417,0.04303314829119352,0.04841229182759271,0.3872983346207417,0.3872983346207417
0.23,0.3915780041490244,0.043508667127669376,0.04894725051862805,0.3915780041490244,0.3915780041490244
0.23500000000000001,0.39581140290126393,0.043979044766807106,0.04947642536265799,0.39581140290126393,0.39581140290126393
0.24,0.4,0.044444444444444446,0.05,0.4,0.4
0.245,0.40414518843273806,0.044905020936970894,0.05051814855409226,0.40414518843273806,0.40414518843273806
0.25,0.408248290463863,0.045360921162651446,0.05103103630798288,0.408248290463863,0.408248290463863
0.255,0.41231056256176607,0.04581228472908512,0.05153882032022076,0.41231056256176607,0.41231056256176607
0.26,0.4163331998932266,0.04625924443258073,0.052041649986653324,0.4163331998932266,0.4163331998932266
0.265,0.4203173404306164,0.04670192671451293,0.05253966755382705,0.4203173404306164,0.4203173404306164
0.27,0.42426406871192857,0.047140452079103175,0.05303300858899107,0.42426406871192857,0.42426406871192857
0.275,0.4281744192888377,0.047574935476537523,0.05352180241110471,0.4281744192888377,0.4281744192888377
0.28,0.4320493798938574,0.048005486654873045,0.054006172486732174,0.4320493798938574,0.4320493798938574
0.28500000000000003,0.4358898943540674,0.048432210483785265,0.05448623679425842,0.4358898943540674,0.4358898943540674
0.29,0.43969686527576396,0.04885520725286266,0.054962108159470495,0.43969686527576396,0.43969686527576396
0.295,0.443471156521669,0.04927457294685211,0.05543389456520863,0.443471156521669,0.443471156521669
0.3,0.4472135954999579,0.049690399499995326,0.05590169943749474,0.4472135954999579,0.4472135954999579
0.305,0.4509249752822894,0.05010277503136549,0.05636562191028618,0.4509249752822894,0.4509249752822894
0.31,0.4546060565661952,0.05051178406291058,0.0568257570707744,0.4546060565661952,0.4546060565661952
0.315,0.45825756949558405,0.050917507721731564,0.057282196186948006,0.45825756949558405,0.45825756949558405
0.32,0.46188021535170065,0.05132002392796674,0.05773502691896258,0.46188021535170065,0.46188021535170065
0.325,0.4654746681256314,0.0517194075695146,0.05818433351570392,0.4654746681256314,0.4654746681256314
0.33,0.469041575982343,0.052115730664704776,0.05863019699779287,0.469041575982343,0.469041575982343
0.335,0.47258156262526085,0.052509062513917876,0.05907269532815761,0.47258156262526085,0.47258156262526085
0.34,0.47609522856952335,0.05289946984105815,0.05951190357119042,0.47609522856952335,0.47609522856952335
0.34500000000000003,0.47958315233127197,0.05328701692569689,0.059947894041408996,0.47958315233127197,0.47958315233127197
0.35000000000000003,0.483045891539648,0.05367176572662755,0.060380736442456,0.483045891539648,0.483045891539648
0.355,0.4864839839775475,0.05405377599750528,0.06081049799719344,0.4864839839775475,0.4864839839775475
0.36,0.4898979485566356,0.05443310539518173,0.06123724356957945,0.4898979485566356,0.4898979485566356
0.365,0.49328828623162474,0.05480980958129164,0.06166103577895309,0.49328828623162474,0.49328828623162474
0.37,0.496655480858378,0.05518394231759756,0.06208193510729725,0.496655480858378,0.496655480858378
0.375,0.5,0.05555555555555555,0.0625,0.5,0.5
0.38,0.5033222956847168,0.055924699520524083,0.0629152869605896,0.5033222956847168,0.5033222956847168
0.385,0.5066228051190221,0.05629142279100246,0.06332785063987777,0.5066228051190221,0.5066228051190221
0.39,0.5099019513592785,0.05665577237325317,0.06373774391990981,0.5099019513592785,0.5099019513592785
0.395,0.5131601439446885,0.05701779377163205,0.06414501799308606,0.5131601439446885,0.5131601439446885
0.4,0.5163977794943223,0.0573775310549247,0.06454972243679029,0.5163977794943223,0.5163977794943223
0.405,0.5196152422706632,0.05773502691896258,0.0649519052838329,0.5196152422706632,0.5196152422706632
0.41000000000000003,0.5228129047119375,0.058090322745770834,0.06535161308899219,0.5228129047119375,0.5228129047119375
0.41500000000000004,0.5259911279353168,0.05844345865947964,0.0657488909919146,0.5259911279353168,0.5259911279353168
0.42,0.5291502622129182,0.05879447357921313,0.06614378277661477,0.5291502622129182,0.5291502622129182
0.425,0.5322906474223771,0.05914340526915301,0.06653633092779714,0.5322906474223771,0.5322906474223771
0.43,0.5354126134736337,0.059490290385959294,0.06692657668420421,0.5354126134736337,0.5354126134736337
0.435,0.5385164807134505,0.05983516452371672,0.06731456008918131,0.5385164807134505,0.5385164807134505
0.44,0.5416025603090641,0.06017806225656267,0.06770032003863301,0.5416025603090641,0.5416025603090641
0.445,0.5446711546122731,0.06051901717914146,0.06808389432653414,0.5446711546122731,0.5446711546122731
0.45,0.5477225575051662,0.060858061945018464,0.06846531968814577,0.5477225575051662,0.5477225575051662
0.455,0.5507570547286103,0.06119522830317892,0.06884463184107628,0.5507570547286103,0.5507570547286103
0.46,0.5537749241945383,0.06153054713272648,0.06922186552431729,0.5537749241945383,0.5537749241945383
0.465,0.5567764362830022,0.06186404847588914,0.06959705453537528,0.5567764362830022,0.5567764362830022
0.47000000000000003,0.5597618541248889,0.0621957615694321,0.06997023176561111,0.5597618541248889,0.5597618541248889
0.47500000000000003,0.5627314338711378,0.06252571487457087,0.07034142923389222,0.5627314338711378,0.5627314338711378
0.48,0.565685424949238,0.0628539361054709,0.07071067811865475,0.565685424949238,0.565685424949238
0.485,0.5686240703077328,0.06318045225641475,0.0710780087884666,0.5686240703077328,0.5686240703077328
0.49,0.5715476066494083,0.06350528962771203,0.07144345083117604,0.5715476066494083,0.5715476066494083
0.495,0.5744562646538028,0.06382847385042253,0.07180703308172535,0.5744562646538028,0.5744562646538028
0.5,0.5773502691896258,0.06415002990995843,0.07216878364870323,0.5773502691896258,0.5773502691896258
