grid,age,numerical,absorbing,legacy,barrier_over_noise
production,30,1.2028131017272199e-07,1.1720004121733916e-07,2.204396833675785e-08,18.999248363939504
production,50,3.3016286270581645e-05,3.526072074234423e-05,1.553287358082269e-05,12.579405813210867
production,70,0.005130467717448031,0.005891285109983417,0.010944951380442007,6.341361327687476
production,90,0.20630278867832974,0.09291194161238697,7.712157064623119,0.7784816541962345
quadrature,30,1.2028131017272199e-07,1.1720004121733916e-07,2.204396833675785e-08,18.999248363939504
quadrature,50,3.3016286270581645e-05,3.526072074234423e-05,1.553287358082269e-05,12.579405813210867
quadrature,70,0.005130467717448031,0.005891285109983417,0.010944951380442007,6.341361327687476
quadrature,90,0.20630278867832974,0.09291194161238697,7.712157064623119,0.7784816541962345
refined,30,1.2013318580450535e-07,1.1720004121733916e-07,2.204396833675785e-08,18.999248363939504
refined,50,3.2977902226286174e-05,3.526072074234423e-05,1.553287358082269e-05,12.579405813210867
refined,70,0.005125572823171873,0.005891285109983417,0.010944951380442007,6.341361327687476
refined,90,0.2063802278732907,0.09291194161238697,7.712157064623119,0.7784816541962345
