focal_value,x_mean,x_low,x_high,y_mean,y_low,y_high,n_scenarios,focal_param,curve_type
0.7,1.3831173259626424,1.3724493384692387,1.3931229050862128,0.9545279749652956,0.9373118643537123,0.9702929143926787,9,eta,parameter_factor
0.8,1.225495266831919,1.2189051638466517,1.2305469183091025,0.9719046036989762,0.9601328700871183,0.9816460211917638,11,eta,parameter_factor
0.9,1.100708956718375,1.0978912411959056,1.102859544806755,0.986635092831719,0.9807434855047344,0.9914465727132484,11,eta,parameter_factor
1.0,1.0,1.0,1.0,1.0,1.0,1.0,11,eta,parameter_factor
1.1,0.9169544433724174,0.9153170493883301,0.9191231387295465,1.0123140799525159,1.0075816450483426,1.0182772391029948,11,eta,parameter_factor
1.2,0.847261051175711,0.8443483337118334,0.8511426594646263,1.0238207581265029,1.0143960761405693,1.0358742656496969,11,eta,parameter_factor
1.3,0.7879129927772858,0.7839867837610367,0.7931801978628918,1.0347149532072313,1.0206007985804164,1.0530386454721545,11,eta,parameter_factor
1.4,0.736748114573313,0.7320014461026578,0.7431620213155057,1.0451593440502585,1.0263191323446028,1.0699849005726783,11,eta,parameter_factor
0.6,0.5683424984422941,0.5511732057988845,0.5831900655565336,0.6970559360141066,0.6437195619601963,0.778781216372483,11,beta,parameter_factor
0.7,0.6724190020401692,0.6556556377873184,0.6860709137516574,0.7576167118237165,0.7220421957291723,0.8024816376411757,11,beta,parameter_factor
0.8,0.7800139475691119,0.7670309158277258,0.7902312453319069,0.8330327326899206,0.8106914817008246,0.8558481488240379,11,beta,parameter_factor
0.9,0.8894576105326909,0.8822734754433046,0.8949309447097356,0.9149511650027083,0.9046902410469227,0.9259597894827756,11,beta,parameter_factor
1.0,1.0,1.0,1.0,1.0,1.0,1.0,11,beta,parameter_factor
1.1,1.111254437157658,1.1053804528713536,1.1194138741749238,1.0866242797299974,1.078598839902646,1.0947464810381509,11,beta,parameter_factor
1.2,1.2229726255239655,1.2110004587027208,1.2398418354917935,1.1737208972231985,1.1605709174470913,1.188849360177247,11,beta,parameter_factor
1.3,1.3351299157089387,1.316686824861816,1.3614343198441308,1.2597754374071433,1.2432791501433786,1.2826014735985374,9,beta,parameter_factor
1.4,1.447437281434869,1.4225598721531614,1.4828761912493362,1.345590924336921,1.3270782319368248,1.3744501130627473,9,beta,parameter_factor
0.6,0.7200549748790255,0.6549914776480733,0.7771666376486112,0.5280336684645565,0.4856517654065259,0.58581395391954,11,Xc,parameter_factor
0.7,0.8146106478784414,0.7632154793724352,0.8564879519136503,0.6282130249546148,0.5989868217117567,0.6591038853693811,11,Xc,parameter_factor
0.8,0.8907854403492724,0.8574929636240475,0.9170357020170304,0.746174238039682,0.7269200987998333,0.7671039080965564,11,Xc,parameter_factor
0.9,0.9513503755414136,0.9355824729047529,0.9634295973522129,0.8715184637023426,0.862734254169511,0.8824746540884834,11,Xc,parameter_factor
1.0,1.0,1.0,1.0,1.0,1.0,1.0,11,Xc,parameter_factor
1.1,1.0396932242306243,1.029650636909274,1.0535650141061652,1.1297298378487204,1.1201590047132672,1.140095672209921,11,Xc,parameter_factor
1.2,1.0725180621124577,1.0541596055318865,1.0980932012220967,1.2585216399860644,1.2372850990275803,1.282688552324469,11,Xc,parameter_factor
1.3,1.100036194522293,1.0747390624280788,1.1353249094911193,1.3847570713759814,1.3498695618128347,1.4230650054795566,11,Xc,parameter_factor
1.4,1.1234206459991052,1.0922634266630729,1.1668911615875126,1.5074227704620435,1.4567386519963395,1.5609080197815208,11,Xc,parameter_factor
0.6,1.1081697349789594,1.0742865287357364,1.1554743821010793,1.6629591829069503,1.600416880185651,1.7250047831270638,11,epsilon,parameter_factor
0.7,1.082517016528798,1.0569034055281243,1.1182982680052906,1.4400900770702145,1.4031687269503883,1.4790255066044287,11,epsilon,parameter_factor
0.8,1.0557996540519106,1.0386178525720446,1.0797628209466839,1.2622838591385328,1.2421740836099722,1.2842004716984317,11,epsilon,parameter_factor
0.9,1.0282174501643744,1.019604105420318,1.0400980018631625,1.1181497435631187,1.1098169003313425,1.1271523190655868,11,epsilon,parameter_factor
1.0,1.0,1.0,1.0,1.0,1.0,1.0,11,epsilon,parameter_factor
1.1,0.9713647103042625,0.9600914372292859,0.9798903376155985,0.9021765675161909,0.8955285459595788,0.9105029476703318,11,epsilon,parameter_factor
1.2,0.9424754952567338,0.9206501729578396,0.9593005802463059,0.820255824715685,0.8069222049315936,0.8353297618122497,11,epsilon,parameter_factor
1.3,0.9134716972770515,0.8818072433891315,0.9382448218767646,0.7509593883647714,0.7317973360048606,0.7704179060027623,11,epsilon,parameter_factor
1.4,0.8845160798377834,0.8437980189318169,0.9167744443142368,0.6920405946867576,0.668089595782772,0.7143899983395832,11,epsilon,parameter_factor
0.0001,0.9987509900584126,0.9983979220937214,0.9990119937722935,0.9895097098465592,0.9857602691531013,0.9929778447302078,11,h_ext,h_ext_absolute
0.00016681005372,0.9979119662201215,0.997320668163236,0.998348779253159,0.9825349328685296,0.9762921718991893,0.9883132307168012,11,h_ext,h_ext_absolute
0.0002782559402207,0.9965041739155415,0.9955111932499658,0.9972368485323034,0.9709618498607803,0.9605815762607471,0.9805805093693301,11,h_ext,h_ext_absolute
0.0004641588833612,0.9941326977732772,0.9924576392476826,0.9953661832240653,0.951831235354427,0.9346114095663076,0.9678172470898031,11,h_ext,h_ext_absolute
0.0007742636826811,0.9901111207585379,0.9872638920428544,0.9922008236352765,0.9204237840736297,0.891981869491396,0.9469089237376828,11,h_ext,h_ext_absolute
0.0012915496650148,0.9832136996228148,0.97831127910308,0.9868196807112746,0.8695264482107756,0.8229638740858466,0.91311610183474,11,h_ext,h_ext_absolute
0.0021544346900318,0.9711527580638424,0.9625263929582817,0.9775637046706048,0.7892664486423865,0.7147543422598744,0.8598463933578082,11,h_ext,h_ext_absolute
0.0035938136638046,0.9493534283641243,0.9329381374526273,0.961272781777611,0.6712692225097154,0.5620057544298767,0.7798699844695205,11,h_ext,h_ext_absolute
0.0059948425031894,0.9077979759594154,0.8741626448506508,0.9315954575115116,0.5278505262214543,0.4046494204224663,0.6712933544053744,11,h_ext,h_ext_absolute
