tau_cv,score,refine_score,seconds,bound_hits,eta,beta,epsilon,Xc,CV,mex,kappa
0.0,0.5584935582463464,0.4833470649359195,119.90663976408541,[],0.5092889669345121,48.346842403675396,29.510736275127268,19.357020588916164,0.23944042459812329,0.00021390935640278535,0.5
0.025,0.6271648181564835,0.5291949173961521,1072.7932860949077,[],0.8960823141580762,92.12166388571754,28.55788040977806,11.814039209946074,0.23688565769350056,0.000189007060949422,0.5
0.04,1.0218879621316217,0.9595890943068643,1734.9950211788528,[0],4.722636659434849,471.0933227830565,418.72259186894627,32.64405844127849,0.24320024395735595,0.00021851729497303476,0.5
0.05,2.171601496465405,1.8083342238065114,872.0900057647377,[0],4.722636659434849,471.0933227830565,418.72259186894627,32.64405844127849,0.24320024395735595,0.00021851729497303476,0.5
0.075,6.259479856277794,4.639359944668071,1755.9657503506169,[2],0.07661419161568768,3.2957035504815764,1.3325682128762775,68.80189383258809,0.310581142965609,0.000526760947176517,0.5
0.1,8.064167605373692,8.511775155115732,1403.2513248869218,[2],0.07661419161568768,3.2957035504815764,1.3325682128762775,68.80189383258809,0.310581142965609,0.000526760947176517,0.5
0.15,13.156987930773248,14.060268225593713,731.4490474020131,"[0, 2, 3]",0.07370882519716362,2.109490727194447,1.3325682128762775,108.8145048473555,0.2381307575131658,0.0006088020312296109,0.5
0.2,21.222537164748424,21.953748389099292,433.2012942000292,"[0, 2, 3]",0.07370882519716362,2.109490727194447,1.3325682128762775,108.8145048473555,0.2381307575131658,0.0006088020312296109,0.5
0.25,26.9925948561361,27.291632433849934,532.1097436156124,"[0, 2, 3, 4]",0.07370882519716362,1.8501049959211016,1.3325682128762775,108.8145048473555,3.214159669505078e-05,0.0008444535583191264,0.5
