country,year,age,open_ended,deaths,exposure
SWE,2019,20,False,58.0,113834.86
SWE,2019,21,False,52.0,111082.95
SWE,2019,22,False,41.0,114446.26
SWE,2019,23,False,44.0,120829.07
SWE,2019,24,False,74.0,131141.01
SWE,2019,25,False,79.0,138952.25
SWE,2019,26,False,68.0,144969.86
SWE,2019,27,False,60.0,150883.52
SWE,2019,28,False,81.0,154457.49
SWE,2019,29,False,61.0,152674.22
SWE,2019,30,False,67.0,147494.69
SWE,2019,31,False,76.0,143669.86
SWE,2019,32,False,87.0,139380.15
SWE,2019,33,False,44.0,137812.34
SWE,2019,34,False,75.0,134369.97
SWE,2019,35,False,80.0,130168.28
SWE,2019,36,False,74.0,128720.34
SWE,2019,37,False,88.0,128092.1
SWE,2019,38,False,78.0,128680.44
SWE,2019,39,False,87.0,129656.15
SWE,2019,40,False,101.0,125258.92
SWE,2019,41,False,90.0,123472.33
SWE,2019,42,False,108.0,124861.73
SWE,2019,43,False,116.0,126949.8
SWE,2019,44,False,127.0,133187.84
SWE,2019,45,False,142.0,133888.25
SWE,2019,46,False,150.0,134041.37
SWE,2019,47,False,153.0,134034.58
SWE,2019,48,False,167.0,132657.09
SWE,2019,49,False,180.0,128021.85
SWE,2019,50,False,200.0,130358.99
SWE,2019,51,False,238.0,135244.21
SWE,2019,52,False,275.0,140472.76
SWE,2019,53,False,331.0,138298.85
SWE,2019,54,False,343.0,139850.82
SWE,2019,55,False,392.0,132712.46
SWE,2019,56,False,397.0,124810.17
SWE,2019,57,False,433.0,119854.35
SWE,2019,58,False,415.0,116357.82
SWE,2019,59,False,493.0,115288.89
SWE,2019,60,False,552.0,115006.38
SWE,2019,61,False,620.0,114644.78
SWE,2019,62,False,721.0,114531.4
SWE,2019,63,False,746.0,112856.86
SWE,2019,64,False,773.0,109649.14
SWE,2019,65,False,876.0,109565.96
SWE,2019,66,False,1027.0,109746.29
SWE,2019,67,False,989.0,106502.85
SWE,2019,68,False,1228.0,107698.71
SWE,2019,69,False,1306.0,110965.86
SWE,2019,70,False,1492.0,113658.12
SWE,2019,71,False,1595.0,113886.41
SWE,2019,72,False,1915.0,114356.94
SWE,2019,73,False,2036.0,112466.15
SWE,2019,74,False,2220.0,108984.97
SWE,2019,75,False,2333.0,101753.51
SWE,2019,76,False,2313.0,92488.72
SWE,2019,77,False,2273.0,81702.23
SWE,2019,78,False,2203.0,70294.43
SWE,2019,79,False,2473.0,68474.91
SWE,2019,80,False,2622.0,64128.04
SWE,2019,81,False,2634.0,58383.1
SWE,2019,82,False,2860.0,53084.9
SWE,2019,83,False,2946.0,48414.45
SWE,2019,84,False,2954.0,43428.91
SWE,2019,85,False,3069.0,39104.97
SWE,2019,86,False,3318.0,35852.69
SWE,2019,87,False,3396.0,32822.82
SWE,2019,88,False,3476.0,29755.57
SWE,2019,89,False,3319.0,25275.24
SWE,2019,90,False,3346.0,21638.81
SWE,2019,91,False,3072.0,18128.57
SWE,2019,92,False,2979.0,15127.55
SWE,2019,93,False,2655.0,12073.89
SWE,2019,94,False,2290.0,9495.45
SWE,2019,95,False,1942.0,7203.36
SWE,2019,96,False,1551.0,5089.44
SWE,2019,97,False,1264.0,3803.25
SWE,2019,98,False,1019.0,2694.93
SWE,2019,99,False,650.0,1706.94
SWE,2019,100,False,370.0,877.36
SWE,2019,101,False,265.0,536.71
SWE,2019,102,False,143.0,332.82
SWE,2019,103,False,93.0,179.06
SWE,2019,104,False,52.0,92.01
SWE,2019,105,False,31.92,51.04
SWE,2019,106,False,17.0,24.71
SWE,2019,107,False,8.31,10.69
SWE,2019,108,False,3.41,4.17
SWE,2019,109,False,1.58,1.53
