run_id,scenario_id,nuisance_param,nuisance_factor,curve_type,focal_param,focal_value,h_ext,from_t,tmax,x_norm,y_norm,t_median_absolute,steepness_iqr_absolute
central__baseline,central,central,1.0,baseline,baseline,1.0,0.0,0,240.0,1.0,1.0,85.77515730142652,6.463123369714701
central__eta_0.7,central,central,1.0,parameter_factor,eta,0.7,0.0,0,240.0,1.3941956833181508,0.978144469382643,119.58735404558422,6.321868379024146
central__eta_0.8,central,central,1.0,parameter_factor,eta,0.8,0.0,0,240.0,1.2309599244727492,0.9868097190084708,105.58578115340217,6.377872956385245
central__eta_0.9,central,central,1.0,parameter_factor,eta,0.9,0.0,0,240.0,1.1030335866817729,0.993984044805137,94.61287940638574,6.424241509103625
central__eta_1.0,central,central,1.0,parameter_factor,eta,1.0,0.0,0,240.0,1.0,1.0,85.77515730142652,6.463123369714701
central__eta_1.1,central,central,1.0,parameter_factor,eta,1.1,0.0,0,240.0,0.9151853237228426,1.005095648676571,78.50016510228377,6.496057175760103
central__eta_1.2,central,central,1.0,parameter_factor,eta,1.2,0.0,0,240.0,0.844113368475153,1.0094445235364748,72.40395696119324,6.524164490499112
central__eta_1.3,central,central,1.0,parameter_factor,eta,1.3,0.0,0,240.0,0.783668213889837,1.0131806053263612,67.21926431852873,6.548311248026492
central__eta_1.4,central,central,1.0,parameter_factor,eta,1.4,0.0,0,240.0,0.7316129890851362,1.0164053421383172,62.75421922254439,6.569153119877025
central__beta_0.6,central,central,1.0,parameter_factor,beta,0.6,0.0,0,240.0,0.5742587228970225,0.6057695236503663,49.25713228820841,3.915163164965625
central__beta_0.7,central,central,1.0,parameter_factor,beta,0.7,0.0,0,240.0,0.6805416581425023,0.7081865790316488,58.37356777734677,4.577097229057757
central__beta_0.8,central,central,1.0,parameter_factor,beta,0.8,0.0,0,240.0,0.7869297100156082,0.8079969861362433,67.49901966175474,5.222184203756199
central__beta_0.9,central,central,1.0,parameter_factor,beta,0.9,0.0,0,240.0,0.8934172138062947,0.9052411980861742,76.63300205003713,5.850685542579288
central__beta_1.0,central,central,1.0,parameter_factor,beta,1.0,0.0,0,240.0,1.0,1.0,85.77515730142652,6.463123369714701
central__beta_1.1,central,central,1.0,parameter_factor,beta,1.1,0.0,0,240.0,1.1066740508867887,1.0923625023544181,94.9251407962212,7.06007361716687
central__beta_1.2,central,central,1.0,parameter_factor,beta,1.2,0.0,0,240.0,1.2134355930670495,1.1824198890735012,104.08262887047594,7.64212561788641
central__beta_1.3,central,central,1.0,parameter_factor,beta,1.3,0.0,0,240.0,1.3202810625405192,1.2702603400932446,113.24731582150758,8.209849289678393
central__beta_1.4,central,central,1.0,parameter_factor,beta,1.4,0.0,0,240.0,1.427206890570476,1.3559730528189309,122.4188955403624,8.763821126377419
central__Xc_0.6,central,central,1.0,parameter_factor,Xc,0.6,0.0,0,240.0,0.7548795669484462,0.45161187197029756,64.7499135986357,2.9188232437718336
central__Xc_0.7,central,central,1.0,parameter_factor,Xc,0.7,0.0,0,240.0,0.84568029273948,0.5946839980562661,72.53836013644532,3.8435160454328257
central__Xc_0.8,central,central,1.0,parameter_factor,Xc,0.8,0.0,0,240.0,0.9114973651620272,0.7344869771886376,78.18382987660868,4.747079947018992
central__Xc_0.9,central,central,1.0,parameter_factor,Xc,0.9,0.0,0,240.0,0.9612093250529389,0.8698492551453961,82.44788105601384,5.621943049059135
central__Xc_1.0,central,central,1.0,parameter_factor,Xc,1.0,0.0,0,240.0,1.0,1.0,85.77515730142652,6.463123369714701
central__Xc_1.1,central,central,1.0,parameter_factor,Xc,1.1,0.0,0,240.0,1.0310833755119586,1.1244236614503875,88.44133872542407,7.267288843780171
central__Xc_1.2,central,central,1.0,parameter_factor,Xc,1.2,0.0,0,240.0,1.056550020668208,1.2428228446020313,90.62574421964096,8.03251737136269
central__Xc_1.3,central,central,1.0,parameter_factor,Xc,1.3,0.0,0,240.0,1.077813410882675,1.3550767936839283,92.4496148600485,8.758028493016663
central__Xc_1.4,central,central,1.0,parameter_factor,Xc,1.4,0.0,0,240.0,1.0958606400296191,1.4612127097877101,93.99761877898251,9.443998012753095
central__epsilon_0.6,central,central,1.0,parameter_factor,epsilon,0.6,0.0,0,240.0,1.0760158659533947,1.5985748273490898,92.2954301609831,10.331786324877546
central__epsilon_0.7,central,central,1.0,parameter_factor,epsilon,0.7,0.0,0,240.0,1.0582783062811947,1.405199935966058,90.7739881899567,9.081980545263832
central__epsilon_0.8,central,central,1.0,parameter_factor,epsilon,0.8,0.0,0,240.0,1.0396552689608725,1.2462471581940284,89.17659423437573,8.054649132564359
central__epsilon_0.9,central,central,1.0,parameter_factor,epsilon,0.9,0.0,0,240.0,1.0202101140528994,1.113133448479482,87.50868301339374,7.194318804478854
central__epsilon_1.0,central,central,1.0,parameter_factor,epsilon,1.0,0.0,0,240.0,1.0,1.0,85.77515730142652,6.463123369714701
central__epsilon_1.1,central,central,1.0,parameter_factor,epsilon,1.1,0.0,0,240.0,0.9790761523519592,0.9026726088078139,83.98041097806474,5.834084433187118
central__epsilon_1.2,central,central,1.0,parameter_factor,epsilon,1.2,0.0,0,240.0,0.9574847905456033,0.8180805082638652,82.12840852277255,5.287355251268268
central__epsilon_1.3,central,central,1.0,parameter_factor,epsilon,1.3,0.0,0,240.0,0.9352673896965245,0.7439081092019324,80.22270747011396,4.807969885503285
central__epsilon_1.4,central,central,1.0,parameter_factor,epsilon,1.4,0.0,0,240.0,0.9124613756790211,0.6783724702427576,78.26651803034407,4.384404965797057
central__mex_9.999999999999999e-05,central,central,1.0,h_ext_absolute,h_ext,0.0001,0.0001,0,240.0,0.9987850852159056,0.9852760433459493,85.67094779471299,6.36796062136924
central__mex_0.0001668100537200059,central,central,1.0,h_ext_absolute,h_ext,0.00016681005372,0.00016681005372,0,240.0,0.9979665299806875,0.9754410284972558,85.60073609065225,6.304395707059157
central__mex_0.0002782559402207126,central,central,1.0,h_ext_absolute,h_ext,0.0002782559402207,0.0002782559402207,0,240.0,0.996588528960134,0.9590368802346783,85.48253783635275,6.198373673063028
central__mex_0.00046415888336127773,central,central,1.0,h_ext_absolute,h_ext,0.0004641588833612,0.0004641588833612,0,240.0,0.9942542651452901,0.9316826525783543,85.2823159904515,6.021579925036944
central__mex_0.000774263682681127,central,central,1.0,h_ext_absolute,h_ext,0.0007742636826811,0.0007742636826811,0,240.0,0.9902571831496291,0.8860866177971622,84.93946565352697,5.7268871270762975
central__mex_0.001291549665014884,central,central,1.0,h_ext_absolute,h_ext,0.0012915496650148,0.0012915496650148,0,240.0,0.9832819361537327,0.8101828122441843,84.34116274523765,5.236311467556566
central__mex_0.002154434690031882,central,central,1.0,h_ext_absolute,h_ext,0.0021544346900318,0.0021544346900318,0,240.0,0.9706826712507647,0.6846259821956231,83.26045881630323,4.424822185042412
central__mex_0.0035938136638046254,central,central,1.0,h_ext_absolute,h_ext,0.0035938136638046,0.0035938136638046,0,240.0,0.9463569454446856,0.48733406243767263,81.17391585881542,3.149700167798925
central__mex_0.005994842503189409,central,central,1.0,h_ext_absolute,h_ext,0.0059948425031894,0.0059948425031894,0,240.0,0.8922998722470701,0.28338922778065256,76.53716190203522,1.831579540794538
eta_low__baseline,eta_low,eta,0.8,baseline,baseline,1.0,0.0,0,240.0,1.0,1.0,105.58578115340217,6.377872956385245
eta_low__eta_0.7,eta_low,eta,0.8,parameter_factor,eta,0.7,0.0,0,240.0,1.394967673003261,0.9754001701554459,147.288751437793,6.220978366887985
eta_low__eta_0.8,eta_low,eta,0.8,parameter_factor,eta,0.8,0.0,0,240.0,1.2314066323006505,0.9850286851356742,130.01903118894447,6.2823878121905326
eta_low__eta_0.9,eta_low,eta,0.8,parameter_factor,eta,0.9,0.0,0,240.0,1.103230523779061,0.9931168160826345,116.48545664548917,6.3339728838248535
eta_low__eta_1.0,eta_low,eta,0.8,parameter_factor,eta,1.0,0.0,0,240.0,1.0,1.0,105.58578115340217,6.377872956385245
eta_low__eta_1.1,eta_low,eta,0.8,parameter_factor,eta,1.1,0.0,0,240.0,0.915026796330123,1.0059189284940893,96.61381906681106,6.415623130358475
eta_low__eta_1.2,eta_low,eta,0.8,parameter_factor,eta,1.2,0.0,0,240.0,0.8438250414527714,1.0110517139906654,89.09592615859283,6.448359384168014
eta_low__eta_1.3,eta_low,eta,0.8,parameter_factor,eta,1.3,0.0,0,240.0,0.7832720522666156,1.0155326362202757,82.70239149419905,6.476938136875911
eta_low__eta_1.4,eta_low,eta,0.8,parameter_factor,eta,1.4,0.0,0,240.0,0.7311261537958278,1.0194669557874325,77.19652607021493,6.502030727245058
eta_low__beta_0.6,eta_low,eta,0.8,parameter_factor,beta,0.6,0.0,0,240.0,0.5677905844690173,0.5997384171769419,59.95061239270797,3.8250554318181096
eta_low__beta_0.7,eta_low,eta,0.8,parameter_factor,beta,0.7,0.0,0,240.0,0.6756901173438304,0.7038111827130975,71.34326885738231,4.488818308627379
eta_low__beta_0.8,eta_low,eta,0.8,parameter_factor,beta,0.8,0.0,0,240.0,0.7836950624038862,0.8051766755575428,82.74705534997858,5.135314544150629
eta_low__beta_0.9,eta_low,eta,0.8,parameter_factor,beta,0.9,0.0,0,240.0,0.8917997282944936,0.9038771331967043,94.16137094436591,5.764813523710284
eta_low__beta_1.0,eta_low,eta,0.8,parameter_factor,beta,1.0,0.0,0,240.0,1.0,1.0,105.58578115340217,6.377872956385245
eta_low__beta_1.1,eta_low,eta,0.8,parameter_factor,beta,1.1,0.0,0,240.0,1.1082920303710564,1.0936409427078004,117.0198797728181,6.975102992491745
eta_low__beta_1.2,eta_low,eta,0.8,parameter_factor,beta,1.2,0.0,0,240.0,1.2166721033616925,1.18489771073865,128.46327444099717,7.557127065402822
eta_low__beta_1.3,eta_low,eta,0.8,parameter_factor,beta,1.3,0.0,0,240.0,1.3251366775206646,1.2738648162872874,139.91559123104335,8.124547961889348
eta_low__beta_1.4,eta_low,eta,0.8,parameter_factor,beta,1.4,0.0,0,240.0,1.4336823192962378,1.3606360985403232,151.37646760871462,8.677964176361856
eta_low__Xc_0.6,eta_low,eta,0.8,parameter_factor,Xc,0.6,0.0,0,240.0,0.7457508811994986,0.4414948183324878,78.74068933728708,2.8157978622269906
eta_low__Xc_0.7,eta_low,eta,0.8,parameter_factor,Xc,0.7,0.0,0,240.0,0.8399795294896343,0.5858028971394335,88.68989477403025,3.73617645543772
eta_low__Xc_0.8,eta_low,eta,0.8,parameter_factor,Xc,0.8,0.0,0,240.0,0.9082681101892994,0.7277191958645819,95.90019791106154,4.641300579147134
eta_low__Xc_0.9,eta_low,eta,0.8,parameter_factor,Xc,0.9,0.0,0,240.0,0.959816220916527,0.8660560274089875,101.34294544917792,5.52359531592622
eta_low__Xc_1.0,eta_low,eta,0.8,parameter_factor,Xc,1.0,0.0,0,240.0,1.0,1.0,105.58578115340217,6.377872956385245
eta_low__Xc_1.1,eta_low,eta,0.8,parameter_factor,Xc,1.1,0.0,0,240.0,1.0321553949532676,1.1289567620232728,108.98093364783908,7.200342801436484
eta_low__Xc_1.2,eta_low,eta,0.8,parameter_factor,Xc,1.2,0.0,0,240.0,1.058453985072409,1.2525217789064016,111.75769082880178,7.988424780970677
eta_low__Xc_1.3,eta_low,eta,0.8,parameter_factor,Xc,1.3,0.0,0,240.0,1.080365460763837,1.3704590218630899,114.071231105905,8.740613533374775
eta_low__Xc_1.4,eta_low,eta,0.8,parameter_factor,Xc,1.4,0.0,0,240.0,1.0989169317651954,1.482675720520138,116.0300026631281,9.456317380994395
eta_low__epsilon_0.6,eta_low,eta,0.8,parameter_factor,epsilon,0.6,0.0,0,240.0,1.0809063634122291,1.6210523416740357,114.1283427345634,10.338865890847806
eta_low__epsilon_0.7,eta_low,eta,0.8,parameter_factor,epsilon,0.7,0.0,0,240.0,1.0619818953825229,1.41933405533107,112.1301879947343,9.05233228757263
eta_low__epsilon_0.8,eta_low,eta,0.8,parameter_factor,epsilon,0.8,0.0,0,240.0,1.0421461018742293,1.2542588759919635,110.03581024236354,7.999503765495298
eta_low__epsilon_0.9,eta_low,eta,0.8,parameter_factor,epsilon,0.9,0.0,0,240.0,1.0214655574252978,1.1165807979053104,107.85223880204543,7.121410474579338
eta_low__epsilon_1.0,eta_low,eta,0.8,parameter_factor,epsilon,1.0,0.0,0,240.0,1.0,1.0,105.58578115340217,6.377872956385245
eta_low__epsilon_1.1,eta_low,eta,0.8,parameter_factor,epsilon,1.1,0.0,0,240.0,0.9778031226483396,0.9000412399822708,103.24210651906084,5.740348684114367
eta_low__epsilon_1.2,eta_low,eta,0.8,parameter_factor,epsilon,1.2,0.0,0,240.0,0.9549230153678387,0.8134235906751143,100.82629251897552,5.187912321052592
eta_low__epsilon_1.3,eta_low,eta,0.8,parameter_factor,epsilon,1.3,0.0,0,240.0,0.9314028139401486,0.7376807518011855,98.34289367834748,4.704834117358717
eta_low__epsilon_1.4,eta_low,eta,0.8,parameter_factor,epsilon,1.4,0.0,0,240.0,0.9072814320774361,0.6709211094119445,95.79601873187347,4.279049599586426
eta_low__mex_9.999999999999999e-05,eta_low,eta,0.8,h_ext_absolute,h_ext,0.0001,0.0001,0,240.0,0.998483668694478,0.9816847677411935,105.42567812802127,6.261060731871888
eta_low__mex_0.0001668100537200059,eta_low,eta,0.8,h_ext_absolute,h_ext,0.00016681005372,0.00016681005372,0,240.0,0.9974598385928808,0.9694550372706096,105.31757622697576,6.18306106463967
eta_low__mex_0.0002782559402207126,eta_low,eta,0.8,h_ext_absolute,h_ext,0.0002782559402207,0.0002782559402207,0,240.0,0.9957324468092772,0.94906789160253,105.135188216146,6.053034439625339
eta_low__mex_0.00046415888336127773,eta_low,eta,0.8,h_ext_absolute,h_ext,0.0004641588833612,0.0004641588833612,0,240.0,0.9927949580346114,0.9150990820790328,104.82503116924356,5.836385688004825
eta_low__mex_0.000774263682681127,eta_low,eta,0.8,h_ext_absolute,h_ext,0.0007742636826811,0.0007742636826811,0,240.0,0.9877309746493654,0.8585697322174674,104.29034652776453,5.475848676280706
eta_low__mex_0.001291549665014884,eta_low,eta,0.8,h_ext_absolute,h_ext,0.0012915496650148,0.0012915496650148,0,240.0,0.9787873938976558,0.7648318527486874,103.34603156778672,4.878000389827875
eta_low__mex_0.002154434690031882,eta_low,eta,0.8,h_ext_absolute,h_ext,0.0021544346900318,0.0021544346900318,0,240.0,0.9622670302379096,0.6119935262495414,101.60171606583415,3.9032169605497935
eta_low__mex_0.0035938136638046254,eta_low,eta,0.8,h_ext_absolute,h_ext,0.0035938136638046,0.0035938136638046,0,240.0,0.9289024386507921,0.39497049567042564,98.07888960024412,2.519071642906483
eta_low__mex_0.005994842503189409,eta_low,eta,0.8,h_ext_absolute,h_ext,0.0059948425031894,0.0059948425031894,0,240.0,0.8475611867683901,0.2346945625681364,89.49040998024506,1.496852103613982
eta_high__baseline,eta_high,eta,1.2,baseline,baseline,1.0,0.0,0,240.0,1.0,1.0,72.40395696119324,6.524164490499112
eta_high__eta_0.7,eta_high,eta,1.2,parameter_factor,eta,0.7,0.0,0,240.0,1.3934681251121521,0.9805758107621736,100.8926061574149,6.39743788481695
eta_high__eta_0.8,eta_high,eta,1.2,parameter_factor,eta,0.8,0.0,0,240.0,1.230539460796957,0.9883808713833802,89.09592615859282,6.448359384168019
eta_high__eta_0.9,eta_high,eta,1.2,parameter_factor,eta,0.9,0.0,0,240.0,1.1028484608847788,0.99474635293301,79.85059249661974,6.489888832859041
eta_high__eta_1.0,eta_high,eta,1.2,parameter_factor,eta,1.0,0.0,0,240.0,1.0,1.0,72.40395696119324,6.524164490499112
eta_high__eta_1.1,eta_high,eta,1.2,parameter_factor,eta,1.1,0.0,0,240.0,0.915334176831582,1.0043777284547515,66.27381634442311,6.55272551103265
eta_high__eta_1.2,eta_high,eta,1.2,parameter_factor,eta,1.2,0.0,0,240.0,0.8443839035555136,1.0080498603600077,61.13673581175776,6.57668310361335
eta_high__eta_1.3,eta_high,eta,1.2,parameter_factor,eta,1.3,0.0,0,240.0,0.7840397160270842,1.0111444771050941,56.767577855091176,6.596872892293348
eta_high__eta_1.4,eta_high,eta,1.2,parameter_factor,eta,1.4,0.0,0,240.0,0.7320692454246173,1.013760694264663,53.0047101383372,6.613941523385242
eta_high__beta_0.6,eta_high,eta,1.2,parameter_factor,beta,0.6,0.0,0,240.0,0.579612913084444,0.6106734392443032,41.96626841311792,3.9841339676086496
eta_high__beta_0.7,eta_high,eta,1.2,parameter_factor,beta,0.7,0.0,0,240.0,0.6845575222921666,0.711734924445488,49.56467338150311,4.643475720715322
eta_high__beta_0.8,eta_high,eta,1.2,parameter_factor,beta,0.8,0.0,0,240.0,0.7896071530599064,0.8102782119213356,57.170682326399785,5.286388337642292
eta_high__beta_0.9,eta_high,eta,1.2,parameter_factor,beta,0.9,0.0,0,240.0,0.8947560671227542,0.9063417049560314,64.78387977472244,5.913122367732563
eta_high__beta_1.0,eta_high,eta,1.2,parameter_factor,beta,1.0,0.0,0,240.0,1.0,1.0,72.40395696119324,6.524164490499112
eta_high__beta_1.1,eta_high,eta,1.2,parameter_factor,beta,1.1,0.0,0,240.0,1.1053348792754547,1.0913373663324264,80.03061902676575,7.120064492580838
eta_high__beta_1.2,eta_high,eta,1.2,parameter_factor,beta,1.2,0.0,0,240.0,1.2107568829967619,1.1804375242656093,87.66358924696603,7.701368579066373
eta_high__beta_1.3,eta_high,eta,1.2,parameter_factor,beta,1.3,0.0,0,240.0,1.3162623666562934,1.2673859654828232,95.30260374502063,8.268634511759968
eta_high__beta_1.4,eta_high,eta,1.2,parameter_factor,beta,1.4,0.0,0,240.0,1.421847712639157,1.3522658828672518,102.9474005912966,8.822405054715956
eta_high__Xc_0.6,eta_high,eta,1.2,parameter_factor,Xc,0.6,0.0,0,240.0,0.7621099478306219,0.46032023788888654,55.17977586242558,3.0032049502927776
eta_high__Xc_0.7,eta_high,eta,1.2,parameter_factor,Xc,0.7,0.0,0,240.0,0.8501752332793158,0.6023388994634841,61.556050999828,3.9297580591259775
eta_high__Xc_0.8,eta_high,eta,1.2,parameter_factor,Xc,0.8,0.0,0,240.0,0.914031468297084,0.7403126694735862,66.17949509175834,4.829921630046178
eta_high__Xc_0.9,eta_high,eta,1.2,parameter_factor,Xc,0.9,0.0,0,240.0,0.9622970471787365,0.8731029495600617,69.67411398781259,5.696267260069792
eta_high__Xc_1.0,eta_high,eta,1.2,parameter_factor,Xc,1.0,0.0,0,240.0,1.0,1.0,72.40395696119324,6.524164490499112
eta_high__Xc_1.1,eta_high,eta,1.2,parameter_factor,Xc,1.1,0.0,0,240.0,1.030255539664996,1.120579805238126,74.5945777529353,7.310846974104993
eta_high__Xc_1.2,eta_high,eta,1.2,parameter_factor,Xc,1.2,0.0,0,240.0,1.0550883300161416,1.2346507050987734,76.39257003674597,8.055064288375108
eta_high__Xc_1.3,eta_high,eta,1.2,parameter_factor,Xc,1.3,0.0,0,240.0,1.0758664579747843,1.342204490014839,77.89698871919771,8.756762872743284
eta_high__Xc_1.4,eta_high,eta,1.2,parameter_factor,Xc,1.4,0.0,0,240.0,1.0935444803240197,1.443372558806651,79.17694748853076,9.416799994727194
eta_high__epsilon_0.6,eta_high,eta,1.2,parameter_factor,epsilon,0.6,0.0,0,240.0,1.0721351122204772,1.5799416896312894,77.62682452179553,10.307799468551629
eta_high__epsilon_0.7,eta_high,eta,1.2,parameter_factor,epsilon,0.7,0.0,0,240.0,1.055336178767594,1.3934165698754937,76.410515267079,9.09087890565477
eta_high__epsilon_0.8,eta_high,eta,1.2,parameter_factor,epsilon,0.8,0.0,0,240.0,1.0376747109585007,1.239535737726677,75.13175511195793,8.086935044781006
eta_high__epsilon_0.9,eta_high,eta,1.2,parameter_factor,epsilon,0.9,0.0,0,240.0,1.0192110997720103,1.1102350760866224,73.79491660226307,7.2433562595109215
eta_high__epsilon_1.0,eta_high,eta,1.2,parameter_factor,epsilon,1.0,0.0,0,240.0,1.0,1.0,72.40395696119324,6.524164490499112
eta_high__epsilon_1.1,eta_high,eta,1.2,parameter_factor,epsilon,1.1,0.0,0,240.0,0.9800906778760444,0.9048967373600073,70.96244325900383,5.903695161452661
eta_high__epsilon_1.2,eta_high,eta,1.2,parameter_factor,epsilon,1.2,0.0,0,240.0,0.9595276260689277,0.8220243793700804,69.47359694097057,5.36302226621085
eta_high__epsilon_1.3,eta_high,eta,1.2,parameter_factor,epsilon,1.3,0.0,0,240.0,0.9383507642094543,0.7491888996849116,67.94030834632412,4.887831616000402
eta_high__epsilon_1.4,eta_high,eta,1.2,parameter_factor,epsilon,1.4,0.0,0,240.0,0.9165963780747186,0.684696570295743,66.36520470890754,4.467073050690016
eta_high__mex_9.999999999999999e-05,eta_high,eta,1.2,h_ext_absolute,h_ext,0.0001,0.0001,0,240.0,0.9989843197772846,0.9876893744287715,72.33041769406142,6.4438479442914725
eta_high__mex_0.0001668100537200059,eta_high,eta,1.2,h_ext_absolute,h_ext,0.00016681005372,0.00016681005372,0,240.0,0.9983009342267989,0.9794624682343083,72.28093787607615,6.390174255030889
eta_high__mex_0.0002782559402207126,eta_high,eta,1.2,h_ext_absolute,h_ext,0.0002782559402207,0.0002782559402207,0,240.0,0.9971522946054018,0.9657394990490384,72.1977718223646,6.300643346768138
eta_high__mex_0.00046415888336127773,eta_high,eta,1.2,h_ext_absolute,h_ext,0.0004641588833612,0.0004641588833612,0,240.0,0.9952114735561469,0.9428448737019577,72.05724869864497,6.151275045055432
eta_high__mex_0.000774263682681127,eta_high,eta,1.2,h_ext_absolute,h_ext,0.0007742636826811,0.0007742636826811,0,240.0,0.991902899036829,0.9046500731773427,71.81769481154538,5.902085883751043
eta_high__mex_0.001291549665014884,eta_high,eta,1.2,h_ext_absolute,h_ext,0.0012915496650148,0.0012915496650148,0,240.0,0.9861742965259457,0.8409478377632844,71.4029213218996,5.4864820214972285
eta_high__mex_0.002154434690031882,eta_high,eta,1.2,h_ext_absolute,h_ext,0.0021544346900318,0.0021544346900318,0,240.0,0.9759746200878499,0.7349526198609507,70.66442438805761,4.794951784696107
eta_high__mex_0.0035938136638046254,eta_high,eta,1.2,h_ext_absolute,h_ext,0.0035938136638046,0.0035938136638046,0,240.0,0.9568291812316153,0.5622496193853297,69.27821885710765,3.668209001590409
eta_high__mex_0.005994842503189409,eta_high,eta,1.2,h_ext_absolute,h_ext,0.0059948425031894,0.0059948425031894,0,240.0,0.9167599140836787,0.33851212034907546,66.3770453630619,2.208508755185
beta_low__baseline,beta_low,beta,0.8,baseline,baseline,1.0,0.0,0,240.0,1.0,1.0,67.49901966175474,5.222184203756199
beta_low__eta_0.7,beta_low,beta,0.8,parameter_factor,eta,0.7,0.0,0,240.0,1.3850671848849676,0.9726637453990762,93.49067714540172,5.079429246789397
beta_low__eta_0.8,beta_low,beta,0.8,parameter_factor,eta,0.8,0.0,0,240.0,1.2259001058775887,0.9833652632277722,82.74705534997858,5.135314544150629
beta_low__eta_0.9,beta_low,beta,0.8,parameter_factor,eta,0.9,0.0,0,240.0,1.1008855367865629,0.9923513276616253,74.30869449289763,5.182241427891031
beta_low__eta_1.0,beta_low,beta,0.8,parameter_factor,eta,1.0,0.0,0,240.0,1.0,1.0,67.49901966175474,5.222184203756199
beta_low__eta_1.1,beta_low,beta,0.8,parameter_factor,eta,1.1,0.0,0,240.0,0.9168080146862401,1.0065806855434112,61.88364220936085,5.256549755850887
beta_low__eta_1.2,beta_low,beta,0.8,parameter_factor,eta,1.2,0.0,0,240.0,0.8469853727193161,1.0122944981220525,57.170682326399785,5.286388337642292
beta_low__eta_1.3,beta_low,beta,0.8,parameter_factor,eta,1.3,0.0,0,240.0,0.7875167302056261,1.017290995687243,53.15660725611036,5.312480968301335
beta_low__eta_1.4,beta_low,beta,0.8,parameter_factor,eta,1.4,0.0,0,240.0,0.736234250103525,1.0216872899620648,49.69509012339509,5.335439226818375
beta_low__beta_0.6,beta_low,beta,0.8,parameter_factor,beta,0.6,0.0,0,240.0,0.567879602451582,0.5936399625474978,38.3313164513888,3.100097235133965
beta_low__beta_0.7,beta_low,beta,0.8,parameter_factor,beta,0.7,0.0,0,240.0,0.675762295311596,0.6981338605592156,45.613292457909935,3.645783618719668
beta_low__beta_0.8,beta_low,beta,0.8,parameter_factor,beta,0.8,0.0,0,240.0,0.7837533002010164,0.8008040720343366,52.90257942023358,4.1819463752813535
beta_low__beta_0.9,beta_low,beta,0.8,parameter_factor,beta,0.9,0.0,0,240.0,0.8918345162821838,0.9014351942508306,60.19795554956266,4.707460632126589
beta_low__beta_1.0,beta_low,beta,0.8,parameter_factor,beta,1.0,0.0,0,240.0,1.0,1.0,67.49901966175474,5.222184203756199
beta_low__beta_1.1,beta_low,beta,0.8,parameter_factor,beta,1.1,0.0,0,240.0,1.1082463344442914,1.0965313186972048,74.80554111872286,5.726288531424497
beta_low__beta_1.2,beta_low,beta,0.8,parameter_factor,beta,1.2,0.0,0,240.0,1.2165707878240142,1.1910800097431777,82.1173355272496,6.220039212290602
beta_low__beta_1.3,beta_low,beta,0.8,parameter_factor,beta,1.3,0.0,0,240.0,1.3249707507063067,1.2837018631827302,89.43422675317494,6.703727592245254
beta_low__beta_1.4,beta_low,beta,0.8,parameter_factor,beta,1.4,0.0,0,240.0,1.4334437284351975,1.3744548348675614,96.75604640966642,7.1776563274217136
beta_low__Xc_0.6,beta_low,beta,0.8,parameter_factor,Xc,0.6,0.0,0,240.0,0.7012248937942517,0.42123725151031177,47.33199289353008,2.199778520870827
beta_low__Xc_0.7,beta_low,beta,0.8,parameter_factor,Xc,0.7,0.0,0,240.0,0.8121107995338892,0.571571375906259,54.81668282526135,2.984851010576862
beta_low__Xc_0.8,beta_low,beta,0.8,parameter_factor,Xc,0.8,0.0,0,240.0,0.8923648905506244,0.7194538065346447,60.23375529273622,3.7571203038174903
beta_low__Xc_0.9,beta_low,beta,0.8,parameter_factor,Xc,0.9,0.0,0,240.0,0.9528659088722957,0.8626058207366045,64.3175147179869,4.504686491118847
beta_low__Xc_1.0,beta_low,beta,0.8,parameter_factor,Xc,1.0,0.0,0,240.0,1.0,1.0,67.49901966175474,5.222184203756199
beta_low__Xc_1.1,beta_low,beta,0.8,parameter_factor,Xc,1.1,0.0,0,240.0,1.0377225135380026,1.1310642750148945,70.0452523447472,5.906625990415739
beta_low__Xc_1.2,beta_low,beta,0.8,parameter_factor,Xc,1.2,0.0,0,240.0,1.0686011532055275,1.2555053648483527,72.12953025079369,6.556480284042231
beta_low__Xc_1.3,beta_low,beta,0.8,parameter_factor,Xc,1.3,0.0,0,240.0,1.0943685852441885,1.3732401926662143,73.8688066526042,7.171313242104624
beta_low__Xc_1.4,beta_low,beta,0.8,parameter_factor,Xc,1.4,0.0,0,240.0,1.1162324225068614,1.484336497604716,75.34459423387877,7.751478610850149
beta_low__epsilon_0.6,beta_low,beta,0.8,parameter_factor,epsilon,0.6,0.0,0,240.0,1.0950381127302193,1.6421970935093093,73.91399910154789,8.575855721178657
beta_low__epsilon_0.7,beta_low,beta,0.8,parameter_factor,epsilon,0.7,0.0,0,240.0,1.0729877839922288,1.4341660958025457,72.42562352851411,7.489479531062754
beta_low__epsilon_0.8,beta_low,beta,0.8,parameter_factor,epsilon,0.8,0.0,0,240.0,1.0497360311381492,1.2635323612467464,70.85615300544632,6.59839873783753
beta_low__epsilon_0.9,beta_low,beta,0.8,parameter_factor,epsilon,0.9,0.0,0,240.0,1.0253785998061598,1.120941421920496,69.21205026905852,5.853762586889228
beta_low__epsilon_1.0,beta_low,beta,0.8,parameter_factor,epsilon,1.0,0.0,0,240.0,1.0,1.0,67.49901966175474,5.222184203756199
beta_low__epsilon_1.1,beta_low,beta,0.8,parameter_factor,epsilon,1.1,0.0,0,240.0,0.9736747641625593,0.8961579503198157,65.722092050363,4.679901892230674
beta_low__epsilon_1.2,beta_low,beta,0.8,parameter_factor,epsilon,1.2,0.0,0,240.0,0.9464691360158879,0.8060767973657904,63.88573882118044,4.209481518218017
beta_low__epsilon_1.3,beta_low,beta,0.8,parameter_factor,epsilon,1.3,0.0,0,240.0,0.918442407299577,0.7272488534279576,61.99396210850351,3.797827474571288
beta_low__epsilon_1.4,beta_low,beta,0.8,parameter_factor,epsilon,1.4,0.0,0,240.0,0.8896484070480986,0.6577611807728878,60.05039531938839,3.4349500480762005
beta_low__mex_9.999999999999999e-05,beta_low,beta,0.8,h_ext_absolute,h_ext,0.0001,0.0001,0,240.0,0.9988181227790915,0.9885934686983197,67.41924410798286,5.1626171961729135
beta_low__mex_0.0001668100537200059,beta_low,beta,0.8,h_ext_absolute,h_ext,0.00016681005372,0.00016681005372,0,240.0,0.9980235738874371,0.9809824081855439,67.36561283672286,5.122870836189263
beta_low__mex_0.0002782559402207126,beta_low,beta,0.8,h_ext_absolute,h_ext,0.0002782559402207,0.0002782559402207,0,240.0,0.996689320523608,0.9683022592194978,67.275552042684,5.056652762557501
beta_low__mex_0.00046415888336127773,beta_low,beta,0.8,h_ext_absolute,h_ext,0.0004641588833612,0.0004641588833612,0,240.0,0.9944383330624369,0.9471994573515635,67.12361259578404,4.946450043987778
beta_low__mex_0.000774263682681127,beta_low,beta,0.8,h_ext_absolute,h_ext,0.0007742636826811,0.0007742636826811,0,240.0,0.9906111695880627,0.9121441585687876,66.86528281317851,4.763384816426412
beta_low__mex_0.001291549665014884,beta_low,beta,0.8,h_ext_absolute,h_ext,0.0012915496650148,0.0012915496650148,0,240.0,0.9840162711578516,0.8541384516661972,66.42013363437042,4.4604683301119925
beta_low__mex_0.002154434690031882,beta_low,beta,0.8,h_ext_absolute,h_ext,0.0021544346900318,0.0021544346900318,0,240.0,0.9723789489678712,0.7590912594794643,65.63462579505875,3.964114384463057
beta_low__mex_0.0035938136638046254,beta_low,beta,0.8,h_ext_absolute,h_ext,0.0035938136638046,0.0035938136638046,0,240.0,0.950931593853599,0.6086513258491703,64.18695035050786,3.178489339444804
beta_low__mex_0.005994842503189409,beta_low,beta,0.8,h_ext_absolute,h_ext,0.0059948425031894,0.0059948425031894,0,240.0,0.907961787309453,0.4098084899841781,61.28653053372275,2.1400954229605555
beta_high__baseline,beta_high,beta,1.2,baseline,baseline,1.0,0.0,0,240.0,1.0,1.0,104.08262887047594,7.64212561788641
beta_high__eta_0.7,beta_high,beta,1.2,parameter_factor,eta,0.7,0.0,0,240.0,1.4001191689224481,0.9814470668155122,145.72808383339438,7.500341771910301
beta_high__eta_0.8,beta_high,beta,1.2,parameter_factor,eta,0.8,0.0,0,240.0,1.2342431761678632,0.9888776295060306,128.46327444099717,7.557127065402822
beta_high__eta_0.9,beta_high,beta,1.2,parameter_factor,eta,0.9,0.0,0,240.0,1.1044274269810261,0.9949604802518667,114.9517099968408,7.603612974917356
beta_high__eta_1.0,beta_high,beta,1.2,parameter_factor,eta,1.0,0.0,0,240.0,1.0,1.0,104.08262887047594,7.64212561788641
beta_high__eta_1.1,beta_high,beta,1.2,parameter_factor,eta,1.1,0.0,0,240.0,0.9141324440154158,1.0042104550312323,95.14530790891766,7.674302444143549
beta_high__eta_1.2,beta_high,beta,1.2,parameter_factor,eta,1.2,0.0,0,240.0,0.842249952737624,1.007752157467983,87.66358924696603,7.701368579066373
beta_high__eta_1.3,beta_high,beta,1.2,parameter_factor,eta,1.3,0.0,0,240.0,0.7811712702269877,1.0107443951998945,81.30635940331383,7.724235635692219
beta_high__eta_1.4,beta_high,beta,1.2,parameter_factor,eta,1.4,0.0,0,240.0,0.728614715201958,1.0132796135240223,75.83613499193292,7.743610092593972
beta_high__beta_0.6,beta_high,beta,1.2,parameter_factor,beta,0.6,0.0,0,240.0,0.578366978263732,0.6159883869363217,60.19795554956264,4.70746063212659
beta_high__beta_0.7,beta_high,beta,1.2,parameter_factor,beta,0.7,0.0,0,240.0,0.6836069709761511,0.7164952826021679,71.15161065338096,5.47554695426879
beta_high__beta_0.8,beta_high,beta,1.2,parameter_factor,beta,0.8,0.0,0,240.0,0.7889629270359733,0.8139148089548003,82.1173355272496,6.220039212290602
beta_high__beta_0.9,beta_high,beta,1.2,parameter_factor,beta,0.9,0.0,0,240.0,0.8944290937833179,0.9083720753680222,93.0945314192052,6.941893507742607
beta_high__beta_1.0,beta_high,beta,1.2,parameter_factor,beta,1.0,0.0,0,240.0,1.0,1.0,104.08262887047594,7.64212561788641
beta_high__beta_1.1,beta_high,beta,1.2,parameter_factor,beta,1.1,0.0,0,240.0,1.105670465759828,1.0889285212789757,115.08108874072646,8.321728548513226
beta_high__beta_1.2,beta_high,beta,1.2,parameter_factor,beta,1.2,0.0,0,240.0,1.211435512496741,1.1752857228612938,126.08939284771311,8.98168113101444
beta_high__beta_1.3,beta_high,beta,1.2,parameter_factor,beta,1.3,0.0,0,240.0,1.3172904363227445,1.2591947287061562,137.10705159840754,9.622924294152844
beta_high__beta_1.4,beta_high,beta,1.2,parameter_factor,beta,1.4,0.0,0,240.0,1.4232307305078702,1.340773552892317,148.13359592050702,10.246359916342955
beta_high__Xc_0.6,beta_high,beta,1.2,parameter_factor,Xc,0.6,0.0,0,240.0,0.7898846093772358,0.4725341622564594,82.2132666483117,3.611165426706582
beta_high__Xc_0.7,beta_high,beta,1.2,parameter_factor,Xc,0.7,0.0,0,240.0,0.8675442769519088,0.6099160624772587,90.29628900669093,4.661055165817867
beta_high__Xc_0.8,beta_high,beta,1.2,parameter_factor,Xc,0.8,0.0,0,240.0,0.9239583929353568,0.7442095170494109,96.16801850365212,5.687342615318175
beta_high__Xc_0.9,beta_high,beta,1.2,parameter_factor,Xc,0.9,0.0,0,240.0,0.9666446900041146,0.8744745735431052,100.61092051931452,6.682844540664058
beta_high__Xc_1.0,beta_high,beta,1.2,parameter_factor,Xc,1.0,0.0,0,240.0,1.0,1.0,104.08262887047594,7.64212561788641
beta_high__Xc_1.1,beta_high,beta,1.2,parameter_factor,Xc,1.1,0.0,0,240.0,1.0267562583480576,1.1202792044257326,106.8674905780794,8.561314407327297
beta_high__Xc_1.2,beta_high,beta,1.2,parameter_factor,Xc,1.2,0.0,0,240.0,1.0486940397269116,1.2349994139742542,109.1508325355763,9.438020659607352
beta_high__Xc_1.3,beta_high,beta,1.2,parameter_factor,Xc,1.3,0.0,0,240.0,1.067019544345489,1.3440099041333855,111.05819923165588,10.271092519070804
beta_high__Xc_1.4,beta_high,beta,1.2,parameter_factor,Xc,1.4,0.0,0,240.0,1.0825766477888021,1.4472965633445114,112.67742345564584,11.060422143414051
beta_high__epsilon_0.6,beta_high,beta,1.2,parameter_factor,epsilon,0.6,0.0,0,240.0,1.063748213527668,1.5666631837832015,110.71771052023206,11.972636851389089
beta_high__epsilon_0.7,beta_high,beta,1.2,parameter_factor,epsilon,0.7,0.0,0,240.0,1.0487893422006052,1.3840490554023688,109.16075186757618,10.577076742701928
beta_high__epsilon_0.8,beta_high,beta,1.2,parameter_factor,epsilon,0.8,0.0,0,240.0,1.0331498952563702,1.2336559286931872,107.53295711553989,9.427753576323656
beta_high__epsilon_0.9,beta_high,beta,1.2,parameter_factor,epsilon,0.9,0.0,0,240.0,1.0168734805804565,1.107462287060205,105.83886508748478,8.463365914785866
beta_high__epsilon_1.0,beta_high,beta,1.2,parameter_factor,epsilon,1.0,0.0,0,240.0,1.0,1.0,104.08262887047594,7.64212561788641
beta_high__epsilon_1.1,beta_high,beta,1.2,parameter_factor,epsilon,1.1,0.0,0,240.0,0.9825659288255707,0.9073773765739928,102.26804491072636,6.934291894606674
beta_high__epsilon_1.2,beta_high,beta,1.2,parameter_factor,epsilon,1.2,0.0,0,240.0,0.9646046122239906,0.8267326961793832,100.39858386085898,6.317995116616766
beta_high__epsilon_1.3,beta_high,beta,1.2,parameter_factor,epsilon,1.3,0.0,0,240.0,0.9461464270045511,0.7559042284260086,98.47740741904155,5.77671506872306
beta_high__epsilon_1.4,beta_high,beta,1.2,parameter_factor,epsilon,1.4,0.0,0,240.0,0.927219120152045,0.6932238593582367,96.50740356439454,5.297703814531666
beta_high__mex_9.999999999999999e-05,beta_high,beta,1.2,h_ext_absolute,h_ext,0.0001,0.0001,0,240.0,0.9987517767234344,0.9819316665988059,103.95271051043368,7.504045144328631
beta_high__mex_0.0001668100537200059,beta_high,beta,1.2,h_ext_absolute,h_ext,0.00016681005372,0.00016681005372,0,240.0,0.9979088342390875,0.9698484617079369,103.86497484067624,7.411703774685951
beta_high__mex_0.0002782559402207126,beta_high,beta,1.2,h_ext_absolute,h_ext,0.0002782559402207,0.0002782559402207,0,240.0,0.9964863731734832,0.949672658080608,103.71692135350224,7.257517748924095
beta_high__mex_0.00046415888336127773,beta_high,beta,1.2,h_ext_absolute,h_ext,0.0004641588833612,0.0004641588833612,0,240.0,0.9940665679247019,0.9159579284609987,103.46506166185452,6.999865549997965
beta_high__mex_0.000774263682681127,beta_high,beta,1.2,h_ext_absolute,h_ext,0.0007742636826811,0.0007742636826811,0,240.0,0.9898923618076113,0.8595449858752947,103.0305993157405,6.568750756283402
beta_high__mex_0.001291549665014884,beta_high,beta,1.2,h_ext_absolute,h_ext,0.0012915496650148,0.0012915496650148,0,240.0,0.9825100993211,0.7649599846297617,102.26223402913251,5.845920295197096
beta_high__mex_0.002154434690031882,beta_high,beta,1.2,h_ext_absolute,h_ext,0.0021544346900318,0.0021544346900318,0,240.0,0.9688292480447552,0.6066279299406119,100.83829506310454,4.635926843924552
beta_high__mex_0.0035938136638046254,beta_high,beta,1.2,h_ext_absolute,h_ext,0.0035938136638046,0.0035938136638046,0,240.0,0.9409249810219532,0.36882996579686533,97.93394559466758,2.8186449302603926
beta_high__mex_0.005994842503189409,beta_high,beta,1.2,h_ext_absolute,h_ext,0.0059948425031894,0.0059948425031894,0,240.0,0.8697527251928193,0.20533836739463895,90.52615010532926,1.5692215978015418
epsilon_low__baseline,epsilon_low,epsilon,0.8,baseline,baseline,1.0,0.0,0,240.0,1.0,1.0,89.17659423437573,8.054649132564359
epsilon_low__eta_0.7,epsilon_low,epsilon,0.8,parameter_factor,eta,0.7,0.0,0,240.0,1.3995804942881733,0.9881019579103967,124.80982183748344,7.958814578168122
epsilon_low__eta_0.8,epsilon_low,epsilon,0.8,parameter_factor,eta,0.8,0.0,0,240.0,1.2339090900148664,0.9931535978586439,110.03581024236354,7.999503765495298
epsilon_low__eta_0.9,epsilon_low,epsilon,0.8,parameter_factor,eta,0.9,0.0,0,240.0,1.1042718441102404,0.9970245041489035,98.47520216666472,8.030682557488376
epsilon_low__eta_1.0,epsilon_low,epsilon,0.8,parameter_factor,eta,1.0,0.0,0,240.0,1.0,1.0,89.17659423437573,8.054649132564359
epsilon_low__eta_1.1,epsilon_low,epsilon,0.8,parameter_factor,eta,1.1,0.0,0,240.0,0.9142684071085216,1.0022787702190663,81.53134276202567,8.073003827132675
epsilon_low__eta_1.2,epsilon_low,epsilon,0.8,parameter_factor,eta,1.2,0.0,0,240.0,0.842505320560854,1.0040083573704182,75.13175511195793,8.086935044781006
epsilon_low__eta_1.3,epsilon_low,epsilon,0.8,parameter_factor,eta,1.3,0.0,0,240.0,0.7815319721550555,1.0052969825039515,69.69435956206281,8.097314468095021
epsilon_low__eta_1.4,epsilon_low,epsilon,0.8,parameter_factor,eta,1.4,0.0,0,240.0,0.7290688095585751,1.0062256943484365,65.01587339894441,8.104794916147604
epsilon_low__beta_0.6,epsilon_low,epsilon,0.8,parameter_factor,beta,0.6,0.0,0,240.0,0.5895703335393047,0.6271145940177593,52.57587440666013,5.051188020723595
epsilon_low__beta_0.7,epsilon_low,epsilon,0.8,parameter_factor,beta,0.7,0.0,0,240.0,0.6920056622403117,0.7246307661507623,61.710708149494735,5.836646572005685
epsilon_low__beta_0.8,epsilon_low,epsilon,0.8,parameter_factor,beta,0.8,0.0,0,240.0,0.794559980831077,0.8192037454692701,70.85615300544632,6.59839873783753
epsilon_low__beta_0.9,epsilon_low,epsilon,0.8,parameter_factor,beta,0.9,0.0,0,240.0,0.8972267689117925,0.9109520176868624,80.01162750746693,7.337398879069239
epsilon_low__beta_1.0,epsilon_low,epsilon,0.8,parameter_factor,beta,1.0,0.0,0,240.0,1.0,1.0,89.17659423437573,8.054649132564359
epsilon_low__beta_1.1,epsilon_low,epsilon,0.8,parameter_factor,beta,1.1,0.0,0,240.0,1.1028738458508098,1.086467086368117,98.35053344314312,8.75111117477468
epsilon_low__beta_1.2,epsilon_low,epsilon,0.8,parameter_factor,beta,1.2,0.0,0,240.0,1.2058428339718783,1.170473526675164,107.53295711553989,9.427753576323656
epsilon_low__beta_1.3,epsilon_low,epsilon,0.8,parameter_factor,beta,1.3,0.0,0,240.0,1.3089018929080203,1.2521360474053937,116.72341299646484,10.08551652808642
epsilon_low__beta_1.4,epsilon_low,epsilon,0.8,parameter_factor,beta,1.4,0.0,0,240.0,1.4120460796018237,1.3315633381381142,125.92146028089284,10.725275486488664
epsilon_low__Xc_0.6,epsilon_low,epsilon,0.8,parameter_factor,Xc,0.6,0.0,0,240.0,0.8096470540527738,0.4959940601394359,72.20156681232189,3.995058126259182
epsilon_low__Xc_0.7,epsilon_low,epsilon,0.8,parameter_factor,Xc,0.7,0.0,0,240.0,0.8798327702594991,0.6299815064177272,78.46048994753808,5.074279994199134
epsilon_low__Xc_0.8,epsilon_low,epsilon,0.8,parameter_factor,Xc,0.8,0.0,0,240.0,0.9309008110156566,0.7591681405401338,83.01456389639449,6.114833004672087
epsilon_low__Xc_0.9,epsilon_low,epsilon,0.8,parameter_factor,Xc,0.9,0.0,0,240.0,0.9696353257994087,0.8826920192378117,86.46877600413058,7.109774507075323
epsilon_low__Xc_1.0,epsilon_low,epsilon,0.8,parameter_factor,Xc,1.0,0.0,0,240.0,1.0,1.0,89.17659423437573,8.054649132564359
epsilon_low__Xc_1.1,epsilon_low,epsilon,0.8,parameter_factor,Xc,1.1,0.0,0,240.0,1.024454808860082,1.110805400013565,91.35739080117048,8.947147751667067
epsilon_low__Xc_1.2,epsilon_low,epsilon,0.8,parameter_factor,Xc,1.2,0.0,0,240.0,1.044601196686541,1.2150436682988637,93.15397705365896,9.78675042889126
epsilon_low__Xc_1.3,epsilon_low,epsilon,0.8,parameter_factor,Xc,1.3,0.0,0,240.0,1.0615225882033847,1.3128122391270518,94.66296911883757,10.574241963104582
epsilon_low__Xc_1.4,epsilon_low,epsilon,0.8,parameter_factor,Xc,1.4,0.0,0,240.0,1.0759759556219666,1.4043275148802856,95.95187120044478,11.311365399566755
epsilon_low__epsilon_0.6,epsilon_low,epsilon,0.8,parameter_factor,epsilon,0.6,0.0,0,240.0,1.0542270297624634,1.5208303663504608,94.01237606403834,12.249754991102275
epsilon_low__epsilon_0.7,epsilon_low,epsilon,0.8,parameter_factor,epsilon,0.7,0.0,0,240.0,1.0415447414734382,1.354713949882071,92.88141278732458,10.91174554129046
epsilon_low__epsilon_0.8,epsilon_low,epsilon,0.8,parameter_factor,epsilon,0.8,0.0,0,240.0,1.0282556708927093,1.2167590323484854,91.69633873239492,9.800567084445577
epsilon_low__epsilon_0.9,epsilon_low,epsilon,0.8,parameter_factor,epsilon,0.9,0.0,0,240.0,1.0143962256054573,1.1000874142057386,90.46040060370012,8.86081813657722
epsilon_low__epsilon_1.0,epsilon_low,epsilon,0.8,parameter_factor,epsilon,1.0,0.0,0,240.0,1.0,1.0,89.17659423437573,8.054649132564359
epsilon_low__epsilon_1.1,epsilon_low,epsilon,0.8,parameter_factor,epsilon,1.1,0.0,0,240.0,0.9850977847731248,0.913140486124819,87.84766543389534,7.3550262244746705
epsilon_low__epsilon_1.2,epsilon_low,epsilon,0.8,parameter_factor,epsilon,1.2,0.0,0,240.0,0.9697180182520234,0.8370348258632229,86.47615023542365,6.742021834065367
epsilon_low__epsilon_1.3,epsilon_low,epsilon,0.8,parameter_factor,epsilon,1.3,0.0,0,240.0,0.9538867494181612,0.7698028653372825,85.064371598411,6.2004919815345
epsilon_low__epsilon_1.4,epsilon_low,epsilon,0.8,parameter_factor,epsilon,1.4,0.0,0,240.0,0.9376279911123042,0.7099866350588053,83.6144709062148,5.718693234208694
epsilon_low__mex_9.999999999999999e-05,epsilon_low,epsilon,0.8,h_ext_absolute,h_ext,0.0001,0.0001,0,240.0,0.9989848595795282,0.9848486011004164,89.0860674690084,7.932609930560691
epsilon_low__mex_0.0001668100537200059,epsilon_low,epsilon,0.8,h_ext_absolute,h_ext,0.00016681005372,0.00016681005372,0,240.0,0.9983005626724316,0.9747111538680286,89.02504420138841,7.850956350003923
epsilon_low__mex_0.0002782559402207126,epsilon_low,epsilon,0.8,h_ext_absolute,h_ext,0.0002782559402207,0.0002782559402207,0,240.0,0.9971478487052948,0.9577717197795041,88.92224909567275,7.7145151519166575
epsilon_low__mex_0.00046415888336127773,epsilon_low,epsilon,0.8,h_ext_absolute,h_ext,0.0004641588833612,0.0004641588833612,0,240.0,0.9951931496959037,0.9294343493205439,88.74793569526194,7.486267575530238
epsilon_low__mex_0.000774263682681127,epsilon_low,epsilon,0.8,h_ext_absolute,h_ext,0.0007742636826811,0.0007742636826811,0,240.0,0.9918397312715854,0.8819226519042176,88.44888926113843,7.103577523149165
epsilon_low__mex_0.001291549665014884,epsilon_low,epsilon,0.8,h_ext_absolute,h_ext,0.0012915496650148,0.0012915496650148,0,240.0,0.985967077014906,0.8019314986449592,87.92518595541176,6.459276849936657
epsilon_low__mex_0.002154434690031882,epsilon_low,epsilon,0.8,h_ext_absolute,h_ext,0.0021544346900318,0.0021544346900318,0,240.0,0.9752830367959444,0.6663322884968,86.97241963602167,5.367072789540375
epsilon_low__mex_0.0035938136638046254,epsilon_low,epsilon,0.8,h_ext_absolute,h_ext,0.0035938136638046,0.0035938136638046,0,240.0,0.954302766850144,0.4418902530736252,85.10147061613736,3.5592709436081207
epsilon_low__mex_0.005994842503189409,epsilon_low,epsilon,0.8,h_ext_absolute,h_ext,0.0059948425031894,0.0059948425031894,0,240.0,0.9051624346141324,0.2300895792725233,80.71930314778413,1.853290830099528
epsilon_high__baseline,epsilon_high,epsilon,1.2,baseline,baseline,1.0,0.0,0,240.0,1.0,1.0,82.12840852277255,5.287355251268268
epsilon_high__eta_0.7,epsilon_high,epsilon,1.2,parameter_factor,eta,0.7,0.0,0,240.0,1.3881872402875213,0.969352316167614,114.00960877643377,5.125310059217893
epsilon_high__eta_0.8,epsilon_high,epsilon,1.2,parameter_factor,eta,0.8,0.0,0,240.0,1.2276664595420528,0.9811923115641185,100.82629251897552,5.187912321052592
epsilon_high__eta_0.9,epsilon_high,epsilon,1.2,parameter_factor,eta,0.9,0.0,0,240.0,1.1016497505548564,0.9912837320331352,90.47674076257972,5.241269246062204
epsilon_high__eta_1.0,epsilon_high,epsilon,1.2,parameter_factor,eta,1.0,0.0,0,240.0,1.0,1.0,82.12840852277255,5.287355251268268
epsilon_high__eta_1.1,epsilon_high,epsilon,1.2,parameter_factor,eta,1.1,0.0,0,240.0,0.9162115312300089,1.0076094028617775,75.24699493013314,5.327588867448504
epsilon_high__eta_1.2,epsilon_high,epsilon,1.2,parameter_factor,eta,1.2,0.0,0,240.0,0.8459143211292953,1.014310938332436,69.47359694097057,5.36302226621085
epsilon_high__eta_1.3,epsilon_high,epsilon,1.2,parameter_factor,eta,1.3,0.0,0,240.0,0.7860621913593038,1.020256205296469,64.55803677626271,5.394457004713321
epsilon_high__eta_1.4,epsilon_high,epsilon,1.2,parameter_factor,eta,1.4,0.0,0,240.0,0.7344657891788744,1.025563444402634,60.32050637968313,5.42251826327104
epsilon_high__beta_0.6,epsilon_high,epsilon,1.2,parameter_factor,beta,0.6,0.0,0,240.0,0.5561309009235679,0.5833179895944568,45.674145823188326,3.0842094354415
epsilon_high__beta_0.7,epsilon_high,epsilon,1.2,parameter_factor,beta,0.7,0.0,0,240.0,0.6669498915022859,0.6907795784928976,54.77553315351856,3.652397031813303
epsilon_high__beta_0.8,epsilon_high,epsilon,1.2,parameter_factor,beta,0.8,0.0,0,240.0,0.7778762546392971,0.7961412309506339,63.88573882118044,4.209481518218017
epsilon_high__beta_0.9,epsilon_high,epsilon,1.2,parameter_factor,beta,0.9,0.0,0,240.0,0.8888947111836725,0.8992147841454792,73.00350797382457,4.754468010969662
epsilon_high__beta_1.0,epsilon_high,epsilon,1.2,parameter_factor,beta,1.0,0.0,0,240.0,1.0,1.0,82.12840852277255,5.287355251268268
epsilon_high__beta_1.1,epsilon_high,epsilon,1.2,parameter_factor,beta,1.1,0.0,0,240.0,1.1111888953093803,1.0985481827142636,91.26017553993712,5.8084145026454745
epsilon_high__beta_1.2,epsilon_high,epsilon,1.2,parameter_factor,beta,1.2,0.0,0,240.0,1.2224586554970256,1.194925405305664,100.39858386085898,6.317995116616766
epsilon_high__beta_1.3,epsilon_high,epsilon,1.2,parameter_factor,beta,1.3,0.0,0,240.0,1.3338065360535056,1.28920110723048,109.54340808334646,6.816464244255945
epsilon_high__beta_1.4,epsilon_high,epsilon,1.2,parameter_factor,beta,1.4,0.0,0,240.0,1.4452300152925495,1.3814454670753187,118.69444110531931,7.304192944681432
epsilon_high__Xc_0.6,epsilon_high,epsilon,1.2,parameter_factor,Xc,0.6,0.0,0,240.0,0.6924364949596706,0.4086641074818239,56.868707334124565,2.1607523146988816
epsilon_high__Xc_0.7,epsilon_high,epsilon,1.2,parameter_factor,Xc,0.7,0.0,0,240.0,0.8066298523868342,0.5599536064854169,66.24722604348963,2.9606736417172743
epsilon_high__Xc_0.8,epsilon_high,epsilon,1.2,parameter_factor,Xc,0.8,0.0,0,240.0,0.8892784373091887,0.7102017602986095,73.03502278982182,3.7550890067748206
epsilon_high__Xc_0.9,epsilon_high,epsilon,1.2,parameter_factor,Xc,0.9,0.0,0,240.0,0.951549019037633,0.8572357209603093,78.14920656496619,4.532509790794231
epsilon_high__Xc_1.0,epsilon_high,epsilon,1.2,parameter_factor,Xc,1.0,0.0,0,240.0,1.0,1.0,82.12840852277255,5.287355251268268
epsilon_high__Xc_1.1,epsilon_high,epsilon,1.2,parameter_factor,Xc,1.1,0.0,0,240.0,1.0386995377638268,1.1377997171731085,85.30673996988257,6.015951309486785
epsilon_high__Xc_1.2,epsilon_high,epsilon,1.2,parameter_factor,Xc,1.2,0.0,0,240.0,1.0702930467780971,1.2701607973751687,87.90146458487446,6.71579136195669
epsilon_high__Xc_1.3,epsilon_high,epsilon,1.2,parameter_factor,Xc,1.3,0.0,0,240.0,1.0965688287226,1.3967878233612845,90.0594527386679,7.385313432756862
epsilon_high__Xc_1.4,epsilon_high,epsilon,1.2,parameter_factor,Xc,1.4,0.0,0,240.0,1.118775585988835,1.5175405876338854,91.8832583713953,8.023776195038758
epsilon_high__epsilon_0.6,epsilon_high,epsilon,1.2,parameter_factor,epsilon,0.6,0.0,0,240.0,1.1014507918854572,1.6758507260225837,90.46040060370017,8.860818136577247
epsilon_high__epsilon_0.7,epsilon_high,epsilon,1.2,parameter_factor,epsilon,0.7,0.0,0,240.0,1.0777952031812228,1.4549610163703075,88.5176047507521,7.692895770296162
epsilon_high__epsilon_0.8,epsilon_high,epsilon,1.2,parameter_factor,epsilon,0.8,0.0,0,240.0,1.0529383412007252,1.2751217789741245,86.47615023542362,6.742021834065373
epsilon_high__epsilon_0.9,epsilon_high,epsilon,1.2,parameter_factor,epsilon,0.9,0.0,0,240.0,1.0269779061753663,1.1258468245239779,84.34406102223205,5.952752119770559
epsilon_high__epsilon_1.0,epsilon_high,epsilon,1.2,parameter_factor,epsilon,1.0,0.0,0,240.0,1.0,1.0,82.12840852277255,5.287355251268268
epsilon_high__epsilon_1.1,epsilon_high,epsilon,1.2,parameter_factor,epsilon,1.1,0.0,0,240.0,0.9720803245724298,0.892527740060509,79.83541001343384,4.719111233311532
epsilon_high__epsilon_1.2,epsilon_high,epsilon,1.2,parameter_factor,epsilon,1.2,0.0,0,240.0,0.9432858846148281,0.7997424390444194,77.47056848541149,4.228522384743604
epsilon_high__epsilon_1.3,epsilon_high,epsilon,1.2,parameter_factor,epsilon,1.3,0.0,0,240.0,0.9136762655840729,0.7188908091737379,75.03877759744996,3.8010310949732578
epsilon_high__epsilon_1.4,epsilon_high,epsilon,1.2,parameter_factor,epsilon,1.4,0.0,0,240.0,0.8833053701743131,0.6478825198529633,72.54446429203482,3.4255850435494835
epsilon_high__mex_9.999999999999999e-05,epsilon_high,epsilon,1.2,h_ext_absolute,h_ext,0.0001,0.0001,0,240.0,0.9985799583659574,0.9858495932438197,82.01178276333255,5.212537023798396
epsilon_high__mex_0.0001668100537200059,epsilon_high,epsilon,1.2,h_ext_absolute,h_ext,0.00016681005372,0.00016681005372,0,240.0,0.9976237976365565,0.9764117674644216,81.93325480433488,5.162635886103141
epsilon_high__mex_0.0002782559402207126,epsilon_high,epsilon,1.2,h_ext_absolute,h_ext,0.0002782559402207,0.0002782559402207,0,240.0,0.9960153619843868,0.9606991128004841,81.8011565440109,5.079557498954406
epsilon_high__mex_0.00046415888336127773,epsilon_high,epsilon,1.2,h_ext_absolute,h_ext,0.0004641588833612,0.0004641588833612,0,240.0,0.9932939874772566,0.93457729023044,81.57765438674585,4.941442143215985
epsilon_high__mex_0.000774263682681127,epsilon_high,epsilon,1.2,h_ext_absolute,h_ext,0.0007742636826811,0.0007742636826811,0,240.0,0.9886441321364642,0.8912719551322412,81.19576916774545,4.712471452276592
epsilon_high__mex_0.001291549665014884,epsilon_high,epsilon,1.2,h_ext_absolute,h_ext,0.0012915496650148,0.0012915496650148,0,240.0,0.9805620641364666,0.8199155494430846,80.53200178533282,4.335184785944401
epsilon_high__mex_0.002154434690031882,epsilon_high,epsilon,1.2,h_ext_absolute,h_ext,0.0021544346900318,0.0021544346900318,0,240.0,0.9660783485392433,0.7042760101599546,79.34247727383642,3.7237574606615
epsilon_high__mex_0.0035938136638046254,epsilon_high,epsilon,1.2,h_ext_absolute,h_ext,0.0035938136638046,0.0035938136638046,0,240.0,0.93860237836593,0.5290558701081383,77.08591957088302,2.797306333030568
epsilon_high__mex_0.005994842503189409,epsilon_high,epsilon,1.2,h_ext_absolute,h_ext,0.0059948425031894,0.0059948425031894,0,240.0,0.8804179756856108,0.33763138972767565,72.30732717790026,1.785177101469629
Xc_low__baseline,Xc_low,Xc,0.8,baseline,baseline,1.0,0.0,0,240.0,1.0,1.0,78.18382987660868,4.747079947018992
Xc_low__eta_0.7,Xc_low,Xc,0.8,parameter_factor,eta,0.7,0.0,0,240.0,1.3862030060134745,0.9639878482080126,108.37865999660104,4.576127383398245
Xc_low__eta_0.8,Xc_low,Xc,0.8,parameter_factor,eta,0.8,0.0,0,240.0,1.2265988768062805,0.9777169609417924,95.90019791106154,4.641300579147134
Xc_low__eta_0.9,Xc_low,Xc,0.8,parameter_factor,eta,0.9,0.0,0,240.0,1.101209065651276,0.9895924335731012,86.09674224745858,4.697674397136593
Xc_low__eta_1.0,Xc_low,Xc,0.8,parameter_factor,eta,1.0,0.0,0,240.0,1.0,1.0,78.18382987660868,4.747079947018992
Xc_low__eta_1.1,Xc_low,Xc,0.8,parameter_factor,eta,1.1,0.0,0,240.0,0.9165275531368834,1.0092171347399326,71.65763429167852,4.790834422511899
Xc_low__eta_1.2,Xc_low,Xc,0.8,parameter_factor,eta,1.2,0.0,0,240.0,0.8464601337156823,1.017451082339409,66.17949509175834,4.829921630046178
Xc_low__eta_1.3,Xc_low,Xc,0.8,parameter_factor,eta,1.3,0.0,0,240.0,0.7867765583358268,1.024859207743038,61.51320458783197,4.865088593594748
Xc_low__eta_1.4,Xc_low,Xc,0.8,parameter_factor,eta,1.4,0.0,0,240.0,0.7353042373117417,1.0315660210828677,57.48890139753071,4.896926372708652
Xc_low__beta_0.6,Xc_low,Xc,0.8,parameter_factor,beta,0.6,0.0,0,240.0,0.5413348327400561,0.5727068425853724,42.32363046923096,2.718685167957584
Xc_low__beta_0.7,Xc_low,Xc,0.8,parameter_factor,beta,0.7,0.0,0,240.0,0.655797128089519,0.6832118791104033,51.2727310961195,3.243261410890159
Xc_low__beta_0.8,Xc_low,Xc,0.8,parameter_factor,beta,0.8,0.0,0,240.0,0.770411930290424,0.7914592435243979,60.23375529273622,3.7571203038174903
Xc_low__beta_0.9,Xc_low,Xc,0.8,parameter_factor,beta,0.9,0.0,0,240.0,0.8851492185966018,0.8970700453312462,69.20435592216982,4.2584632232633775
Xc_low__beta_1.0,Xc_low,Xc,0.8,parameter_factor,beta,1.0,0.0,0,240.0,1.0,1.0,78.18382987660868,4.747079947018992
Xc_low__beta_1.1,Xc_low,Xc,0.8,parameter_factor,beta,1.1,0.0,0,240.0,1.1149596619404256,1.100305473875475,87.17181652843136,5.223238050629496
Xc_low__beta_1.2,Xc_low,Xc,0.8,parameter_factor,beta,1.2,0.0,0,240.0,1.230024400894999,1.1980717996733206,96.16801850365212,5.687342615318175
Xc_low__beta_1.3,Xc_low,Xc,0.8,parameter_factor,beta,1.3,0.0,0,240.0,1.3451907589420116,1.2933918246837068,105.17216544870836,6.139834394594329
Xc_low__beta_1.4,Xc_low,Xc,0.8,parameter_factor,beta,1.4,0.0,0,240.0,1.4604552797445114,1.38635813153876,114.18398713393982,6.581152885614366
Xc_low__Xc_0.6,Xc_low,Xc,0.8,parameter_factor,Xc,0.6,0.0,0,240.0,0.6461658045887874,0.380900086882693,50.51971733805172,1.808163164258624
Xc_low__Xc_0.7,Xc_low,Xc,0.8,parameter_factor,Xc,0.7,0.0,0,240.0,0.7770742224992593,0.5363366247320017,60.754638813380055,2.546032836117136
Xc_low__Xc_0.8,Xc_low,Xc,0.8,parameter_factor,Xc,0.8,0.0,0,240.0,0.8722014672754294,0.6931731002872774,68.19205113559065,3.2905481241867194
Xc_low__Xc_0.9,Xc_low,Xc,0.8,parameter_factor,Xc,0.9,0.0,0,240.0,0.9440330881300754,0.8481462432843841,73.80812236025135,4.026218023634792
Xc_low__Xc_1.0,Xc_low,Xc,0.8,parameter_factor,Xc,1.0,0.0,0,240.0,1.0,1.0,78.18382987660868,4.747079947018992
Xc_low__Xc_1.1,Xc_low,Xc,0.8,parameter_factor,Xc,1.1,0.0,0,240.0,1.044732332941921,1.1479755071559512,81.68117498532365,5.449531509688974
Xc_low__Xc_1.2,Xc_low,Xc,0.8,parameter_factor,Xc,1.2,0.0,0,240.0,1.0812503314108157,1.291518201116094,84.53629196504998,6.130940153728251
Xc_low__Xc_1.3,Xc_low,Xc,0.8,parameter_factor,Xc,1.3,0.0,0,240.0,1.1116016882109703,1.4302196404506622,86.90927728163751,6.789366975016052
Xc_low__Xc_1.4,Xc_low,Xc,0.8,parameter_factor,Xc,1.4,0.0,0,240.0,1.137220022404028,1.5638024181210952,88.91221676390964,7.4234951001624605
Xc_low__epsilon_0.6,Xc_low,Xc,0.8,parameter_factor,epsilon,0.6,0.0,0,240.0,1.1188377017551905,1.7096071391723713,87.47501653356366,8.115641767645672
Xc_low__epsilon_0.7,Xc_low,Xc,0.8,parameter_factor,epsilon,0.7,0.0,0,240.0,1.090951892616205,1.4770335260880314,85.29479717586963,7.011596232767248
Xc_low__epsilon_0.8,Xc_low,Xc,0.8,parameter_factor,epsilon,0.8,0.0,0,240.0,1.0617868685559375,1.288125136487747,83.01456389639449,6.114833004672087
Xc_low__epsilon_0.9,Xc_low,Xc,0.8,parameter_factor,epsilon,0.9,0.0,0,240.0,1.0314402931162832,1.1316572173883834,80.64195240488287,5.372067283563707
Xc_low__epsilon_1.0,Xc_low,Xc,0.8,parameter_factor,epsilon,1.0,0.0,0,240.0,1.0,1.0,78.18382987660868,4.747079947018992
Xc_low__epsilon_1.1,Xc_low,Xc,0.8,parameter_factor,epsilon,1.1,0.0,0,240.0,0.9675446786621793,0.8877646823135814,75.64634855454185,4.2142899210824885
Xc_low__epsilon_1.2,Xc_low,Xc,0.8,parameter_factor,epsilon,1.2,0.0,0,240.0,0.9341448596862956,0.7910313389882745,73.03502278982182,3.7550890067748206
Xc_low__epsilon_1.3,Xc_low,Xc,0.8,parameter_factor,epsilon,1.3,0.0,0,240.0,0.8998645689337766,0.7068890886234167,70.3548583695062,3.355659017370753
Xc_low__epsilon_1.4,Xc_low,Xc,0.8,parameter_factor,epsilon,1.4,0.0,0,240.0,0.8647631150923921,0.6331434717947979,67.61049227394976,3.00558267854307
Xc_low__mex_9.999999999999999e-05,Xc_low,Xc,0.8,h_ext_absolute,h_ext,0.0001,0.0001,0,240.0,0.9984958267142224,0.9864576370625462,78.06622784832851,4.682793267483352
Xc_low__mex_0.0001668100537200059,Xc_low,Xc,0.8,h_ext_absolute,h_ext,0.00016681005372,0.00016681005372,0,240.0,0.9974835165565877,0.9774339434439757,77.98708156318163,4.639957072458593
Xc_low__mex_0.0002782559402207126,Xc_low,Xc,0.8,h_ext_absolute,h_ext,0.0002782559402207,0.0002782559402207,0,240.0,0.9957815830042794,0.9624256055969251,77.85401787986667,4.568711292826773
Xc_low__mex_0.00046415888336127773,Xc_low,Xc,0.8,h_ext_absolute,h_ext,0.0004641588833612,0.0004641588833612,0,240.0,0.9929048100165825,0.9375189049556576,77.62910075000295,4.450477193666207
Xc_low__mex_0.000774263682681127,Xc_low,Xc,0.8,h_ext_absolute,h_ext,0.0007742636826811,0.0007742636826811,0,240.0,0.9879977244803673,0.89635428346977,77.24544600924953,4.255065444483923
Xc_low__mex_0.001291549665014884,Xc_low,Xc,0.8,h_ext_absolute,h_ext,0.0012915496650148,0.0012915496650148,0,240.0,0.9794946634460382,0.8288981899122027,76.58064413191113,3.9348459754525575
Xc_low__mex_0.002154434690031882,Xc_low,Xc,0.8,h_ext_absolute,h_ext,0.0021544346900318,0.0021544346900318,0,240.0,0.9643459747908804,0.720656471265736,75.39626163524255,3.421013883435044
Xc_low__mex_0.0035938136638046254,Xc_low,Xc,0.8,h_ext_absolute,h_ext,0.0035938136638046,0.0035938136638046,0,240.0,0.9359633698826306,0.5586745023204494,73.17720088164096,2.6520725268762204
Xc_low__mex_0.005994842503189409,Xc_low,Xc,0.8,h_ext_absolute,h_ext,0.0059948425031894,0.0059948425031894,0,240.0,0.8776338805195901,0.37465838741896174,68.61677800849155,1.778533317899026
Xc_high__baseline,Xc_high,Xc,1.2,baseline,baseline,1.0,0.0,0,240.0,1.0,1.0,90.62574421964096,8.03251737136269
Xc_high__eta_0.7,Xc_high,Xc,1.2,parameter_factor,eta,0.7,0.0,0,240.0,1.398286461887272,0.9902001609804119,126.72075124078265,7.95379999420129
Xc_high__eta_0.8,Xc_high,Xc,1.2,parameter_factor,eta,0.8,0.0,0,240.0,1.233178185637244,0.994510738246367,111.75769082880178,7.988424780970677
Xc_high__eta_0.9,Xc_high,Xc,1.2,parameter_factor,eta,0.9,0.0,0,240.0,1.1039562397489613,0.9976826303669418,100.046855813166,8.013903059529282
Xc_high__eta_1.0,Xc_high,Xc,1.2,parameter_factor,eta,1.0,0.0,0,240.0,1.0,1.0,90.62574421964096,8.03251737136269
Xc_high__eta_1.1,Xc_high,Xc,1.2,parameter_factor,eta,1.1,0.0,0,240.0,0.9145139520718476,1.0016597270785568,82.87850750575626,8.045849157952919
Xc_high__eta_1.2,Xc_high,Xc,1.2,parameter_factor,eta,1.2,0.0,0,240.0,0.8429455746217166,1.002806955275665,76.39257003674597,8.055064288375108
Xc_high__eta_1.3,Xc_high,Xc,1.2,parameter_factor,eta,1.3,0.0,0,240.0,0.7821290908864088,1.0035463037568637,70.881030937412,8.061003117893828
Xc_high__eta_1.4,Xc_high,Xc,1.2,parameter_factor,eta,1.4,0.0,0,240.0,0.7297939556529858,1.0039584063139242,66.13812035804749,8.064313338842197
Xc_high__beta_0.6,Xc_high,Xc,1.2,parameter_factor,beta,0.6,0.0,0,240.0,0.5921628530038405,0.6230598274302521,53.6651992526989,5.00473888723174
Xc_high__beta_0.7,Xc_high,Xc,1.2,parameter_factor,beta,0.7,0.0,0,240.0,0.6939879811932163,0.7208670605824955,62.89317727512142,5.790377186572056
Xc_high__beta_0.8,Xc_high,Xc,1.2,parameter_factor,beta,0.8,0.0,0,240.0,0.7959055219009318,0.8162422788423981,72.12953025079369,6.556480284042231
Xc_high__beta_0.9,Xc_high,Xc,1.2,parameter_factor,beta,0.9,0.0,0,240.0,0.8979109463593464,0.9092596794089053,81.37384775677789,7.303644169931703
Xc_high__beta_1.0,Xc_high,Xc,1.2,parameter_factor,beta,1.0,0.0,0,240.0,1.0,1.0,90.62574421964096,8.03251737136269
Xc_high__beta_1.1,Xc_high,Xc,1.2,parameter_factor,beta,1.1,0.0,0,240.0,1.1021686318968602,1.0885452450796138,99.88485252119648,8.743758590616254
Xc_high__beta_1.2,Xc_high,Xc,1.2,parameter_factor,beta,1.2,0.0,0,240.0,1.2044130889677203,1.1749766882864796,109.1508325355763,9.438020659607352
Xc_high__beta_1.3,Xc_high,Xc,1.2,parameter_factor,beta,1.3,0.0,0,240.0,1.3067296271834206,1.2593763882316655,118.42334495735147,10.115962715554858
Xc_high__beta_1.4,Xc_high,Xc,1.2,parameter_factor,beta,1.4,0.0,0,240.0,1.4091148117725723,1.3418211391605592,127.70207850780866,10.778201609568866
Xc_high__Xc_0.6,Xc_high,Xc,1.2,parameter_factor,Xc,0.6,0.0,0,240.0,0.8144277654853752,0.5012398775493419,73.80812236025135,4.026218023634796
Xc_high__Xc_0.7,Xc_high,Xc,1.2,parameter_factor,Xc,0.7,0.0,0,240.0,0.883030736249106,0.6350175823896942,80.02531764139272,5.100789761665957
Xc_high__Xc_0.8,Xc_high,Xc,1.2,parameter_factor,Xc,0.8,0.0,0,240.0,0.9328065958848012,0.763265097388536,84.53629196504998,6.130940153728251
Xc_high__Xc_0.9,Xc_high,Xc,1.2,parameter_factor,Xc,0.9,0.0,0,240.0,0.9704899119371071,0.8850936743822767,87.95137052695415,7.10953031475887
Xc_high__Xc_1.0,Xc_high,Xc,1.2,parameter_factor,Xc,1.0,0.0,0,240.0,1.0,1.0,90.62574421964096,8.03251737136269
Xc_high__Xc_1.1,Xc_high,Xc,1.2,parameter_factor,Xc,1.1,0.0,0,240.0,1.0237604793077615,1.1077928075769865,92.77905533992222,8.898364970732791
Xc_high__Xc_1.2,Xc_high,Xc,1.2,parameter_factor,Xc,1.2,0.0,0,240.0,1.04334360038677,1.2085241937893776,94.55379026185072,9.707491580325266
Xc_high__Xc_1.3,Xc_high,Xc,1.2,parameter_factor,Xc,1.3,0.0,0,240.0,1.0598096399810097,1.302411896603694,96.04603735442876,10.4616461841386
Xc_high__Xc_1.4,Xc_high,Xc,1.2,parameter_factor,Xc,1.4,0.0,0,240.0,1.0738970046594174,1.3897798537008519,97.32271526250294,11.163430817221991
Xc_high__epsilon_0.6,Xc_high,Xc,1.2,parameter_factor,epsilon,0.6,0.0,0,240.0,1.053328305341219,1.525275442347973,95.4586615791612,12.251801486773005
Xc_high__epsilon_0.7,Xc_high,Xc,1.2,parameter_factor,epsilon,0.7,0.0,0,240.0,1.0409425438251545,1.3575596691511689,94.33619272404086,10.90462162511815
Xc_high__epsilon_0.8,Xc_high,Xc,1.2,parameter_factor,epsilon,0.8,0.0,0,240.0,1.0278975125201792,1.2183914427353388,93.15397705365896,9.78675042889126
Xc_high__epsilon_0.9,Xc_high,Xc,1.2,parameter_factor,epsilon,0.9,0.0,0,240.0,1.0142367412201292,1.100795259110719,91.9159594879776,8.842157041120545
Xc_high__epsilon_1.0,Xc_high,Xc,1.2,parameter_factor,epsilon,1.0,0.0,0,240.0,1.0,1.0,90.62574421964096,8.03251737136269
Xc_high__epsilon_1.1,Xc_high,Xc,1.2,parameter_factor,epsilon,1.1,0.0,0,240.0,0.9852232319370874,0.9125983996758938,89.28658861677849,7.330462498474408
Xc_high__epsilon_1.2,Xc_high,Xc,1.2,parameter_factor,epsilon,1.2,0.0,0,240.0,0.9699392302019179,0.8360755478599579,87.90146458487446,6.71579136195669
Xc_high__epsilon_1.3,Xc_high,Xc,1.2,parameter_factor,epsilon,1.3,0.0,0,240.0,0.9541775358698671,0.7685220365488283,86.47304930586986,6.173166608853496
Xc_high__epsilon_1.4,Xc_high,Xc,1.2,parameter_factor,epsilon,1.4,0.0,0,240.0,0.937965050783945,0.7084590030954561,85.00378077930834,5.690709249262545
Xc_high__mex_9.999999999999999e-05,Xc_high,Xc,1.2,h_ext_absolute,h_ext,0.0001,0.0001,0,240.0,0.9989649496216807,0.9847444239307468,90.53194200880095,7.909976691576269
Xc_high__mex_0.0001668100537200059,Xc_high,Xc,1.2,h_ext_absolute,h_ext,0.00016681005372,0.00016681005372,0,240.0,0.9982671580045326,0.974535550544624,90.46870412418669,7.827973738760195
Xc_high__mex_0.0002782559402207126,Xc_high,Xc,1.2,h_ext_absolute,h_ext,0.0002782559402207,0.0002782559402207,0,240.0,0.9970917159121265,0.957473671833438,90.36217880977529,7.690923901624511
Xc_high__mex_0.00046415888336127773,Xc_high,Xc,1.2,h_ext_absolute,h_ext,0.0004641588833612,0.0004641588833612,0,240.0,0.9950982785922688,0.9289211234044915,90.18152206910798,7.461575060372323
Xc_high__mex_0.000774263682681127,Xc_high,Xc,1.2,h_ext_absolute,h_ext,0.0007742636826811,0.0007742636826811,0,240.0,0.9916777904916526,0.8810192389530898,89.8715377893952,7.076802341395431
Xc_high__mex_0.001291549665014884,Xc_high,Xc,1.2,h_ext_absolute,h_ext,0.0012915496650148,0.0012915496650148,0,240.0,0.9856855598949178,0.8002785416592313,89.32848743203041,6.428251287806575
Xc_high__mex_0.002154434690031882,Xc_high,Xc,1.2,h_ext_absolute,h_ext,0.0021544346900318,0.0021544346900318,0,240.0,0.974775651828082,0.6631009281602854,88.33976889410556,5.326369724414216
Xc_high__mex_0.0035938136638046254,Xc_high,Xc,1.2,h_ext_absolute,h_ext,0.0035938136638046,0.0035938136638046,0,240.0,0.9533102985924693,0.4356877766561764,86.39445528219068,3.499669634481125
Xc_high__mex_0.005994842503189409,Xc_high,Xc,1.2,h_ext_absolute,h_ext,0.0059948425031894,0.0059948425031894,0,240.0,0.9027226298805808,0.22690984592500124,81.80991015683914,1.822657279125804
CV_low__baseline,CV_low,CV,0.8,baseline,baseline,1.0,0.0,0,240.0,1.0,1.0,85.91914525330498,7.289757494124925
CV_low__eta_0.7,CV_low,CV,0.8,parameter_factor,eta,0.7,0.0,0,240.0,1.3940897130571592,0.9860209918404663,119.77899655229632,7.18785391463353
CV_low__eta_0.8,CV_low,CV,0.8,parameter_factor,eta,0.8,0.0,0,240.0,1.2309018199957047,0.9918080452542352,105.7580322647684,7.230040130625453
CV_low__eta_0.9,CV_low,CV,0.8,parameter_factor,eta,0.9,0.0,0,240.0,1.1030092504000542,0.9963706958761651,94.76961200086129,7.263300747189741
CV_low__eta_1.0,CV_low,CV,0.8,parameter_factor,eta,1.0,0.0,0,240.0,1.0,1.0,85.91914525330498,7.289757494124925
CV_low__eta_1.1,CV_low,CV,0.8,parameter_factor,eta,1.1,0.0,0,240.0,0.915203196359558,1.0029016227641128,78.63347636430586,7.31090962041474
CV_low__eta_1.2,CV_low,CV,0.8,parameter_factor,eta,1.2,0.0,0,240.0,0.8441445349140162,1.0052250896834385,72.52817691006094,7.327847130802246
CV_low__eta_1.3,CV_low,CV,0.8,parameter_factor,eta,1.3,0.0,0,240.0,0.7837092585446467,1.0070826472429402,67.33562962125744,7.341388274942391
CV_low__eta_1.4,CV_low,CV,0.8,parameter_factor,eta,1.4,0.0,0,240.0,0.7316614100110602,1.00855746092982,62.86372296297821,7.352139309068761
CV_low__beta_0.6,CV_low,CV,0.8,parameter_factor,beta,0.6,0.0,0,240.0,0.5750208531378286,0.6016545530651334,49.40530020442844,4.385915787080938
CV_low__beta_0.7,CV_low,CV,0.8,parameter_factor,beta,0.7,0.0,0,240.0,0.6811135414435368,0.7045601930028715,58.52069330128019,5.136072947004786
CV_low__beta_0.8,CV_low,CV,0.8,parameter_factor,beta,0.8,0.0,0,240.0,0.7873109975658238,0.8052307793862791,67.64508795938245,5.869937108531182
CV_low__beta_0.9,CV_low,CV,0.8,parameter_factor,beta,0.9,0.0,0,240.0,0.89360789082689,0.9036917209588892,76.77802617145505,6.587693495238713
CV_low__beta_1.0,CV_low,CV,0.8,parameter_factor,beta,1.0,0.0,0,240.0,1.0,1.0,85.91914525330498,7.289757494124925
CV_low__beta_1.1,CV_low,CV,0.8,parameter_factor,beta,1.1,0.0,0,240.0,1.1064834196259128,1.0942161080582358,95.0681096512124,7.976570073909732
CV_low__beta_1.2,CV_low,CV,0.8,parameter_factor,beta,1.2,0.0,0,240.0,1.2130543927942576,1.1864038432335364,104.22459657464948,8.648596307270285
CV_low__beta_1.3,CV_low,CV,0.8,parameter_factor,beta,1.3,0.0,0,240.0,1.3197092088950362,1.2766299340516822,113.38828721117682,9.306322628977458
CV_low__beta_1.4,CV_low,CV,0.8,parameter_factor,beta,1.4,0.0,0,240.0,1.426444450038391,1.3649575863357046,122.55888789861925,9.950209794153372
CV_low__Xc_0.6,CV_low,CV,0.8,parameter_factor,Xc,0.6,0.0,0,240.0,0.755672144088592,0.46564343806129205,64.92670471182414,3.394427742197399
CV_low__Xc_0.7,CV_low,CV,0.8,parameter_factor,Xc,0.7,0.0,0,240.0,0.8461944971420996,0.6080853582267097,72.70430791249942,4.432794797200796
CV_low__Xc_0.8,CV_low,CV,0.8,parameter_factor,Xc,0.8,0.0,0,240.0,0.9118017841278556,0.7451009626585834,78.34122993270385,5.431605326420104
CV_low__Xc_0.9,CV_low,CV,0.8,parameter_factor,Xc,0.9,0.0,0,240.0,0.9613474837046141,0.8758816617619501,82.59815409131598,6.384964907795768
CV_low__Xc_1.0,CV_low,CV,0.8,parameter_factor,Xc,1.0,0.0,0,240.0,1.0,1.0,85.91914525330498,7.289757494124925
CV_low__Xc_1.1,CV_low,CV,0.8,parameter_factor,Xc,1.1,0.0,0,240.0,1.0309637549768862,1.1172786523959544,88.5795246147518,8.144690429329206
CV_low__Xc_1.2,CV_low,CV,0.8,parameter_factor,Xc,1.2,0.0,0,240.0,1.056323042591288,1.2277391787603629,90.75837293081392,8.949920879199135
CV_low__Xc_1.3,CV_low,CV,0.8,parameter_factor,Xc,1.3,0.0,0,240.0,1.0774875416020433,1.3315495047073242,92.57680859553244,9.70667298073855
CV_low__Xc_1.4,CV_low,CV,0.8,parameter_factor,Xc,1.4,0.0,0,240.0,1.095441791409053,1.4289822703975779,94.11942239261504,10.416934214602392
CV_low__epsilon_0.6,CV_low,CV,0.8,parameter_factor,epsilon,0.6,0.0,0,240.0,1.0753791874192802,1.5792299623349784,92.3956606062582,11.512203452878031
CV_low__epsilon_0.7,CV_low,CV,0.8,parameter_factor,epsilon,0.7,0.0,0,240.0,1.0578103469884745,1.3925045751929452,90.88616085335168,10.151020662616018
CV_low__epsilon_0.8,CV_low,CV,0.8,parameter_factor,epsilon,0.8,0.0,0,240.0,1.0393486367699258,1.2388401855578652,89.29994649145978,9.03084452669356
CV_low__epsilon_0.9,CV_low,CV,0.8,parameter_factor,epsilon,0.9,0.0,0,240.0,1.0200590465362203,1.1098866557103373,87.64260138629328,8.09080456609368
CV_low__epsilon_1.0,CV_low,CV,0.8,parameter_factor,epsilon,1.0,0.0,0,240.0,1.0,1.0,85.91914525330498,7.289757494124925
CV_low__epsilon_1.1,CV_low,CV,0.8,parameter_factor,epsilon,1.1,0.0,0,240.0,0.9792237090884267,0.9051882940194209,84.13406409664859,6.598603149922229
CV_low__epsilon_1.2,CV_low,CV,0.8,parameter_factor,epsilon,1.2,0.0,0,240.0,0.9577770144318648,0.822530020188409,82.29138242324817,5.99604437881118
CV_low__epsilon_1.3,CV_low,CV,0.8,parameter_factor,epsilon,1.3,0.0,0,240.0,0.9357019389918738,0.7498254288877951,80.39471081004191,5.46604553952024
CV_low__epsilon_1.4,CV_low,CV,0.8,parameter_factor,epsilon,1.4,0.0,0,240.0,0.9130363081498674,0.6853850474202096,78.44729918146977,4.99629078579264
CV_low__mex_9.999999999999999e-05,CV_low,CV,0.8,h_ext_absolute,h_ext,0.0001,0.0001,0,240.0,0.9989129313047164,0.9863187173202067,85.82574524017458,7.19002426118066
CV_low__mex_0.0001668100537200059,CV_low,CV,0.8,h_ext_absolute,h_ext,0.00016681005372,0.00016681005372,0,240.0,0.9981807730937161,0.977167420283489,85.76283883249525,7.123313525026284
CV_low__mex_0.0002782559402207126,CV_low,CV,0.8,h_ext_absolute,h_ext,0.0002782559402207,0.0002782559402207,0,240.0,0.9969489026463171,0.9618832734324033,85.65699757659192,7.0118958009772765
CV_low__mex_0.00046415888336127773,CV_low,CV,0.8,h_ext_absolute,h_ext,0.0004641588833612,0.0004641588833612,0,240.0,0.9948637956100169,0.9363307630822049,85.47784696227136,6.825624197158213
CV_low__mex_0.000774263682681127,CV_low,CV,0.8,h_ext_absolute,h_ext,0.0007742636826811,0.0007742636826811,0,240.0,0.9912980617449566,0.8935379680742179,85.17148215638461,6.513675099054188
CV_low__mex_0.001291549665014884,CV_low,CV,0.8,h_ext_absolute,h_ext,0.0012915496650148,0.0012915496650148,0,240.0,0.9850891875733485,0.821631515076769,84.63802099457472,5.989494494440093
CV_low__mex_0.002154434690031882,CV_low,CV,0.8,h_ext_absolute,h_ext,0.0021544346900318,0.0021544346900318,0,240.0,0.9739142607048198,0.7000495275973391,83.67788082976254,5.103191290061316
CV_low__mex_0.0035938136638046254,CV_low,CV,0.8,h_ext_absolute,h_ext,0.0035938136638046,0.0035938136638046,0,240.0,0.9524502326369659,0.4955507109684972,81.83370988447959,3.612444509001537
CV_low__mex_0.005994842503189409,CV_low,CV,0.8,h_ext_absolute,h_ext,0.0059948425031894,0.0059948425031894,0,240.0,0.9048135647789247,0.26453138103198587,77.74080809940111,1.9283696173091351
CV_high__baseline,CV_high,CV,1.2,baseline,baseline,1.0,0.0,0,240.0,1.0,1.0,85.66206547432712,5.73688527946054
CV_high__eta_0.7,CV_high,CV,1.2,parameter_factor,eta,0.7,0.0,0,240.0,1.3943198321145807,0.9720773075372067,119.440316750752,5.576695996107837
CV_high__eta_0.8,CV_high,CV,1.2,parameter_factor,eta,0.8,0.0,0,240.0,1.2310287718357258,0.9829337923518346,105.45246725377244,5.638978404027563
CV_high__eta_0.9,CV_high,CV,1.2,parameter_factor,eta,0.9,0.0,0,240.0,1.1030627588861313,0.99212217270932,94.4906342739957,5.691691088042505
CV_high__eta_1.0,CV_high,CV,1.2,parameter_factor,eta,1.0,0.0,0,240.0,1.0,1.0,85.66206547432712,5.73688527946054
CV_high__eta_1.1,CV_high,CV,1.2,parameter_factor,eta,1.1,0.0,0,240.0,0.9151635370427863,1.0068241230284696,78.39479882987595,5.776034490407795
CV_high__eta_1.2,CV_high,CV,1.2,parameter_factor,eta,1.2,0.0,0,240.0,0.8440750770246949,1.0127858388965003,72.30521451333712,5.810236170411427
CV_high__eta_1.3,CV_high,CV,1.2,parameter_factor,eta,1.3,0.0,0,240.0,0.7836173135181593,1.0180292973826315,67.12627761740889,5.840317290213975
CV_high__eta_1.4,CV_high,CV,1.2,parameter_factor,eta,1.4,0.0,0,240.0,0.7315523286262375,1.0226688529178682,62.66628347267723,5.866933888067314
CV_high__beta_0.6,CV_high,CV,1.2,parameter_factor,beta,0.6,0.0,0,240.0,0.5736213738813097,0.6090235658880427,49.13759168689423,3.4938983299876787
CV_high__beta_0.7,CV_high,CV,1.2,parameter_factor,beta,0.7,0.0,0,240.0,0.6800641303063816,0.711030187556133,58.255698057046594,4.079098616242846
CV_high__beta_0.8,CV_high,CV,1.2,parameter_factor,beta,0.8,0.0,0,240.0,0.7866117887213313,0.810156119901636,67.38279054832425,4.647772718328564
CV_high__beta_0.9,CV_high,CV,1.2,parameter_factor,beta,0.9,0.0,0,240.0,0.8932585076492403,0.9064456168066972,76.51836876774895,5.200174515689871
CV_high__beta_1.0,CV_high,CV,1.2,parameter_factor,beta,1.0,0.0,0,240.0,1.0,1.0,85.66206547432712,5.73688527946054
CV_high__beta_1.1,CV_high,CV,1.2,parameter_factor,beta,1.1,0.0,0,240.0,1.1068323703237575,1.0909315798567452,94.8135469757784,6.258549321378792
CV_high__beta_1.2,CV_high,CV,1.2,parameter_factor,beta,1.2,0.0,0,240.0,1.2137518823221318,1.1793535120955192,103.97249321306624,6.765815802820872
CV_high__beta_1.3,CV_high,CV,1.2,parameter_factor,beta,1.3,0.0,0,240.0,1.320754852262983,1.2653755376039024,113.1385886300869,7.259314294669295
CV_high__beta_1.4,CV_high,CV,1.2,parameter_factor,beta,1.4,0.0,0,240.0,1.4278378744556783,1.3491051935702942,122.31154148834638,7.739661725437183
CV_high__Xc_0.6,CV_high,CV,1.2,parameter_factor,Xc,0.6,0.0,0,240.0,0.7543935810698132,0.4414391743374007,64.62291233501445,2.532485901033449
CV_high__Xc_0.7,CV_high,CV,1.2,parameter_factor,Xc,0.7,0.0,0,240.0,0.8453695286579823,0.58471802021082,72.41609991390114,3.354460202782764
CV_high__Xc_0.8,CV_high,CV,1.2,parameter_factor,Xc,0.8,0.0,0,240.0,0.9113152101779899,0.7264400519966858,78.06514320201715,4.167503240710336
CV_high__Xc_0.9,CV_high,CV,1.2,parameter_factor,Xc,0.9,0.0,0,240.0,0.961127067113383,0.8651962171387607,82.33212975221461,4.963531441948302
CV_high__Xc_1.0,CV_high,CV,1.2,parameter_factor,Xc,1.0,0.0,0,240.0,1.0,1.0,85.66206547432712,5.73688527946054
CV_high__Xc_1.1,CV_high,CV,1.2,parameter_factor,Xc,1.1,0.0,0,240.0,1.031155033682531,1.130103702819707,88.33087000949496,6.483275296970225
CV_high__Xc_1.2,CV_high,CV,1.2,parameter_factor,Xc,1.2,0.0,0,240.0,1.0566870368189896,1.2549711441329756,90.517994133861,7.19962548292422
CV_high__Xc_1.3,CV_high,CV,1.2,parameter_factor,Xc,1.3,0.0,0,240.0,1.078012369235787,1.3742532403246943,92.34476615561049,7.8839331846696865
CV_high__Xc_1.4,CV_high,CV,1.2,parameter_factor,Xc,1.4,0.0,0,240.0,1.09611976527273,1.4877634584512887,93.89588310049668,8.5351282841085
CV_high__epsilon_0.6,CV_high,CV,1.2,parameter_factor,epsilon,0.6,0.0,0,240.0,1.0764926981765208,1.6142731938062105,92.2145879938322,9.2609001225746
CV_high__epsilon_0.7,CV_high,CV,1.2,parameter_factor,epsilon,0.7,0.0,0,240.0,1.0586256423062492,1.4154351793611244,90.68405908403952,8.120189244507424
CV_high__epsilon_0.8,CV_high,CV,1.2,parameter_factor,epsilon,0.8,0.0,0,240.0,1.0398811611588838,1.2521770639954675,89.07836811271163,7.183596165713715
CV_high__epsilon_0.9,CV_high,CV,1.2,parameter_factor,epsilon,0.9,0.0,0,240.0,1.0203207101274585,1.1157151806188383,87.4027794757503,6.400729995762871
CV_high__epsilon_1.0,CV_high,CV,1.2,parameter_factor,epsilon,1.0,0.0,0,240.0,1.0,1.0,85.66206547432712,5.73688527946054
CV_high__epsilon_1.1,CV_high,CV,1.2,parameter_factor,epsilon,1.1,0.0,0,240.0,0.978969406138889,0.9006976359483975,83.86054136603265,5.16719900891727
CV_high__epsilon_1.2,CV_high,CV,1.2,parameter_factor,epsilon,1.2,0.0,0,240.0,0.9572743040457362,0.8146100096434928,82.00209411005679,4.673324172824962
CV_high__epsilon_1.3,CV_high,CV,1.2,parameter_factor,epsilon,1.3,0.0,0,240.0,0.9349555601293952,0.739320205543099,80.09022440739044,4.2413952039879455
CV_high__epsilon_1.4,CV_high,CV,1.2,parameter_factor,epsilon,1.4,0.0,0,240.0,0.9120502671599588,0.6729685120443875,78.12810970133394,3.8607431502879095
CV_high__mex_9.999999999999999e-05,CV_high,CV,1.2,h_ext_absolute,h_ext,0.0001,0.0001,0,240.0,0.9986477108426609,0.9840233422119726,85.54622559199092,5.645229026581427
CV_high__mex_0.0001668100537200059,CV_high,CV,1.2,h_ext_absolute,h_ext,0.00016681005372,0.00016681005372,0,240.0,0.9977360546036519,0.9733669507980228,85.46813123555485,5.584094531546569
CV_high__mex_0.0002782559402207126,CV_high,CV,1.2,h_ext_absolute,h_ext,0.0002782559402207,0.0002782559402207,0,240.0,0.9962005057788456,0.9556243514647204,85.33659295158526,5.48230727461198
CV_high__mex_0.00046415888336127773,CV_high,CV,1.2,h_ext_absolute,h_ext,0.0004641588833612,0.0004641588833612,0,240.0,0.9935968191895761,0.9261261553707554,85.11355578050063,5.313079507669872
CV_high__mex_0.000774263682681127,CV_high,CV,1.2,h_ext_absolute,h_ext,0.0007742636826811,0.0007742636826811,0,240.0,0.9891312186481506,0.8772312562539362,84.73102321453885,5.032575080685883
CV_high__mex_0.001291549665014884,CV_high,CV,1.2,h_ext_absolute,h_ext,0.0012915496650148,0.0012915496650148,0,240.0,0.98131737024183,0.7967510400901616,84.06167282075015,4.570869313288123
CV_high__mex_0.002154434690031882,CV_high,CV,1.2,h_ext_absolute,h_ext,0.0021544346900318,0.0021544346900318,0,240.0,0.9671413746415287,0.6671138391011916,82.84732775747337,3.8271555632640335
CV_high__mex_0.0035938136638046254,CV_high,CV,1.2,h_ext_absolute,h_ext,0.0035938136638046,0.0035938136638046,0,240.0,0.9395948315730892,0.4778508108703011,80.48763398155333,2.741375282660113
CV_high__mex_0.005994842503189409,CV_high,CV,1.2,h_ext_absolute,h_ext,0.0059948425031894,0.0059948425031894,0,240.0,0.8782679502391771,0.2975345899572941,75.23424665739147,1.7069218092563283
