country_key,country_name,year,projection_name,source_condition,focal_param,point_x,point_y,estimate,ci_low,ci_high,distance_to_mean_curve,n_scenario_fits,fit_min_value,fit_max_value,artifact_adjustment,series,fit_start_year,fit_end_year,fit_slope
denmark,Denmark,1835,robustness,extrinsic_removed,Xc,0.8348897721814081,0.6334939644057025,0.7345225956992799,0.6875080022143452,0.7797186748861213,0.00378825667100734,11.0,0.5,1.5,none,data,1980,2020,
denmark,Denmark,1836,robustness,extrinsic_removed,Xc,0.8278700255971349,0.6311894511185978,0.731254900811855,0.6841350779580038,0.7767934799072357,0.0011164080062763988,11.0,0.5,1.5,none,data,1980,2020,
denmark,Denmark,1837,robustness,extrinsic_removed,Xc,0.8154956584454517,0.6404542097431787,0.7323040639351877,0.685069675722618,0.7769742519317853,0.016472621090814998,11.0,0.5,1.5,none,data,1980,2020,
denmark,Denmark,1838,robustness,extrinsic_removed,Xc,0.8163083043627942,0.6034528813374233,0.7136403951794379,0.6662198332118814,0.7623876583116265,0.0028599007998271883,11.0,0.5,1.5,none,data,1980,2020,
denmark,Denmark,1839,robustness,extrinsic_removed,Xc,0.8329819904013726,0.6467871280816253,0.740746605970503,0.6937774988716946,0.7844981896583307,0.004553242572469246,11.0,0.5,1.5,none,data,1980,2020,
denmark,Denmark,1840,robustness,extrinsic_removed,Xc,0.8386627290753054,0.6779307851755009,0.7583508114292763,0.7157435210425984,0.7988761893596128,0.015326160567807076,11.0,0.5,1.5,none,data,1980,2020,
denmark,Denmark,1841,robustness,extrinsic_removed,Xc,0.8341926067618332,0.6624955182338286,0.7491332053053359,0.705055349500648,0.7911344369605957,0.011416553989938226,11.0,0.5,1.5,none,data,1980,2020,
denmark,Denmark,1842,robustness,extrinsic_removed,Xc,0.8298776769047069,0.6627297812279105,0.7479680777175347,0.7040275744793998,0.7899974861625626,0.015262569792169684,11.0,0.5,1.5,none,data,1980,2020,
denmark,Denmark,1843,robustness,extrinsic_removed,Xc,0.8313984244807126,0.656778835607594,0.7453802929396034,0.6992382889193168,0.7880480063582016,0.010952318019590393,11.0,0.5,1.5,none,data,1980,2020,
denmark,Denmark,1844,robustness,extrinsic_removed,Xc,0.8276775025138583,0.6567649059554863,0.7442652256667339,0.6981157539602729,0.7869810905662602,0.01416014946241674,11.0,0.5,1.5,none,data,1980,2020,
denmark,Denmark,1845,robustness,extrinsic_removed,Xc,0.843716980064675,0.6787329549965505,0.7602656410911642,0.7176082156106024,0.8006204693701117,0.01136322803231781,11.0,0.5,1.5,none,data,1980,2020,
denmark,Denmark,1846,robustness,extrinsic_removed,Xc,0.8434155782039723,0.6994565190917997,0.7707644966096334,0.7302469032558099,0.810043955103098,0.02205808218027638,11.0,0.5,1.5,none,data,1980,2020,
denmark,Denmark,1847,robustness,extrinsic_removed,Xc,0.8306072710067356,0.6974224366435514,0.7659113623482524,0.7255206908528727,0.805623087249344,0.03210017790842552,11.0,0.5,1.5,none,data,1980,2020,
denmark,Denmark,1848,robustness,extrinsic_removed,Xc,0.8413351926635617,0.7219236749618367,0.781624517509544,0.7434728195548572,0.8203802323424305,0.035167872659879175,11.0,0.5,1.5,none,data,1980,2020,
denmark,Denmark,1849,robustness,extrinsic_removed,Xc,0.8465437715626403,0.7582614519748758,0.805083001882791,0.7671918568730712,0.8391677758016299,0.048431759391701946,11.0,0.5,1.5,none,data,1980,2020,
denmark,Denmark,1850,robustness,extrinsic_removed,Xc,0.8540570255389844,0.7390144210342622,0.7941450300886318,0.7574176230625546,0.8319581579062179,0.032781615303300475,11.0,0.5,1.5,none,data,1980,2020,
denmark,Denmark,1851,robustness,extrinsic_removed,Xc,0.851131875822971,0.6955499987704769,0.771066101468018,0.7299440999073501,0.8103533452855074,0.013424308625964863,11.0,0.5,1.5,none,data,1980,2020,
denmark,Denmark,1852,robustness,extrinsic_removed,Xc,0.8442231574914607,0.689913104874299,0.7661288033653829,0.7246082420029227,0.8058864606871848,0.01655517113543059,11.0,0.5,1.5,none,data,1980,2020,
denmark,Denmark,1853,robustness,extrinsic_removed,Xc,0.7902584682633345,0.5838320796942086,0.6957558019041089,0.6479886129201682,0.7470995431813525,0.008790219798228999,11.0,0.5,1.5,none,data,1980,2020,
denmark,Denmark,1854,robustness,extrinsic_removed,Xc,0.8569181204531765,0.7244014250069779,0.7875305187026814,0.749224716060137,0.8257255272647573,0.02295191764439714,11.0,0.5,1.5,none,data,1980,2020,
denmark,Denmark,1855,robustness,extrinsic_removed,Xc,0.8367960790281073,0.7501782648635589,0.7947094825955436,0.7595835916783462,0.8326961752464159,0.05331599302957428,11.0,0.5,1.5,none,data,1980,2020,
denmark,Denmark,1856,robustness,extrinsic_removed,Xc,0.8519521795796575,0.7220008323914562,0.7848252783107494,0.7464028563466976,0.8232508072933908,0.02603373500802903,11.0,0.5,1.5,none,data,1980,2020,
denmark,Denmark,1857,robustness,extrinsic_removed,Xc,0.8493954281985584,0.7358960598568568,0.7911636714398534,0.7542378171510892,0.8292210209164836,0.035239081421227655,11.0,0.5,1.5,none,data,1980,2020,
denmark,Denmark,1858,robustness,extrinsic_removed,Xc,0.8501840607002555,0.7162517647491664,0.7813613418994916,0.7423938962551476,0.8200264288409885,0.024666682875995088,11.0,0.5,1.5,none,data,1980,2020,
denmark,Denmark,1859,robustness,extrinsic_removed,Xc,0.8484453341890511,0.6932721812650676,0.769102311384298,0.7278164940525579,0.8085769675309276,0.014598562367818882,11.0,0.5,1.5,none,data,1980,2020,
denmark,Denmark,1860,robustness,extrinsic_removed,Xc,0.846900845127077,0.7324520537521241,0.7886611811216329,0.751446501982975,0.8269063433642267,0.03566030125881224,11.0,0.5,1.5,none,data,1980,2020,
denmark,Denmark,1861,robustness,extrinsic_removed,Xc,0.8564830029576421,0.7546610290554533,0.8056414692453122,0.7676805028916531,0.8400967496714051,0.037895115731064064,11.0,0.5,1.5,none,data,1980,2020,
denmark,Denmark,1862,robustness,extrinsic_removed,Xc,0.855801892469367,0.7506433786608606,0.8030687049352067,0.7650294596470629,0.8379914382418244,0.03684536548697565,11.0,0.5,1.5,none,data,1980,2020,
denmark,Denmark,1863,robustness,extrinsic_removed,Xc,0.8600666054648233,0.7429987945064033,0.7979702516832266,0.7614950021157616,0.8354696860903946,0.029595546295131468,11.0,0.5,1.5,none,data,1980,2020,
denmark,Denmark,1864,robustness,extrinsic_removed,Xc,0.8614870017247922,0.8048787047387224,0.8368463892472944,0.8006093030284316,0.8654749535769926,0.05420834988957149,11.0,0.5,1.5,none,data,1980,2020,
denmark,Denmark,1865,robustness,extrinsic_removed,Xc,0.8570714002807437,0.744890310433717,0.7980448533562412,0.7618428065244629,0.8355758757181144,0.033135768466333905,11.0,0.5,1.5,none,data,1980,2020,
denmark,Denmark,1866,robustness,extrinsic_removed,Xc,0.86926990173945,0.7609793276175625,0.8128681343788506,0.7750306369708766,0.8465345295543384,0.02888935231829821,11.0,0.5,1.5,none,data,1980,2020,
denmark,Denmark,1867,robustness,extrinsic_removed,Xc,0.8667592080187387,0.8135954228386096,0.8434584116986719,0.8098773940896644,0.8710553783310802,0.05303445477433627,11.0,0.5,1.5,none,data,1980,2020,
denmark,Denmark,1868,robustness,extrinsic_removed,Xc,0.8685551131379994,0.7567170159180721,0.8101408147969514,0.7722202717752475,0.8443030933674631,0.0277685816901744,11.0,0.5,1.5,none,data,1980,2020,
denmark,Denmark,1869,robustness,extrinsic_removed,Xc,0.8629664738825095,0.7621647832950921,0.8118614171673655,0.7740468143977648,0.8454197272325381,0.03511548371235513,11.0,0.5,1.5,none,data,1980,2020,
denmark,Denmark,1870,robustness,extrinsic_removed,Xc,0.8582867334194996,0.719684202170497,0.7855277984822384,0.7467007933769452,0.8238323459706793,0.01939429610640611,11.0,0.5,1.5,none,data,1980,2020,
denmark,Denmark,1871,robustness,extrinsic_removed,Xc,0.8571366402896561,0.7481493512646724,0.8019487658493987,0.7638609822473852,0.837153615030037,0.03459504137479927,11.0,0.5,1.5,none,data,1980,2020,
denmark,Denmark,1872,robustness,extrinsic_removed,Xc,0.8640166047520756,0.7262909069792369,0.7906096005286907,0.7523118647203235,0.828524711339295,0.017770253357667513,11.0,0.5,1.5,none,data,1980,2020,
denmark,Denmark,1873,robustness,extrinsic_removed,Xc,0.8573677018542154,0.7268662884880464,0.7889237967479588,0.7508597650542452,0.8270256185477691,0.023804557456105067,11.0,0.5,1.5,none,data,1980,2020,
denmark,Denmark,1874,robustness,extrinsic_removed,Xc,0.8476034193797133,0.7271132394642528,0.7861425406863478,0.7483601946840892,0.8245378002311972,0.0323651563125418,11.0,0.5,1.5,none,data,1980,2020,
denmark,Denmark,1875,robustness,extrinsic_removed,Xc,0.8525433384263925,0.7605319914952627,0.8080612644944652,0.7702145329261665,0.8418561013500904,0.0439179455418361,11.0,0.5,1.5,none,data,1980,2020,
denmark,Denmark,1876,robustness,extrinsic_removed,Xc,0.8659912668058447,0.7731328400731083,0.8192013645088342,0.7816004970016212,0.8514781963711754,0.036921237530449916,11.0,0.5,1.5,none,data,1980,2020,
denmark,Denmark,1877,robustness,extrinsic_removed,Xc,0.8733261536927998,0.7817765035257982,0.8263299530562943,0.7888976793403163,0.8575741666317973,0.03384077796536106,11.0,0.5,1.5,none,data,1980,2020,
denmark,Denmark,1878,robustness,extrinsic_removed,Xc,0.8821450417959235,0.8030430863260772,0.8413637404636555,0.8065454314045065,0.8701096709760553,0.034655150247868645,11.0,0.5,1.5,none,data,1980,2020,
denmark,Denmark,1879,robustness,extrinsic_removed,Xc,0.8626567352353309,0.7660452460079021,0.8140836452324434,0.7763446183424219,0.8471949035285441,0.03700950890710922,11.0,0.5,1.5,none,data,1980,2020,
denmark,Denmark,1880,robustness,extrinsic_removed,Xc,0.8686282258170691,0.7845619399364214,0.8267100377307578,0.7893318738312282,0.8576538871133698,0.0392713225495205,11.0,0.5,1.5,none,data,1980,2020,
denmark,Denmark,1881,robustness,extrinsic_removed,Xc,0.8722718665562913,0.786772513705336,0.829013063232497,0.7916780713878357,0.859684714998165,0.03687554039512129,11.0,0.5,1.5,none,data,1980,2020,
denmark,Denmark,1882,robustness,extrinsic_removed,Xc,0.8786268104525915,0.7911767660831867,0.8333559577124011,0.7965124780352043,0.8634894444541381,0.03292500917049017,11.0,0.5,1.5,none,data,1980,2020,
denmark,Denmark,1883,robustness,extrinsic_removed,Xc,0.8713825545019407,0.7837201067228258,0.8269574589872023,0.7895629832025656,0.8579859637525286,0.036416217454072385,11.0,0.5,1.5,none,data,1980,2020,
denmark,Denmark,1884,robustness,extrinsic_removed,Xc,0.8783684972833992,0.77886663589929,0.8259694173038835,0.7884806207626409,0.8575267956444028,0.028045253645996613,11.0,0.5,1.5,none,data,1980,2020,
denmark,Denmark,1885,robustness,extrinsic_removed,Xc,0.8765798270089525,0.7939377595638634,0.8344412048215141,0.7977240455028252,0.8642649896488916,0.03593410302994122,11.0,0.5,1.5,none,data,1980,2020,
denmark,Denmark,1886,robustness,extrinsic_removed,Xc,0.8796384602677573,0.7907725692086556,0.8333903740940064,0.7965304918179781,0.8635659331894789,0.031836874928926465,11.0,0.5,1.5,none,data,1980,2020,
denmark,Denmark,1887,robustness,extrinsic_removed,Xc,0.8815543004694701,0.7923326595287167,0.8348377199864516,0.7980582343462289,0.8648241863609853,0.030742429127268236,11.0,0.5,1.5,none,data,1980,2020,
denmark,Denmark,1888,robustness,extrinsic_removed,Xc,0.8778759313991134,0.8180190780157095,0.849105586551612,0.8163693680074153,0.8761402985033949,0.04476067790848575,11.0,0.5,1.5,none,data,1980,2020,
denmark,Denmark,1889,robustness,extrinsic_removed,Xc,0.8814926935330208,0.7871345564946092,0.831731550033213,0.7944038972954622,0.8623190542613105,0.028638714981629194,11.0,0.5,1.5,none,data,1980,2020,
denmark,Denmark,1890,robustness,extrinsic_removed,Xc,0.8738575982814936,0.7870353511391986,0.8295997795492228,0.7922699567457776,0.860233779264149,0.035542367177100354,11.0,0.5,1.5,none,data,1980,2020,
denmark,Denmark,1891,robustness,extrinsic_removed,Xc,0.8584212440123805,0.794524145327593,0.8298599471140032,0.7926755140869636,0.8596992744728674,0.05269475864433824,11.0,0.5,1.5,none,data,1980,2020,
denmark,Denmark,1892,robustness,extrinsic_removed,Xc,0.8610321129910885,0.8048359271940005,0.836697469646116,0.8004569977801588,0.8653330649103471,0.05460434240536891,11.0,0.5,1.5,none,data,1980,2020,
denmark,Denmark,1893,robustness,extrinsic_removed,Xc,0.8751392633020341,0.782386188630096,0.8271845446213921,0.7897642030914043,0.8583499770459783,0.03244489337192472,11.0,0.5,1.5,none,data,1980,2020,
denmark,Denmark,1894,robustness,extrinsic_removed,Xc,0.8814617748643625,0.7915334679848847,0.8343376086056451,0.7975195474904324,0.8644168636618084,0.030494535427347622,11.0,0.5,1.5,none,data,1980,2020,
denmark,Denmark,1895,robustness,extrinsic_removed,Xc,0.8774266572072683,0.7940536378846792,0.8347399771600155,0.7980308576837642,0.8645464844062376,0.03521197368939537,11.0,0.5,1.5,none,data,1980,2020,
denmark,Denmark,1896,robustness,extrinsic_removed,Xc,0.8835604642404576,0.7924325506994802,0.8354417314042839,0.798672922768287,0.8654074487955029,0.02895912927971483,11.0,0.5,1.5,none,data,1980,2020,
denmark,Denmark,1897,robustness,extrinsic_removed,Xc,0.8740697879400936,0.7881152380174214,0.8302992065303133,0.7929904248896777,0.8608074280170537,0.035798040304960296,11.0,0.5,1.5,none,data,1980,2020,
denmark,Denmark,1898,robustness,extrinsic_removed,Xc,0.8849130022949249,0.7841851471880305,0.8309071560139599,0.7935221597418181,0.8618198368795745,0.02430216193165342,11.0,0.5,1.5,none,data,1980,2020,
denmark,Denmark,1899,robustness,extrinsic_removed,Xc,0.8700024205672032,0.7814059865087705,0.8252073982312809,0.78776780393178,0.8565096826235228,0.036710094956609034,11.0,0.5,1.5,none,data,1980,2020,
denmark,Denmark,1900,robustness,extrinsic_removed,Xc,0.8676760180959647,0.8099971179503191,0.8415686919149615,0.8074853848496695,0.8695773155022724,0.05070547165672606,11.0,0.5,1.5,none,data,1980,2020,
denmark,Denmark,1901,robustness,extrinsic_removed,Xc,0.8805222549405942,0.7883673181334154,0.8322007716847398,0.795228204445747,0.8626502555878988,0.030033622639768536,11.0,0.5,1.5,none,data,1980,2020,
denmark,Denmark,1902,robustness,extrinsic_removed,Xc,0.8782117468481576,0.7662086593730084,0.8184037103177887,0.7806683507310523,0.8514247155829695,0.022928590681103818,11.0,0.5,1.5,none,data,1980,2020,
denmark,Denmark,1903,robustness,extrinsic_removed,Xc,0.8764793439918326,0.7726243349763458,0.82174648776604,0.7841360418666398,0.854033968861839,0.027170020696634538,11.0,0.5,1.5,none,data,1980,2020,
denmark,Denmark,1904,robustness,extrinsic_removed,Xc,0.8818258405570638,0.7849347073833527,0.8305145341820774,0.7931440420949672,0.8613547508943254,0.027421673086741642,11.0,0.5,1.5,none,data,1980,2020,
denmark,Denmark,1905,robustness,extrinsic_removed,Xc,0.8749930375803985,0.7866487645046698,0.8296782693193584,0.7923409517437097,0.8603517381861033,0.034348951063052774,11.0,0.5,1.5,none,data,1980,2020,
denmark,Denmark,1906,robustness,extrinsic_removed,Xc,0.8868870569665869,0.7891454787657591,0.8343912082794028,0.7974746217505737,0.8647215566284807,0.02456752527328339,11.0,0.5,1.5,none,data,1980,2020,
denmark,Denmark,1907,robustness,extrinsic_removed,Xc,0.8784835905344173,0.8085616589901911,0.84364962663932,0.8095597887385945,0.871774563521056,0.04027850381911465,11.0,0.5,1.5,none,data,1980,2020,
denmark,Denmark,1908,robustness,extrinsic_removed,Xc,0.8796568450716197,0.8115449744476602,0.8457412529072517,0.8121037495005641,0.8735160190959625,0.04045084638541503,11.0,0.5,1.5,none,data,1980,2020,
denmark,Denmark,1909,robustness,extrinsic_removed,Xc,0.8810017917303667,0.7833420053499445,0.829344210064903,0.7919426689058948,0.8603722793163964,0.027509477346419026,11.0,0.5,1.5,none,data,1980,2020,
denmark,Denmark,1910,robustness,extrinsic_removed,Xc,0.8863336962437965,0.7888139138739473,0.8340439169781049,0.7971098146506698,0.8644151237883717,0.02493309995428638,11.0,0.5,1.5,none,data,1980,2020,
denmark,Denmark,1911,robustness,extrinsic_removed,Xc,0.8805500074307911,0.7738243082657791,0.8235648021561295,0.7859778566426214,0.8556949235629632,0.02396592653608598,11.0,0.5,1.5,none,data,1980,2020,
denmark,Denmark,1912,robustness,extrinsic_removed,Xc,0.8849466667686664,0.8286310874560966,0.8573323304008011,0.8262589066748138,0.8831081503079661,0.04273831516013768,11.0,0.5,1.5,none,data,1980,2020,
denmark,Denmark,1913,robustness,extrinsic_removed,Xc,0.8876915602354455,0.8273508155243846,0.8573166081317016,0.8261093719548631,0.8832277979531902,0.03970962610554267,11.0,0.5,1.5,none,data,1980,2020,
denmark,Denmark,1914,robustness,extrinsic_removed,Xc,0.8882408057736143,0.807409182334236,0.8456135937711095,0.8115385660177092,0.8738269581957059,0.030924515147249212,11.0,0.5,1.5,none,data,1980,2020,
denmark,Denmark,1915,robustness,extrinsic_removed,Xc,0.8798281596108622,0.811496559134061,0.8457589869241574,0.8121176765325889,0.8735385625698009,0.04027490294143004,11.0,0.5,1.5,none,data,1980,2020,
denmark,Denmark,1916,robustness,extrinsic_removed,Xc,0.8823666437261711,0.8359396481673973,0.8609756702889355,0.8309091258233254,0.8859186624186652,0.04812172263120184,11.0,0.5,1.5,none,data,1980,2020,
denmark,Denmark,1917,robustness,extrinsic_removed,Xc,0.8867627703007268,0.8801903346273522,0.8884691374613649,0.8648704886618714,0.9119880474112894,0.06250866135595808,11.0,0.5,1.5,none,data,1980,2020,
denmark,Denmark,1918,robustness,extrinsic_removed,Xc,0.9375396474748504,1.0487276146828888,0.9110498094415465,0.89084221445655,0.9298704489156369,0.07506805278164431,11.0,0.5,1.5,mean_of_1917_and_1919,data,1980,2020,
denmark,Denmark,1919,robustness,extrinsic_removed,Xc,0.9082073270065116,0.9361574294356116,0.933630481421728,0.9168139402512285,0.9477528504199844,0.06354844746438414,11.0,0.5,1.5,none,data,1980,2020,
denmark,Denmark,1920,robustness,extrinsic_removed,Xc,0.903165247109717,0.9378051487818728,0.9334321751442181,0.9167730971716955,0.9474070943217223,0.06884594628018285,11.0,0.5,1.5,none,data,1980,2020,
denmark,Denmark,1921,robustness,extrinsic_removed,Xc,0.8965583584265845,0.8437575677482114,0.8694750068593768,0.8408002088247428,0.8934493541760749,0.03846121602143519,11.0,0.5,1.5,none,data,1980,2020,
denmark,Denmark,1922,robustness,extrinsic_removed,Xc,0.8830391231583251,0.8513427961371836,0.870312956964133,0.8424818877963385,0.8934726910114309,0.05390986629565127,11.0,0.5,1.5,none,data,1980,2020,
denmark,Denmark,1923,robustness,extrinsic_removed,Xc,0.8888123811769237,0.85460205607277,0.8738174171385973,0.8465639029492142,0.8965739840343807,0.05001270452536665,11.0,0.5,1.5,none,data,1980,2020,
denmark,Denmark,1924,robustness,extrinsic_removed,Xc,0.8909512727614497,0.8439346297128993,0.868058006128685,0.8393046699457931,0.8920376155739101,0.04363497970045161,11.0,0.5,1.5,none,data,1980,2020,
denmark,Denmark,1925,robustness,extrinsic_removed,Xc,0.8941922493810981,0.8454265732477542,0.8698246033758262,0.8413467519258114,0.893616916181516,0.04130687765382811,11.0,0.5,1.5,none,data,1980,2020,
denmark,Denmark,1926,robustness,extrinsic_removed,Xc,0.8900565384039767,0.8364738853673606,0.8633808751260879,0.8335341898829537,0.8882268428437777,0.04134897566444369,11.0,0.5,1.5,none,data,1980,2020,
denmark,Denmark,1927,robustness,extrinsic_removed,Xc,0.8845742103361537,0.8596397178386542,0.8756609080269102,0.8490557532417665,0.8996714783575306,0.05596082841825225,11.0,0.5,1.5,none,data,1980,2020,
denmark,Denmark,1928,robustness,extrinsic_removed,Xc,0.8899088937078737,0.8472449930647297,0.8697425005046808,0.8414475667852388,0.8933443070916977,0.04595854378566039,11.0,0.5,1.5,none,data,1980,2020,
denmark,Denmark,1929,robustness,extrinsic_removed,Xc,0.8870763294606874,0.8640659541608953,0.8789708869217225,0.8530509792897927,0.902648710062351,0.05552395474292527,11.0,0.5,1.5,none,data,1980,2020,
denmark,Denmark,1930,robustness,extrinsic_removed,Xc,0.8933723035187615,0.8415953137882349,0.8673249271722311,0.8382789244043604,0.8915637882663502,0.04046085513084266,11.0,0.5,1.5,none,data,1980,2020,
denmark,Denmark,1931,robustness,extrinsic_removed,Xc,0.88501644959945,0.8530087477922962,0.871839913115829,0.8442859828039233,0.8947980377339235,0.05280347686633079,11.0,0.5,1.5,none,data,1980,2020,
denmark,Denmark,1932,robustness,extrinsic_removed,Xc,0.8879331509552172,0.8654911280336162,0.880050539486104,0.8543522200898039,0.9036203270786696,0.055336734500971894,11.0,0.5,1.5,none,data,1980,2020,
denmark,Denmark,1933,robustness,extrinsic_removed,Xc,0.887189249144788,0.8133197974972806,0.848841032280821,0.8155995064502191,0.8763761196346618,0.03433680170915279,11.0,0.5,1.5,none,data,1980,2020,
denmark,Denmark,1934,robustness,extrinsic_removed,Xc,0.890276959245907,0.8298711889079456,0.859516464136033,0.8287209659143266,0.8851245074331677,0.03840513715526664,11.0,0.5,1.5,none,data,1980,2020,
denmark,Denmark,1935,robustness,extrinsic_removed,Xc,0.8872846891638488,0.8461310872910677,0.8683680304689286,0.8398636206086417,0.8921106133376794,0.04788270122246819,11.0,0.5,1.5,none,data,1980,2020,
denmark,Denmark,1936,robustness,extrinsic_removed,Xc,0.884251221867,0.8331455841967831,0.8598266775445678,0.8293918781071651,0.8850839387336169,0.04524661197862206,11.0,0.5,1.5,none,data,1980,2020,
denmark,Denmark,1937,robustness,extrinsic_removed,Xc,0.8872640945634513,0.8483742772338341,0.8696956586282238,0.8415146049038256,0.8931790860228357,0.04883345352897185,11.0,0.5,1.5,none,data,1980,2020,
denmark,Denmark,1938,robustness,extrinsic_removed,Xc,0.8898279603761534,0.8260877150873802,0.8571458951811839,0.825796028477782,0.8831932621648076,0.03724155620009812,11.0,0.5,1.5,none,data,1980,2020,
denmark,Denmark,1939,robustness,extrinsic_removed,Xc,0.8906780720829282,0.8426839362489513,0.8672404982917477,0.8383015895200515,0.8913659063460402,0.04336383394045628,11.0,0.5,1.5,none,data,1980,2020,
denmark,Denmark,1940,robustness,extrinsic_removed,Xc,0.8860547862240101,0.8530533385491401,0.8721483073408565,0.844620088424503,0.8950965145854087,0.051877534416877764,11.0,0.5,1.5,none,data,1980,2020,
denmark,Denmark,1941,robustness,extrinsic_removed,Xc,0.8885075731732971,0.8479672870765141,0.8697913527322259,0.8415746463115881,0.893316111666014,0.0475332875963464,11.0,0.5,1.5,none,data,1980,2020,
denmark,Denmark,1942,robustness,extrinsic_removed,Xc,0.8998565615736531,0.8521274500468072,0.875344979732858,0.8479393568767013,0.8995782063958353,0.038938764860348064,11.0,0.5,1.5,none,data,1980,2020,
denmark,Denmark,1943,robustness,extrinsic_removed,Xc,0.9040083204966668,0.8756131682857882,0.8904306374138788,0.866491561559327,0.913747109391954,0.04492037577360639,11.0,0.5,1.5,none,data,1980,2020,
denmark,Denmark,1944,robustness,extrinsic_removed,Xc,0.9015902891875288,0.8784516411331341,0.8914611999905511,0.8678868850175403,0.9146967228030377,0.048299165980849955,11.0,0.5,1.5,none,data,1980,2020,
denmark,Denmark,1945,robustness,extrinsic_removed,Xc,0.9076962470102772,0.8984308219610893,0.9078372499758303,0.8844157587924486,0.9270821051025679,0.05048225897402112,11.0,0.5,1.5,none,data,1980,2020,
denmark,Denmark,1946,robustness,extrinsic_removed,Xc,0.8997767824291188,0.8667013348391546,0.8839851750672106,0.8586813825884034,0.9078507743944745,0.045066612502934277,11.0,0.5,1.5,none,data,1980,2020,
denmark,Denmark,1947,robustness,extrinsic_removed,Xc,0.9024806509126188,0.8618115870384943,0.8818130564383043,0.8558537682763376,0.9053681954758859,0.04057554421225362,11.0,0.5,1.5,none,data,1980,2020,
denmark,Denmark,1948,robustness,extrinsic_removed,Xc,0.9169329063548048,0.8533421687378847,0.8807028965616652,0.8537895936386808,0.9045577095995048,0.023910849538812534,11.0,0.5,1.5,none,data,1980,2020,
denmark,Denmark,1949,robustness,extrinsic_removed,Xc,0.9094700172900556,0.8604832728596535,0.8829210885735734,0.8568998503052112,0.9064405000752189,0.03366612814126362,11.0,0.5,1.5,none,data,1980,2020,
denmark,Denmark,1950,robustness,extrinsic_removed,Xc,0.904217917642762,0.8626620883901375,0.8827901847678059,0.8569858926559624,0.9062593767509798,0.03934870255166411,11.0,0.5,1.5,none,data,1980,2020,
denmark,Denmark,1951,robustness,extrinsic_removed,Xc,0.9096570744282364,0.8528710444646705,0.8784476138582298,0.851331247007419,0.9024606288519939,0.030333188356658533,11.0,0.5,1.5,none,data,1980,2020,
denmark,Denmark,1952,robustness,extrinsic_removed,Xc,0.9104328984889044,0.8836629202365616,0.8969591055357664,0.8743010425429207,0.91971464426637,0.042421168412842505,11.0,0.5,1.5,none,data,1980,2020,
denmark,Denmark,1953,robustness,extrinsic_removed,Xc,0.9117880695879692,0.8868251117051089,0.9010141016957961,0.8770298967581862,0.9217707743104411,0.04249693014794563,11.0,0.5,1.5,none,data,1980,2020,
denmark,Denmark,1954,robustness,extrinsic_removed,Xc,0.9113303038140464,0.8839401773049892,0.8973675222000009,0.8747661328421792,0.9200868724444426,0.04172008701895867,11.0,0.5,1.5,none,data,1980,2020,
denmark,Denmark,1955,robustness,extrinsic_removed,Xc,0.9164974564143856,0.877372256840328,0.8948667401437671,0.8714133894985829,0.9177840737999131,0.03429115794988659,11.0,0.5,1.5,none,data,1980,2020,
denmark,Denmark,1956,robustness,extrinsic_removed,Xc,0.915170173235794,0.8670888028537913,0.8883945274529723,0.8634324226883608,0.9118567993940202,0.031225796429905427,11.0,0.5,1.5,none,data,1980,2020,
denmark,Denmark,1957,robustness,extrinsic_removed,Xc,0.9127858402871248,0.8780135499112128,0.8942402411646139,0.8708105386079752,0.9172182559672294,0.03793368811655831,11.0,0.5,1.5,none,data,1980,2020,
denmark,Denmark,1958,robustness,extrinsic_removed,Xc,0.9152156350604238,0.8839125061060551,0.898405882616145,0.8758726283369596,0.9210296768014073,0.0381744986419289,11.0,0.5,1.5,none,data,1980,2020,
denmark,Denmark,1959,robustness,extrinsic_removed,Xc,0.9167805809632223,0.879361670840988,0.8961259938993241,0.8729650126451987,0.9189372475875375,0.03486020681605907,11.0,0.5,1.5,none,data,1980,2020,
denmark,Denmark,1960,robustness,extrinsic_removed,Xc,0.9139559649904708,0.8793329850165289,0.8953421057777794,0.8721245474437447,0.9182252572213739,0.03741755452321274,11.0,0.5,1.5,none,data,1980,2020,
denmark,Denmark,1961,robustness,extrinsic_removed,Xc,0.9177403478790293,0.8844179342102041,0.9009339720839514,0.8769782581291837,0.921927349432659,0.03607727056243538,11.0,0.5,1.5,none,data,1980,2020,
denmark,Denmark,1962,robustness,extrinsic_removed,Xc,0.9140982905932254,0.8838716448081648,0.8980782555696992,0.8755183614043355,0.92073195959058,0.03917385605036356,11.0,0.5,1.5,none,data,1980,2020,
denmark,Denmark,1963,robustness,extrinsic_removed,Xc,0.9142368929470496,0.8641639688149604,0.8864028083245942,0.8610012641009002,0.9100339380663168,0.03085947201044161,11.0,0.5,1.5,none,data,1980,2020,
denmark,Denmark,1964,robustness,extrinsic_removed,Xc,0.9143582978458322,0.8760374386876224,0.8934926552515022,0.8698069508214065,0.9165297938761966,0.03568233177521952,11.0,0.5,1.5,none,data,1980,2020,
denmark,Denmark,1965,robustness,extrinsic_removed,Xc,0.9129969194230724,0.8603905710534271,0.8838234907609742,0.8578543483174912,0.9076733642691962,0.03041954686777724,11.0,0.5,1.5,none,data,1980,2020,
denmark,Denmark,1966,robustness,extrinsic_removed,Xc,0.911628158298505,0.8653432469692655,0.8863954708579136,0.8611156913034099,0.9100329900673514,0.033722349466799646,11.0,0.5,1.5,none,data,1980,2020,
denmark,Denmark,1967,robustness,extrinsic_removed,Xc,0.914802054682563,0.8496370059862838,0.8779222743929469,0.8504346824030629,0.9020562638624743,0.02430961664463972,11.0,0.5,1.5,none,data,1980,2020,
denmark,Denmark,1968,robustness,extrinsic_removed,Xc,0.9198987209076384,0.8475432142575251,0.8780615135737293,0.8503663605926635,0.9022428954304894,0.018803750642273093,11.0,0.5,1.5,none,data,1980,2020,
denmark,Denmark,1969,robustness,extrinsic_removed,Xc,0.9197313199294058,0.83853242025059,0.8726605844521556,0.8436618808159698,0.8971324940686033,0.015212137569868604,11.0,0.5,1.5,none,data,1980,2020,
denmark,Denmark,1970,robustness,extrinsic_removed,Xc,0.9213451352606294,0.8361682414866483,0.8716935821596794,0.8423836382993727,0.8964313204101664,0.01276192468547148,11.0,0.5,1.5,none,data,1980,2020,
denmark,Denmark,1971,robustness,extrinsic_removed,Xc,0.9219949313657684,0.8251837301857146,0.8653414485532007,0.8344582767469733,0.8913457075261428,0.007606933686181364,11.0,0.5,1.5,none,data,1980,2020,
denmark,Denmark,1972,robustness,extrinsic_removed,Xc,0.9193467806459928,0.8175506957438593,0.8600858934586801,0.8280519565727869,0.8869844673612066,0.006844249927684627,11.0,0.5,1.5,none,data,1980,2020,
denmark,Denmark,1973,robustness,extrinsic_removed,Xc,0.9225008600994568,0.8233421699090424,0.8643842858952593,0.8332447312840723,0.8905990564633266,0.006381594683401466,11.0,0.5,1.5,none,data,1980,2020,
denmark,Denmark,1974,robustness,extrinsic_removed,Xc,0.9221428263391064,0.8353331450805206,0.8714138109319894,0.841998154085368,0.8962444031110557,0.011689373206916317,11.0,0.5,1.5,none,data,1980,2020,
denmark,Denmark,1975,robustness,extrinsic_removed,Xc,0.9267149402969465,0.8319447548685136,0.8706412097153384,0.8408214167153121,0.8958424279073701,0.006122748434300183,11.0,0.5,1.5,none,data,1980,2020,
denmark,Denmark,1976,robustness,extrinsic_removed,Xc,0.9206152935763297,0.8233861796559623,0.8638985409244052,0.8327303335311773,0.8901168762529359,0.00811498862795023,11.0,0.5,1.5,none,data,1980,2020,
denmark,Denmark,1977,robustness,extrinsic_removed,Xc,0.9315359515474028,0.8296393293581455,0.8705798303030751,0.8405168158508625,0.8960253721535532,0.0007796863822651013,11.0,0.5,1.5,none,data,1980,2020,
denmark,Denmark,1978,robustness,extrinsic_removed,Xc,0.9282716499290156,0.8363565631922089,0.8736859496024632,0.8445317705973779,0.8984508607348387,0.006539823109676987,11.0,0.5,1.5,none,data,1980,2020,
denmark,Denmark,1979,robustness,extrinsic_removed,Xc,0.927510538618694,0.8358014821140414,0.8731494124871826,0.8439009943345477,0.8979638882387115,0.007001499013358179,11.0,0.5,1.5,none,data,1980,2020,
denmark,Denmark,1980,robustness,extrinsic_removed,Xc,0.9255557476809948,0.8133045368856382,0.8592478653077561,0.8267163856982951,0.8866086893190276,0.0005676468378629608,11.0,0.5,1.5,none,data,1980,2020,
denmark,Denmark,1981,robustness,extrinsic_removed,Xc,0.9264926816953588,0.8251647227108937,0.8665512203565219,0.8357488031373445,0.8925370402016256,0.00350788953211749,11.0,0.5,1.5,none,data,1980,2020,
denmark,Denmark,1982,robustness,extrinsic_removed,Xc,0.9298828062857278,0.819722781845674,0.86423721864565,0.8327123528132883,0.8908364204883517,0.0018368260906529812,11.0,0.5,1.5,none,data,1980,2020,
denmark,Denmark,1983,robustness,extrinsic_removed,Xc,0.9272435117761764,0.8064755346244381,0.8556473122453643,0.822161599329941,0.883789634221707,0.004940205953298402,11.0,0.5,1.5,none,data,1980,2020,
denmark,Denmark,1984,robustness,extrinsic_removed,Xc,0.9290999591379836,0.8070779775268448,0.8565093649950951,0.8231450607014313,0.88457354398097,0.006378519550849408,11.0,0.5,1.5,none,data,1980,2020,
denmark,Denmark,1985,robustness,extrinsic_removed,Xc,0.9285785337507254,0.8149324350582505,0.8610360306263863,0.8287956062381279,0.8881948465148622,0.002640795516210517,11.0,0.5,1.5,none,data,1980,2020,
denmark,Denmark,1986,robustness,extrinsic_removed,Xc,0.9288611690911316,0.7982452117478273,0.8511948642969347,0.8165513771934725,0.8802809593265739,0.009831228565784512,11.0,0.5,1.5,none,data,1980,2020,
denmark,Denmark,1987,robustness,extrinsic_removed,Xc,0.9310093585712642,0.8042615033686055,0.8553537915541061,0.8216184588283586,0.8837347157085632,0.009285518786683818,11.0,0.5,1.5,none,data,1980,2020,
denmark,Denmark,1988,robustness,extrinsic_removed,Xc,0.9319342037022172,0.8111886315614276,0.8597219473169095,0.827003510848312,0.8872980461390128,0.007248614806625743,11.0,0.5,1.5,none,data,1980,2020,
denmark,Denmark,1989,robustness,extrinsic_removed,Xc,0.9308653381828604,0.78889430020118,0.8461813366887346,0.8102255267319287,0.8763389401212878,0.015539413333028523,11.0,0.5,1.5,none,data,1980,2020,
denmark,Denmark,1990,robustness,extrinsic_removed,Xc,0.9297907558735142,0.8045116240321324,0.8551716169323396,0.8214497592122197,0.8835292251381136,0.008073157406606723,11.0,0.5,1.5,none,data,1980,2020,
denmark,Denmark,1991,robustness,extrinsic_removed,Xc,0.9348563147328924,0.8162114233540201,0.8635005046779544,0.8315612074623526,0.8904827026103556,0.007819650570809921,11.0,0.5,1.5,none,data,1980,2020,
denmark,Denmark,1992,robustness,extrinsic_removed,Xc,0.933739860922376,0.8144724281878395,0.8621638492152548,0.8299528529926615,0.8893521486436704,0.0075266582939996765,11.0,0.5,1.5,none,data,1980,2020,
denmark,Denmark,1993,robustness,extrinsic_removed,Xc,0.930398413248634,0.8089314311040187,0.8579634579885634,0.8248907501205722,0.8858074722654724,0.006789502873551374,11.0,0.5,1.5,none,data,1980,2020,
denmark,Denmark,1994,robustness,extrinsic_removed,Xc,0.934479400219378,0.813602484074847,0.8618475792768743,0.8295247612775769,0.8891330268559967,0.00856079382110635,11.0,0.5,1.5,none,data,1980,2020,
denmark,Denmark,1995,robustness,extrinsic_removed,Xc,0.933187625388176,0.8278121816398758,0.8699422854556046,0.8396462382264105,0.8955914164881689,0.0014818323527273157,11.0,0.5,1.5,none,data,1980,2020,
denmark,Denmark,1996,robustness,extrinsic_removed,Xc,0.9362349248780192,0.819428035664976,0.8657865396098186,0.8343370587150409,0.8923906620838824,0.007737167003300739,11.0,0.5,1.5,none,data,1980,2020,
denmark,Denmark,1997,robustness,extrinsic_removed,Xc,0.9400165415743305,0.8252536874642777,0.8702756117342572,0.8397370954633699,0.8961891017299339,0.00875642874465783,11.0,0.5,1.5,none,data,1980,2020,
denmark,Denmark,1998,robustness,extrinsic_removed,Xc,0.9428955206734,0.8257540057298185,0.8713545689876196,0.8409417052768842,0.8971970273252049,0.011167267240575868,11.0,0.5,1.5,none,data,1980,2020,
denmark,Denmark,1999,robustness,extrinsic_removed,Xc,0.945791101208824,0.8616306614283833,0.8934636334158914,0.8682822637981725,0.9164336189681068,0.0011052528720462914,11.0,0.5,1.5,none,data,1980,2020,
denmark,Denmark,2000,robustness,extrinsic_removed,Xc,0.9490901456601004,0.867923260211528,0.8980992203759329,0.8738872468048235,0.9206737065667076,0.0007189491748812935,11.0,0.5,1.5,none,data,1980,2020,
denmark,Denmark,2001,robustness,extrinsic_removed,Xc,0.9493735406160182,0.8555106451464874,0.8907988342884747,0.8648007260211915,0.9139840465836142,0.004696124508728926,11.0,0.5,1.5,none,data,1980,2020,
denmark,Denmark,2002,robustness,extrinsic_removed,Xc,0.9514571567199844,0.8667849604136802,0.898065288785376,0.8737329771266487,0.9206373765958654,0.0019070308443737208,11.0,0.5,1.5,none,data,1980,2020,
denmark,Denmark,2003,robustness,extrinsic_removed,Xc,0.954154573156592,0.8706492812553466,0.9010951550948331,0.8773697836467722,0.9234067761465062,0.0028524440905218244,11.0,0.5,1.5,none,data,1980,2020,
denmark,Denmark,2004,robustness,extrinsic_removed,Xc,0.9591461995182348,0.8711419705458355,0.9027360494647401,0.8791815287488403,0.9249056941109822,0.007334482572361011,11.0,0.5,1.5,none,data,1980,2020,
denmark,Denmark,2005,robustness,extrinsic_removed,Xc,0.9632912410635072,0.8893380996891952,0.9161963722581732,0.8938245699953066,0.9358366454477784,0.004671136169602076,11.0,0.5,1.5,none,data,1980,2020,
denmark,Denmark,2006,robustness,extrinsic_removed,Xc,0.9626981243098824,0.886931537874136,0.9144044055459105,0.8918749030521326,0.9343798816624154,0.004981468320721514,11.0,0.5,1.5,none,data,1980,2020,
denmark,Denmark,2007,robustness,extrinsic_removed,Xc,0.9641753263215024,0.882881084711084,0.912035944839984,0.8893114502853676,0.9325383130842155,0.007814249125225886,11.0,0.5,1.5,none,data,1980,2020,
denmark,Denmark,2008,robustness,extrinsic_removed,Xc,0.9695276291141844,0.9006725889829679,0.9255368803083367,0.9043536676937235,0.9435465513213723,0.006422946346767653,11.0,0.5,1.5,none,data,1980,2020,
denmark,Denmark,2009,robustness,extrinsic_removed,Xc,0.9705593163389756,0.9021167702550462,0.9267890181751562,0.9058563303000329,0.9445873556928067,0.006867429428061207,11.0,0.5,1.5,none,data,1980,2020,
denmark,Denmark,2010,robustness,extrinsic_removed,Xc,0.9726337185291136,0.9142341438733782,0.9355732373757257,0.916606714471939,0.9516975176981186,0.004453632313318838,11.0,0.5,1.5,none,data,1980,2020,
denmark,Denmark,2011,robustness,extrinsic_removed,Xc,0.9795409497522924,0.920550010607924,0.9416758488192407,0.9238543927323674,0.9568398235083956,0.00863316909109471,11.0,0.5,1.5,none,data,1980,2020,
denmark,Denmark,2012,robustness,extrinsic_removed,Xc,0.9814241470196544,0.9264604624774596,0.9461884473597532,0.9293440071344405,0.9605227486800563,0.008269089932435324,11.0,0.5,1.5,none,data,1980,2020,
denmark,Denmark,2013,robustness,extrinsic_removed,Xc,0.984128426138334,0.9295907706933584,0.9490249397991419,0.9327331811130869,0.9628941195106147,0.009669386414979542,11.0,0.5,1.5,none,data,1980,2020,
denmark,Denmark,2014,robustness,extrinsic_removed,Xc,0.9891699419797456,0.9326464917628732,0.9524221163875669,0.9367194431101925,0.9658010850033446,0.01327790470647571,11.0,0.5,1.5,none,data,1980,2020,
denmark,Denmark,2015,robustness,extrinsic_removed,Xc,0.989666324730017,0.9558931437201666,0.9683630448629493,0.9563604751990975,0.9785828701478643,0.005396053160398721,11.0,0.5,1.5,none,data,1980,2020,
denmark,Denmark,2016,robustness,extrinsic_removed,Xc,0.9923622044021028,0.9636515900334122,0.9743451414607619,0.9636296877455255,0.9834725113504497,0.005127088236618773,11.0,0.5,1.5,none,data,1980,2020,
denmark,Denmark,2017,robustness,extrinsic_removed,Xc,0.9944497532671585,0.9782701471050728,0.9848339652895809,0.976226310102797,0.9919479817784114,0.0018276797314609307,11.0,0.5,1.5,none,data,1980,2020,
denmark,Denmark,2018,robustness,extrinsic_removed,Xc,0.9906081264349348,0.9577964350925215,0.9699039300316905,0.9582229026851805,0.9798515317087584,0.00559182949894301,11.0,0.5,1.5,none,data,1980,2020,
denmark,Denmark,2019,robustness,extrinsic_removed,Xc,0.997794750410798,0.990369850739554,0.9939385502085732,0.9868722065917137,0.9996953220141641,0.0006061282502158161,11.0,0.5,1.5,none,data,1980,2020,
denmark,Denmark,2020,robustness,extrinsic_removed,Xc,1.0,1.0,1.0011717459747245,0.9952188913332852,1.0061279711776283,0.0007084775727672165,11.0,0.5,1.5,none,data,1980,2020,
denmark,Denmark,2020,robustness_extrapolation,extrinsic_removed,Xc,,,1.0011717459747245,,,,,,,,linear_extrapolation,1980,2020,0.0036013870555473854
denmark,Denmark,2021,robustness_extrapolation,extrinsic_removed,Xc,,,1.0047731330302718,,,,,,,,linear_extrapolation,1980,2020,0.0036013870555473854
denmark,Denmark,2022,robustness_extrapolation,extrinsic_removed,Xc,,,1.0083745200858192,,,,,,,,linear_extrapolation,1980,2020,0.0036013870555473854
denmark,Denmark,2023,robustness_extrapolation,extrinsic_removed,Xc,,,1.0119759071413665,,,,,,,,linear_extrapolation,1980,2020,0.0036013870555473854
denmark,Denmark,2024,robustness_extrapolation,extrinsic_removed,Xc,,,1.0155772941969141,,,,,,,,linear_extrapolation,1980,2020,0.0036013870555473854
denmark,Denmark,2025,robustness_extrapolation,extrinsic_removed,Xc,,,1.0191786812524615,,,,,,,,linear_extrapolation,1980,2020,0.0036013870555473854
denmark,Denmark,2026,robustness_extrapolation,extrinsic_removed,Xc,,,1.0227800683080088,,,,,,,,linear_extrapolation,1980,2020,0.0036013870555473854
denmark,Denmark,2027,robustness_extrapolation,extrinsic_removed,Xc,,,1.0263814553635562,,,,,,,,linear_extrapolation,1980,2020,0.0036013870555473854
denmark,Denmark,2028,robustness_extrapolation,extrinsic_removed,Xc,,,1.0299828424191035,,,,,,,,linear_extrapolation,1980,2020,0.0036013870555473854
denmark,Denmark,2029,robustness_extrapolation,extrinsic_removed,Xc,,,1.033584229474651,,,,,,,,linear_extrapolation,1980,2020,0.0036013870555473854
denmark,Denmark,2030,robustness_extrapolation,extrinsic_removed,Xc,,,1.0371856165301983,,,,,,,,linear_extrapolation,1980,2020,0.0036013870555473854
denmark,Denmark,2031,robustness_extrapolation,extrinsic_removed,Xc,,,1.0407870035857456,,,,,,,,linear_extrapolation,1980,2020,0.0036013870555473854
denmark,Denmark,2032,robustness_extrapolation,extrinsic_removed,Xc,,,1.0443883906412932,,,,,,,,linear_extrapolation,1980,2020,0.0036013870555473854
denmark,Denmark,2033,robustness_extrapolation,extrinsic_removed,Xc,,,1.0479897776968405,,,,,,,,linear_extrapolation,1980,2020,0.0036013870555473854
denmark,Denmark,2034,robustness_extrapolation,extrinsic_removed,Xc,,,1.051591164752388,,,,,,,,linear_extrapolation,1980,2020,0.0036013870555473854
denmark,Denmark,2035,robustness_extrapolation,extrinsic_removed,Xc,,,1.0551925518079353,,,,,,,,linear_extrapolation,1980,2020,0.0036013870555473854
denmark,Denmark,2036,robustness_extrapolation,extrinsic_removed,Xc,,,1.0587939388634826,,,,,,,,linear_extrapolation,1980,2020,0.0036013870555473854
denmark,Denmark,2037,robustness_extrapolation,extrinsic_removed,Xc,,,1.06239532591903,,,,,,,,linear_extrapolation,1980,2020,0.0036013870555473854
denmark,Denmark,2038,robustness_extrapolation,extrinsic_removed,Xc,,,1.0659967129745773,,,,,,,,linear_extrapolation,1980,2020,0.0036013870555473854
denmark,Denmark,2039,robustness_extrapolation,extrinsic_removed,Xc,,,1.0695981000301247,,,,,,,,linear_extrapolation,1980,2020,0.0036013870555473854
denmark,Denmark,2040,robustness_extrapolation,extrinsic_removed,Xc,,,1.0731994870856723,,,,,,,,linear_extrapolation,1980,2020,0.0036013870555473854
denmark,Denmark,2041,robustness_extrapolation,extrinsic_removed,Xc,,,1.0768008741412196,,,,,,,,linear_extrapolation,1980,2020,0.0036013870555473854
denmark,Denmark,2042,robustness_extrapolation,extrinsic_removed,Xc,,,1.080402261196767,,,,,,,,linear_extrapolation,1980,2020,0.0036013870555473854
denmark,Denmark,2043,robustness_extrapolation,extrinsic_removed,Xc,,,1.0840036482523143,,,,,,,,linear_extrapolation,1980,2020,0.0036013870555473854
denmark,Denmark,2044,robustness_extrapolation,extrinsic_removed,Xc,,,1.0876050353078617,,,,,,,,linear_extrapolation,1980,2020,0.0036013870555473854
denmark,Denmark,2045,robustness_extrapolation,extrinsic_removed,Xc,,,1.091206422363409,,,,,,,,linear_extrapolation,1980,2020,0.0036013870555473854
denmark,Denmark,2046,robustness_extrapolation,extrinsic_removed,Xc,,,1.0948078094189564,,,,,,,,linear_extrapolation,1980,2020,0.0036013870555473854
denmark,Denmark,2047,robustness_extrapolation,extrinsic_removed,Xc,,,1.098409196474504,,,,,,,,linear_extrapolation,1980,2020,0.0036013870555473854
denmark,Denmark,2048,robustness_extrapolation,extrinsic_removed,Xc,,,1.1020105835300513,,,,,,,,linear_extrapolation,1980,2020,0.0036013870555473854
denmark,Denmark,2049,robustness_extrapolation,extrinsic_removed,Xc,,,1.1056119705855987,,,,,,,,linear_extrapolation,1980,2020,0.0036013870555473854
denmark,Denmark,2050,robustness_extrapolation,extrinsic_removed,Xc,,,1.109213357641146,,,,,,,,linear_extrapolation,1980,2020,0.0036013870555473854
denmark,Denmark,2051,robustness_extrapolation,extrinsic_removed,Xc,,,1.1128147446966934,,,,,,,,linear_extrapolation,1980,2020,0.0036013870555473854
denmark,Denmark,2052,robustness_extrapolation,extrinsic_removed,Xc,,,1.1164161317522407,,,,,,,,linear_extrapolation,1980,2020,0.0036013870555473854
denmark,Denmark,2053,robustness_extrapolation,extrinsic_removed,Xc,,,1.120017518807788,,,,,,,,linear_extrapolation,1980,2020,0.0036013870555473854
denmark,Denmark,2054,robustness_extrapolation,extrinsic_removed,Xc,,,1.1236189058633355,,,,,,,,linear_extrapolation,1980,2020,0.0036013870555473854
denmark,Denmark,2055,robustness_extrapolation,extrinsic_removed,Xc,,,1.127220292918883,,,,,,,,linear_extrapolation,1980,2020,0.0036013870555473854
denmark,Denmark,2056,robustness_extrapolation,extrinsic_removed,Xc,,,1.1308216799744304,,,,,,,,linear_extrapolation,1980,2020,0.0036013870555473854
denmark,Denmark,2057,robustness_extrapolation,extrinsic_removed,Xc,,,1.1344230670299777,,,,,,,,linear_extrapolation,1980,2020,0.0036013870555473854
denmark,Denmark,2058,robustness_extrapolation,extrinsic_removed,Xc,,,1.138024454085525,,,,,,,,linear_extrapolation,1980,2020,0.0036013870555473854
denmark,Denmark,2059,robustness_extrapolation,extrinsic_removed,Xc,,,1.1416258411410725,,,,,,,,linear_extrapolation,1980,2020,0.0036013870555473854
denmark,Denmark,2060,robustness_extrapolation,extrinsic_removed,Xc,,,1.1452272281966198,,,,,,,,linear_extrapolation,1980,2020,0.0036013870555473854
denmark,Denmark,2061,robustness_extrapolation,extrinsic_removed,Xc,,,1.1488286152521674,,,,,,,,linear_extrapolation,1980,2020,0.0036013870555473854
denmark,Denmark,2062,robustness_extrapolation,extrinsic_removed,Xc,,,1.1524300023077148,,,,,,,,linear_extrapolation,1980,2020,0.0036013870555473854
denmark,Denmark,2063,robustness_extrapolation,extrinsic_removed,Xc,,,1.156031389363262,,,,,,,,linear_extrapolation,1980,2020,0.0036013870555473854
denmark,Denmark,2064,robustness_extrapolation,extrinsic_removed,Xc,,,1.1596327764188095,,,,,,,,linear_extrapolation,1980,2020,0.0036013870555473854
denmark,Denmark,2065,robustness_extrapolation,extrinsic_removed,Xc,,,1.1632341634743568,,,,,,,,linear_extrapolation,1980,2020,0.0036013870555473854
denmark,Denmark,2066,robustness_extrapolation,extrinsic_removed,Xc,,,1.1668355505299042,,,,,,,,linear_extrapolation,1980,2020,0.0036013870555473854
denmark,Denmark,2067,robustness_extrapolation,extrinsic_removed,Xc,,,1.1704369375854515,,,,,,,,linear_extrapolation,1980,2020,0.0036013870555473854
denmark,Denmark,2068,robustness_extrapolation,extrinsic_removed,Xc,,,1.1740383246409989,,,,,,,,linear_extrapolation,1980,2020,0.0036013870555473854
denmark,Denmark,2069,robustness_extrapolation,extrinsic_removed,Xc,,,1.1776397116965462,,,,,,,,linear_extrapolation,1980,2020,0.0036013870555473854
denmark,Denmark,2070,robustness_extrapolation,extrinsic_removed,Xc,,,1.1812410987520938,,,,,,,,linear_extrapolation,1980,2020,0.0036013870555473854
denmark,Denmark,2071,robustness_extrapolation,extrinsic_removed,Xc,,,1.1848424858076412,,,,,,,,linear_extrapolation,1980,2020,0.0036013870555473854
denmark,Denmark,2072,robustness_extrapolation,extrinsic_removed,Xc,,,1.1884438728631885,,,,,,,,linear_extrapolation,1980,2020,0.0036013870555473854
denmark,Denmark,2073,robustness_extrapolation,extrinsic_removed,Xc,,,1.1920452599187359,,,,,,,,linear_extrapolation,1980,2020,0.0036013870555473854
denmark,Denmark,2074,robustness_extrapolation,extrinsic_removed,Xc,,,1.1956466469742832,,,,,,,,linear_extrapolation,1980,2020,0.0036013870555473854
denmark,Denmark,2075,robustness_extrapolation,extrinsic_removed,Xc,,,1.1992480340298306,,,,,,,,linear_extrapolation,1980,2020,0.0036013870555473854
denmark,Denmark,2076,robustness_extrapolation,extrinsic_removed,Xc,,,1.2028494210853782,,,,,,,,linear_extrapolation,1980,2020,0.0036013870555473854
denmark,Denmark,2077,robustness_extrapolation,extrinsic_removed,Xc,,,1.2064508081409255,,,,,,,,linear_extrapolation,1980,2020,0.0036013870555473854
denmark,Denmark,2078,robustness_extrapolation,extrinsic_removed,Xc,,,1.210052195196473,,,,,,,,linear_extrapolation,1980,2020,0.0036013870555473854
denmark,Denmark,2079,robustness_extrapolation,extrinsic_removed,Xc,,,1.2136535822520202,,,,,,,,linear_extrapolation,1980,2020,0.0036013870555473854
denmark,Denmark,2080,robustness_extrapolation,extrinsic_removed,Xc,,,1.2172549693075676,,,,,,,,linear_extrapolation,1980,2020,0.0036013870555473854
denmark,Denmark,2081,robustness_extrapolation,extrinsic_removed,Xc,,,1.220856356363115,,,,,,,,linear_extrapolation,1980,2020,0.0036013870555473854
denmark,Denmark,2082,robustness_extrapolation,extrinsic_removed,Xc,,,1.2244577434186623,,,,,,,,linear_extrapolation,1980,2020,0.0036013870555473854
denmark,Denmark,2083,robustness_extrapolation,extrinsic_removed,Xc,,,1.2280591304742097,,,,,,,,linear_extrapolation,1980,2020,0.0036013870555473854
denmark,Denmark,2084,robustness_extrapolation,extrinsic_removed,Xc,,,1.231660517529757,,,,,,,,linear_extrapolation,1980,2020,0.0036013870555473854
denmark,Denmark,2085,robustness_extrapolation,extrinsic_removed,Xc,,,1.2352619045853046,,,,,,,,linear_extrapolation,1980,2020,0.0036013870555473854
denmark,Denmark,2086,robustness_extrapolation,extrinsic_removed,Xc,,,1.238863291640852,,,,,,,,linear_extrapolation,1980,2020,0.0036013870555473854
denmark,Denmark,2087,robustness_extrapolation,extrinsic_removed,Xc,,,1.2424646786963993,,,,,,,,linear_extrapolation,1980,2020,0.0036013870555473854
denmark,Denmark,2088,robustness_extrapolation,extrinsic_removed,Xc,,,1.2460660657519467,,,,,,,,linear_extrapolation,1980,2020,0.0036013870555473854
denmark,Denmark,2089,robustness_extrapolation,extrinsic_removed,Xc,,,1.249667452807494,,,,,,,,linear_extrapolation,1980,2020,0.0036013870555473854
denmark,Denmark,2090,robustness_extrapolation,extrinsic_removed,Xc,,,1.2532688398630414,,,,,,,,linear_extrapolation,1980,2020,0.0036013870555473854
denmark,Denmark,2091,robustness_extrapolation,extrinsic_removed,Xc,,,1.256870226918589,,,,,,,,linear_extrapolation,1980,2020,0.0036013870555473854
denmark,Denmark,2092,robustness_extrapolation,extrinsic_removed,Xc,,,1.2604716139741363,,,,,,,,linear_extrapolation,1980,2020,0.0036013870555473854
denmark,Denmark,2093,robustness_extrapolation,extrinsic_removed,Xc,,,1.2640730010296837,,,,,,,,linear_extrapolation,1980,2020,0.0036013870555473854
denmark,Denmark,2094,robustness_extrapolation,extrinsic_removed,Xc,,,1.267674388085231,,,,,,,,linear_extrapolation,1980,2020,0.0036013870555473854
denmark,Denmark,2095,robustness_extrapolation,extrinsic_removed,Xc,,,1.2712757751407784,,,,,,,,linear_extrapolation,1980,2020,0.0036013870555473854
denmark,Denmark,2096,robustness_extrapolation,extrinsic_removed,Xc,,,1.2748771621963257,,,,,,,,linear_extrapolation,1980,2020,0.0036013870555473854
denmark,Denmark,2097,robustness_extrapolation,extrinsic_removed,Xc,,,1.278478549251873,,,,,,,,linear_extrapolation,1980,2020,0.0036013870555473854
denmark,Denmark,2098,robustness_extrapolation,extrinsic_removed,Xc,,,1.2820799363074205,,,,,,,,linear_extrapolation,1980,2020,0.0036013870555473854
denmark,Denmark,2099,robustness_extrapolation,extrinsic_removed,Xc,,,1.2856813233629678,,,,,,,,linear_extrapolation,1980,2020,0.0036013870555473854
denmark,Denmark,2100,robustness_extrapolation,extrinsic_removed,Xc,,,1.2892827104185152,,,,,,,,linear_extrapolation,1980,2020,0.0036013870555473854
denmark,Denmark,2020,robustness_extrapolation,extrinsic_removed,Xc,,,1.0011717459747245,,,,,,,,exponential_extrapolation,1980,2020,0.003950937608655638
denmark,Denmark,2021,robustness_extrapolation,extrinsic_removed,Xc,,,1.005135137479216,,,,,,,,exponential_extrapolation,1980,2020,0.003950937608655638
denmark,Denmark,2022,robustness_extrapolation,extrinsic_removed,Xc,,,1.0091142190711284,,,,,,,,exponential_extrapolation,1980,2020,0.003950937608655638
denmark,Denmark,2023,robustness_extrapolation,extrinsic_removed,Xc,,,1.0131090528636402,,,,,,,,exponential_extrapolation,1980,2020,0.003950937608655638
denmark,Denmark,2024,robustness_extrapolation,extrinsic_removed,Xc,,,1.0171197012158204,,,,,,,,exponential_extrapolation,1980,2020,0.003950937608655638
denmark,Denmark,2025,robustness_extrapolation,extrinsic_removed,Xc,,,1.0211462267336024,,,,,,,,exponential_extrapolation,1980,2020,0.003950937608655638
denmark,Denmark,2026,robustness_extrapolation,extrinsic_removed,Xc,,,1.0251886922707607,,,,,,,,exponential_extrapolation,1980,2020,0.003950937608655638
denmark,Denmark,2027,robustness_extrapolation,extrinsic_removed,Xc,,,1.0292471609298925,,,,,,,,exponential_extrapolation,1980,2020,0.003950937608655638
denmark,Denmark,2028,robustness_extrapolation,extrinsic_removed,Xc,,,1.0333216960634024,,,,,,,,exponential_extrapolation,1980,2020,0.003950937608655638
denmark,Denmark,2029,robustness_extrapolation,extrinsic_removed,Xc,,,1.0374123612744917,,,,,,,,exponential_extrapolation,1980,2020,0.003950937608655638
denmark,Denmark,2030,robustness_extrapolation,extrinsic_removed,Xc,,,1.041519220418151,,,,,,,,exponential_extrapolation,1980,2020,0.003950937608655638
denmark,Denmark,2031,robustness_extrapolation,extrinsic_removed,Xc,,,1.045642337602157,,,,,,,,exponential_extrapolation,1980,2020,0.003950937608655638
denmark,Denmark,2032,robustness_extrapolation,extrinsic_removed,Xc,,,1.0497817771880735,,,,,,,,exponential_extrapolation,1980,2020,0.003950937608655638
denmark,Denmark,2033,robustness_extrapolation,extrinsic_removed,Xc,,,1.0539376037922554,,,,,,,,exponential_extrapolation,1980,2020,0.003950937608655638
denmark,Denmark,2034,robustness_extrapolation,extrinsic_removed,Xc,,,1.0581098822868582,,,,,,,,exponential_extrapolation,1980,2020,0.003950937608655638
denmark,Denmark,2035,robustness_extrapolation,extrinsic_removed,Xc,,,1.0622986778008499,,,,,,,,exponential_extrapolation,1980,2020,0.003950937608655638
denmark,Denmark,2036,robustness_extrapolation,extrinsic_removed,Xc,,,1.0665040557210281,,,,,,,,exponential_extrapolation,1980,2020,0.003950937608655638
denmark,Denmark,2037,robustness_extrapolation,extrinsic_removed,Xc,,,1.0707260816930404,,,,,,,,exponential_extrapolation,1980,2020,0.003950937608655638
denmark,Denmark,2038,robustness_extrapolation,extrinsic_removed,Xc,,,1.07496482162241,,,,,,,,exponential_extrapolation,1980,2020,0.003950937608655638
denmark,Denmark,2039,robustness_extrapolation,extrinsic_removed,Xc,,,1.0792203416755624,,,,,,,,exponential_extrapolation,1980,2020,0.003950937608655638
denmark,Denmark,2040,robustness_extrapolation,extrinsic_removed,Xc,,,1.0834927082808616,,,,,,,,exponential_extrapolation,1980,2020,0.003950937608655638
denmark,Denmark,2041,robustness_extrapolation,extrinsic_removed,Xc,,,1.0877819881296429,,,,,,,,exponential_extrapolation,1980,2020,0.003950937608655638
denmark,Denmark,2042,robustness_extrapolation,extrinsic_removed,Xc,,,1.0920882481772578,,,,,,,,exponential_extrapolation,1980,2020,0.003950937608655638
denmark,Denmark,2043,robustness_extrapolation,extrinsic_removed,Xc,,,1.0964115556441165,,,,,,,,exponential_extrapolation,1980,2020,0.003950937608655638
denmark,Denmark,2044,robustness_extrapolation,extrinsic_removed,Xc,,,1.100751978016739,,,,,,,,exponential_extrapolation,1980,2020,0.003950937608655638
denmark,Denmark,2045,robustness_extrapolation,extrinsic_removed,Xc,,,1.1051095830488067,,,,,,,,exponential_extrapolation,1980,2020,0.003950937608655638
denmark,Denmark,2046,robustness_extrapolation,extrinsic_removed,Xc,,,1.1094844387622222,,,,,,,,exponential_extrapolation,1980,2020,0.003950937608655638
denmark,Denmark,2047,robustness_extrapolation,extrinsic_removed,Xc,,,1.1138766134481695,,,,,,,,exponential_extrapolation,1980,2020,0.003950937608655638
denmark,Denmark,2048,robustness_extrapolation,extrinsic_removed,Xc,,,1.11828617566818,,,,,,,,exponential_extrapolation,1980,2020,0.003950937608655638
denmark,Denmark,2049,robustness_extrapolation,extrinsic_removed,Xc,,,1.1227131942552038,,,,,,,,exponential_extrapolation,1980,2020,0.003950937608655638
denmark,Denmark,2050,robustness_extrapolation,extrinsic_removed,Xc,,,1.127157738314684,,,,,,,,exponential_extrapolation,1980,2020,0.003950937608655638
denmark,Denmark,2051,robustness_extrapolation,extrinsic_removed,Xc,,,1.1316198772256347,,,,,,,,exponential_extrapolation,1980,2020,0.003950937608655638
denmark,Denmark,2052,robustness_extrapolation,extrinsic_removed,Xc,,,1.1360996806417238,,,,,,,,exponential_extrapolation,1980,2020,0.003950937608655638
denmark,Denmark,2053,robustness_extrapolation,extrinsic_removed,Xc,,,1.140597218492362,,,,,,,,exponential_extrapolation,1980,2020,0.003950937608655638
denmark,Denmark,2054,robustness_extrapolation,extrinsic_removed,Xc,,,1.1451125609837924,,,,,,,,exponential_extrapolation,1980,2020,0.003950937608655638
denmark,Denmark,2055,robustness_extrapolation,extrinsic_removed,Xc,,,1.1496457786001872,,,,,,,,exponential_extrapolation,1980,2020,0.003950937608655638
denmark,Denmark,2056,robustness_extrapolation,extrinsic_removed,Xc,,,1.1541969421047489,,,,,,,,exponential_extrapolation,1980,2020,0.003950937608655638
denmark,Denmark,2057,robustness_extrapolation,extrinsic_removed,Xc,,,1.158766122540813,,,,,,,,exponential_extrapolation,1980,2020,0.003950937608655638
denmark,Denmark,2058,robustness_extrapolation,extrinsic_removed,Xc,,,1.1633533912329586,,,,,,,,exponential_extrapolation,1980,2020,0.003950937608655638
denmark,Denmark,2059,robustness_extrapolation,extrinsic_removed,Xc,,,1.1679588197881212,,,,,,,,exponential_extrapolation,1980,2020,0.003950937608655638
denmark,Denmark,2060,robustness_extrapolation,extrinsic_removed,Xc,,,1.1725824800967104,,,,,,,,exponential_extrapolation,1980,2020,0.003950937608655638
denmark,Denmark,2061,robustness_extrapolation,extrinsic_removed,Xc,,,1.1772244443337314,,,,,,,,exponential_extrapolation,1980,2020,0.003950937608655638
denmark,Denmark,2062,robustness_extrapolation,extrinsic_removed,Xc,,,1.181884784959914,,,,,,,,exponential_extrapolation,1980,2020,0.003950937608655638
denmark,Denmark,2063,robustness_extrapolation,extrinsic_removed,Xc,,,1.1865635747228402,,,,,,,,exponential_extrapolation,1980,2020,0.003950937608655638
denmark,Denmark,2064,robustness_extrapolation,extrinsic_removed,Xc,,,1.1912608866580834,,,,,,,,exponential_extrapolation,1980,2020,0.003950937608655638
denmark,Denmark,2065,robustness_extrapolation,extrinsic_removed,Xc,,,1.195976794090346,,,,,,,,exponential_extrapolation,1980,2020,0.003950937608655638
denmark,Denmark,2066,robustness_extrapolation,extrinsic_removed,Xc,,,1.2007113706346046,,,,,,,,exponential_extrapolation,1980,2020,0.003950937608655638
denmark,Denmark,2067,robustness_extrapolation,extrinsic_removed,Xc,,,1.20546469019726,,,,,,,,exponential_extrapolation,1980,2020,0.003950937608655638
denmark,Denmark,2068,robustness_extrapolation,extrinsic_removed,Xc,,,1.2102368269772894,,,,,,,,exponential_extrapolation,1980,2020,0.003950937608655638
denmark,Denmark,2069,robustness_extrapolation,extrinsic_removed,Xc,,,1.2150278554674057,,,,,,,,exponential_extrapolation,1980,2020,0.003950937608655638
denmark,Denmark,2070,robustness_extrapolation,extrinsic_removed,Xc,,,1.21983785045522,,,,,,,,exponential_extrapolation,1980,2020,0.003950937608655638
denmark,Denmark,2071,robustness_extrapolation,extrinsic_removed,Xc,,,1.2246668870244095,,,,,,,,exponential_extrapolation,1980,2020,0.003950937608655638
denmark,Denmark,2072,robustness_extrapolation,extrinsic_removed,Xc,,,1.2295150405558888,,,,,,,,exponential_extrapolation,1980,2020,0.003950937608655638
denmark,Denmark,2073,robustness_extrapolation,extrinsic_removed,Xc,,,1.2343823867289863,,,,,,,,exponential_extrapolation,1980,2020,0.003950937608655638
denmark,Denmark,2074,robustness_extrapolation,extrinsic_removed,Xc,,,1.2392690015226275,,,,,,,,exponential_extrapolation,1980,2020,0.003950937608655638
denmark,Denmark,2075,robustness_extrapolation,extrinsic_removed,Xc,,,1.244174961216518,,,,,,,,exponential_extrapolation,1980,2020,0.003950937608655638
denmark,Denmark,2076,robustness_extrapolation,extrinsic_removed,Xc,,,1.249100342392338,,,,,,,,exponential_extrapolation,1980,2020,0.003950937608655638
denmark,Denmark,2077,robustness_extrapolation,extrinsic_removed,Xc,,,1.2540452219349334,,,,,,,,exponential_extrapolation,1980,2020,0.003950937608655638
denmark,Denmark,2078,robustness_extrapolation,extrinsic_removed,Xc,,,1.25900967703352,,,,,,,,exponential_extrapolation,1980,2020,0.003950937608655638
denmark,Denmark,2079,robustness_extrapolation,extrinsic_removed,Xc,,,1.2639937851828853,,,,,,,,exponential_extrapolation,1980,2020,0.003950937608655638
denmark,Denmark,2080,robustness_extrapolation,extrinsic_removed,Xc,,,1.2689976241846006,,,,,,,,exponential_extrapolation,1980,2020,0.003950937608655638
denmark,Denmark,2081,robustness_extrapolation,extrinsic_removed,Xc,,,1.2740212721482338,,,,,,,,exponential_extrapolation,1980,2020,0.003950937608655638
denmark,Denmark,2082,robustness_extrapolation,extrinsic_removed,Xc,,,1.2790648074925692,,,,,,,,exponential_extrapolation,1980,2020,0.003950937608655638
denmark,Denmark,2083,robustness_extrapolation,extrinsic_removed,Xc,,,1.2841283089468323,,,,,,,,exponential_extrapolation,1980,2020,0.003950937608655638
denmark,Denmark,2084,robustness_extrapolation,extrinsic_removed,Xc,,,1.2892118555519172,,,,,,,,exponential_extrapolation,1980,2020,0.003950937608655638
denmark,Denmark,2085,robustness_extrapolation,extrinsic_removed,Xc,,,1.294315526661622,,,,,,,,exponential_extrapolation,1980,2020,0.003950937608655638
denmark,Denmark,2086,robustness_extrapolation,extrinsic_removed,Xc,,,1.299439401943887,,,,,,,,exponential_extrapolation,1980,2020,0.003950937608655638
denmark,Denmark,2087,robustness_extrapolation,extrinsic_removed,Xc,,,1.3045835613820378,,,,,,,,exponential_extrapolation,1980,2020,0.003950937608655638
denmark,Denmark,2088,robustness_extrapolation,extrinsic_removed,Xc,,,1.3097480852760344,,,,,,,,exponential_extrapolation,1980,2020,0.003950937608655638
denmark,Denmark,2089,robustness_extrapolation,extrinsic_removed,Xc,,,1.3149330542437243,,,,,,,,exponential_extrapolation,1980,2020,0.003950937608655638
denmark,Denmark,2090,robustness_extrapolation,extrinsic_removed,Xc,,,1.3201385492221014,,,,,,,,exponential_extrapolation,1980,2020,0.003950937608655638
denmark,Denmark,2091,robustness_extrapolation,extrinsic_removed,Xc,,,1.3253646514685689,,,,,,,,exponential_extrapolation,1980,2020,0.003950937608655638
denmark,Denmark,2092,robustness_extrapolation,extrinsic_removed,Xc,,,1.3306114425622084,,,,,,,,exponential_extrapolation,1980,2020,0.003950937608655638
denmark,Denmark,2093,robustness_extrapolation,extrinsic_removed,Xc,,,1.3358790044050526,,,,,,,,exponential_extrapolation,1980,2020,0.003950937608655638
denmark,Denmark,2094,robustness_extrapolation,extrinsic_removed,Xc,,,1.3411674192233638,,,,,,,,exponential_extrapolation,1980,2020,0.003950937608655638
denmark,Denmark,2095,robustness_extrapolation,extrinsic_removed,Xc,,,1.3464767695689186,,,,,,,,exponential_extrapolation,1980,2020,0.003950937608655638
denmark,Denmark,2096,robustness_extrapolation,extrinsic_removed,Xc,,,1.351807138320295,,,,,,,,exponential_extrapolation,1980,2020,0.003950937608655638
denmark,Denmark,2097,robustness_extrapolation,extrinsic_removed,Xc,,,1.3571586086841667,,,,,,,,exponential_extrapolation,1980,2020,0.003950937608655638
denmark,Denmark,2098,robustness_extrapolation,extrinsic_removed,Xc,,,1.3625312641966025,,,,,,,,exponential_extrapolation,1980,2020,0.003950937608655638
denmark,Denmark,2099,robustness_extrapolation,extrinsic_removed,Xc,,,1.3679251887243697,,,,,,,,exponential_extrapolation,1980,2020,0.003950937608655638
denmark,Denmark,2100,robustness_extrapolation,extrinsic_removed,Xc,,,1.3733404664662436,,,,,,,,exponential_extrapolation,1980,2020,0.003950937608655638
