year,ggm_m,ggm_m_stderr,ggm_fit_age_start,ggm_fit_age_end,ci_method,ggm_m_ci_low,ggm_m_ci_high
1800,0.00751601594752171,0.0002446168173484459,20,100,lognormal delta-method from GGM curve_fit covariance,0.0070515473067714,0.008011078032356737
1801,0.006730606517613284,0.00022362940295703965,20,100,lognormal delta-method from GGM curve_fit covariance,0.006306267633301249,0.0071834985016682356
1802,0.006141579159536853,0.0001432689013151369,20,100,lognormal delta-method from GGM curve_fit covariance,0.005867099881534462,0.006428899342854291
1803,0.006515291250735885,0.00015472151231839663,20,100,lognormal delta-method from GGM curve_fit covariance,0.006218991652080499,0.006825707840870744
1804,0.007276299061626089,0.0001654450025707489,20,100,lognormal delta-method from GGM curve_fit covariance,0.006959152085090824,0.007607899265148726
1805,0.006994300932038784,0.00013794496422862997,20,100,lognormal delta-method from GGM curve_fit covariance,0.006729092652772111,0.007269961650441157
1806,0.008224186734780821,0.0001552285879174307,20,100,lognormal delta-method from GGM curve_fit covariance,0.007925503050799247,0.008534126731769278
1807,0.007869742577206166,0.0001559681586832664,20,100,lognormal delta-method from GGM curve_fit covariance,0.007569911613708729,0.008181449320931868
1808,0.013078600499167103,0.0001569273029275527,20,100,lognormal delta-method from GGM curve_fit covariance,0.012774617064418852,0.013389817491534759
1809,0.013176612112649623,0.00035264360958152684,20,100,lognormal delta-method from GGM curve_fit covariance,0.012503257855480994,0.01388622939509437
1810,0.008886038807053747,0.0002298587052322608,20,100,lognormal delta-method from GGM curve_fit covariance,0.008446753806546097,0.009348169425663994
1811,0.008759125820423262,0.0002068609771224207,20,100,lognormal delta-method from GGM curve_fit covariance,0.008362926086351538,0.009174095806396972
1812,0.007898120867712537,0.0002810628088068461,20,100,lognormal delta-method from GGM curve_fit covariance,0.007366019892417977,0.008468659350921087
1813,0.008090528784735547,0.0001552931775747711,20,100,lognormal delta-method from GGM curve_fit covariance,0.007791813868902382,0.008400695539953294
1814,0.007416459605703919,0.00013217041070257278,20,100,lognormal delta-method from GGM curve_fit covariance,0.007161882303702586,0.00768008614922389
1815,0.007316308942666121,0.0001814272924208153,20,100,lognormal delta-method from GGM curve_fit covariance,0.006969220978062835,0.0076806829218113
1816,0.006437119519154806,0.00015684714953168166,20,100,lognormal delta-method from GGM curve_fit covariance,0.006136929821641676,0.0067519930825604944
1817,0.0071586584734495634,0.0001662063715622199,20,100,lognormal delta-method from GGM curve_fit covariance,0.006840200716713621,0.007491942599619006
1818,0.00667811041110012,0.00023469896687635514,20,100,lognormal delta-method from GGM curve_fit covariance,0.006233594213688783,0.007154324958289684
1819,0.00834659740572064,0.00016445794877717213,20,100,lognormal delta-method from GGM curve_fit covariance,0.008030410352355449,0.008675233916626494
1820,0.007185264412623941,0.0002471225387746357,20,100,lognormal delta-method from GGM curve_fit covariance,0.006716877233572912,0.007686313577575623
1821,0.006803431315039918,0.0001882269046043109,20,100,lognormal delta-method from GGM curve_fit covariance,0.006444337331726782,0.007182534879201167
1822,0.006499315006758934,0.00018281016612394342,20,100,lognormal delta-method from GGM curve_fit covariance,0.006150711060614688,0.006867676784163619
1823,0.005096835938714323,0.00019239583151300617,20,100,lognormal delta-method from GGM curve_fit covariance,0.0047333587345506105,0.005488224756038118
1824,0.006110249069849295,0.00013059653160383346,20,100,lognormal delta-method from GGM curve_fit covariance,0.005859571790951364,0.0063716505279872
1825,0.006720752942782764,0.00015586112113694615,20,100,lognormal delta-method from GGM curve_fit covariance,0.006422109381458985,0.007033284149336886
1826,0.006618987574502756,0.00018641306636757817,20,100,lognormal delta-method from GGM curve_fit covariance,0.006263525541925673,0.006994622472306948
1827,0.007169080298958341,0.000261071423900958,20,100,lognormal delta-method from GGM curve_fit covariance,0.006675223767273615,0.007699474073796383
1828,0.007207035655518252,0.0003484435599021502,20,100,lognormal delta-method from GGM curve_fit covariance,0.006555457985141376,0.007923376682093284
1829,0.007293635356838222,0.000368037806257631,20,100,lognormal delta-method from GGM curve_fit covariance,0.006606817408795161,0.00805185211380343
1830,0.00647370683261179,0.0003260260545103723,20,100,lognormal delta-method from GGM curve_fit covariance,0.005865231793529166,0.007145306721013256
1831,0.006890330891477174,0.00027389757986631756,20,100,lognormal delta-method from GGM curve_fit covariance,0.006373881151535591,0.007448626459344411
1832,0.006350046964842104,0.00020051912972746306,20,100,lognormal delta-method from GGM curve_fit covariance,0.005968951507945661,0.0067554739558570226
1833,0.006423721941439626,0.0002591862803176289,20,100,lognormal delta-method from GGM curve_fit covariance,0.005935293447177874,0.006952344302462968
1834,0.009302715086534151,0.0005057043790876112,20,100,lognormal delta-method from GGM curve_fit covariance,0.008362528293566353,0.010348605701915457
1835,0.005948630199155307,0.00018190069437469593,20,100,lognormal delta-method from GGM curve_fit covariance,0.005602584723707309,0.00631604928642417
1836,0.005680768926505109,0.00019928500903489734,20,100,lognormal delta-method from GGM curve_fit covariance,0.0053033028579535,0.006085101390720719
1837,0.006292930974580543,0.00032606286528993135,20,100,lognormal delta-method from GGM curve_fit covariance,0.005685238445766037,0.006965579478962265
1838,0.006868304697908315,0.0003051506407455149,20,100,lognormal delta-method from GGM curve_fit covariance,0.006295521005752024,0.0074932018144659275
1839,0.008040881360414654,0.00031404899860072374,20,100,lognormal delta-method from GGM curve_fit covariance,0.007448325848372787,0.00868057794039569
1840,0.006261942948214012,0.00024304677537198698,20,100,lognormal delta-method from GGM curve_fit covariance,0.005803248279886026,0.006756893311388239
1841,0.0059129195034401975,0.00022950622456313302,20,100,lognormal delta-method from GGM curve_fit covariance,0.005479779938124016,0.006380295823728427
1842,0.006757718455315803,0.0001831582563474402,20,100,lognormal delta-method from GGM curve_fit covariance,0.006408103214005824,0.007126408111140373
1843,0.00632115475836602,0.00020084185153266247,20,100,lognormal delta-method from GGM curve_fit covariance,0.0059395182791469586,0.006727312822573223
1844,0.005602633963296014,0.00019125086902276807,20,100,lognormal delta-method from GGM curve_fit covariance,0.0052400536270218725,0.00599030268789785
1845,0.005361079476553122,0.00019647374568953707,20,100,lognormal delta-method from GGM curve_fit covariance,0.004989502766005057,0.005760328133244282
1846,0.006426676900436088,0.00021413348528818323,20,100,lognormal delta-method from GGM curve_fit covariance,0.00602039352330599,0.006860378116930545
1847,0.005551573277399125,0.00022234648698221709,20,100,lognormal delta-method from GGM curve_fit covariance,0.005132447768162449,0.006004925378006607
1848,0.0048458020821929605,0.00025460485307058646,20,100,lognormal delta-method from GGM curve_fit covariance,0.004371620127799607,0.005371417720048987
1849,0.005404402672721553,0.0002014909564421383,20,100,lognormal delta-method from GGM curve_fit covariance,0.0050235713116655294,0.005814104436239465
1850,0.006282969764429212,0.0002202066717868438,20,100,lognormal delta-method from GGM curve_fit covariance,0.005865862824522372,0.006729736143113094
1851,0.00598712890178607,0.00021109655704378743,20,100,lognormal delta-method from GGM curve_fit covariance,0.005587359405018361,0.00641550147184138
1852,0.006424496588275116,0.00020953698998548123,20,100,lognormal delta-method from GGM curve_fit covariance,0.006026662831225477,0.0068485922588713685
1853,0.005740381906896318,0.0003850389862602844,20,100,lognormal delta-method from GGM curve_fit covariance,0.005033221207707702,0.006546897717620889
1854,0.005759636828976329,0.0001989801728555662,20,100,lognormal delta-method from GGM curve_fit covariance,0.00538255337210422,0.006163137475538288
1855,0.005956466514111201,0.00019221791622269703,20,100,lognormal delta-method from GGM curve_fit covariance,0.005591393265138331,0.006345376125649836
1856,0.005735314872820151,0.00014231628245723197,20,100,lognormal delta-method from GGM curve_fit covariance,0.005463054388946097,0.006021143914830716
1857,0.008459908706649017,0.0001873583095874814,20,100,lognormal delta-method from GGM curve_fit covariance,0.008100548876357954,0.008835210603286193
1858,0.006980873002861047,0.00012445037563247902,20,100,lognormal delta-method from GGM curve_fit covariance,0.006741166913602664,0.0072291026919596305
1859,0.00652682064310715,0.00015855629506083768,20,100,lognormal delta-method from GGM curve_fit covariance,0.006223338272581417,0.006845102393834615
1860,0.005110220517889856,0.0001282102322292195,20,100,lognormal delta-method from GGM curve_fit covariance,0.0048650113844767,0.00536778882466509
1861,0.004692189505121228,0.0001522540818394573,20,100,lognormal delta-method from GGM curve_fit covariance,0.004403068159692558,0.005000295601489643
1862,0.0055715167628766805,0.00010177802615376528,20,100,lognormal delta-method from GGM curve_fit covariance,0.005375564346459085,0.005774612122253407
1863,0.0052063583350447145,0.00011655965816133494,20,100,lognormal delta-method from GGM curve_fit covariance,0.004982845292212066,0.0054398973926112325
1864,0.005536182465570686,0.0001215273938075425,20,100,lognormal delta-method from GGM curve_fit covariance,0.005303044391346182,0.005779570003620499
1865,0.005841487531131903,0.0001268144774894908,20,100,lognormal delta-method from GGM curve_fit covariance,0.005598149380637789,0.006095403008428101
1866,0.006978272290714003,0.00016103354787432662,20,100,lognormal delta-method from GGM curve_fit covariance,0.00666968351412206,0.007301138661263274
1867,0.005811658981079527,0.00012791950289464955,20,100,lognormal delta-method from GGM curve_fit covariance,0.005566272461856456,0.006067863250283225
1868,0.0062234982229036374,0.00011587456426204064,20,100,lognormal delta-method from GGM curve_fit covariance,0.006000482186490937,0.006454802951949941
1869,0.0062060203785241986,0.00013238144284502732,20,100,lognormal delta-method from GGM curve_fit covariance,0.0059519065589043576,0.006470983466808242
1870,0.005732815812893916,0.00015706206782527946,20,100,lognormal delta-method from GGM curve_fit covariance,0.005433098807596555,0.006049066712833284
1871,0.0057134824911626685,0.00013016889572329925,20,100,lognormal delta-method from GGM curve_fit covariance,0.005463968425743438,0.005974390705301483
1872,0.005822511659261621,0.00010036053585268233,20,100,lognormal delta-method from GGM curve_fit covariance,0.005629094149397785,0.006022575057811815
1873,0.00649870121019413,0.0001102959897903754,20,100,lognormal delta-method from GGM curve_fit covariance,0.006286081002491488,0.006718513077168361
1874,0.008287169758656716,0.00014231598499935065,20,100,lognormal delta-method from GGM curve_fit covariance,0.008012877588390789,0.008570851339136298
1875,0.00727532093298832,0.00013602626249544986,20,100,lognormal delta-method from GGM curve_fit covariance,0.007013540173771515,0.0075468726729364275
1876,0.006675134591684326,0.0001204488923363176,20,100,lognormal delta-method from GGM curve_fit covariance,0.006443184889929168,0.006915434304352317
1877,0.006100368086740486,0.0001030678846494755,20,100,lognormal delta-method from GGM curve_fit covariance,0.005901666827094453,0.006305759353081521
1878,0.0059505464441039916,9.748433908040066e-05,20,100,lognormal delta-method from GGM curve_fit covariance,0.005762515542259799,0.006144712794918181
1879,0.005681454897158127,0.00010224797877972139,20,100,lognormal delta-method from GGM curve_fit covariance,0.005484545751883855,0.005885433581688103
1880,0.006197256434958935,9.10191002288845e-05,20,100,lognormal delta-method from GGM curve_fit covariance,0.006021405441850974,0.006378243035040334
1881,0.006123592929786331,0.00010762680979360304,20,100,lognormal delta-method from GGM curve_fit covariance,0.005916240192117859,0.0063382129785210265
1882,0.005953335665427382,8.066395953101681e-05,20,100,lognormal delta-method from GGM curve_fit covariance,0.005797318003342274,0.006113552081292854
1883,0.005934624146382907,7.509087015419882e-05,20,100,lognormal delta-method from GGM curve_fit covariance,0.005789258686922847,0.006083639661566296
1884,0.006022408373795487,8.362199490185543e-05,20,100,lognormal delta-method from GGM curve_fit covariance,0.005860722346707562,0.006188555006557755
1885,0.005998647056381358,0.00010229620808222461,20,100,lognormal delta-method from GGM curve_fit covariance,0.00580146382427919,0.006202532256848741
1886,0.005837250442213138,8.504580076475805e-05,20,100,lognormal delta-method from GGM curve_fit covariance,0.005672921169848368,0.006006339891733104
1887,0.0059945287541180985,7.936607953945515e-05,20,100,lognormal delta-method from GGM curve_fit covariance,0.005840975029606584,0.006152119261220163
1888,0.005762274256929661,7.577896315897761e-05,20,100,lognormal delta-method from GGM curve_fit covariance,0.005615647999969498,0.00591272896952491
1889,0.005818253195224977,8.442953493097751e-05,20,100,lognormal delta-method from GGM curve_fit covariance,0.005655105414795176,0.005986107731109687
1890,0.006037879058802867,8.300135146496671e-05,20,100,lognormal delta-method from GGM curve_fit covariance,0.005877371402292374,0.006202770087748944
1891,0.0060578630964585965,7.340916301006659e-05,20,100,lognormal delta-method from GGM curve_fit covariance,0.005915678960703479,0.006203464646950842
1892,0.00631708779064451,6.61586395571293e-05,20,100,lognormal delta-method from GGM curve_fit covariance,0.006188741010026569,0.006448096323639597
1893,0.0061664742496072905,9.065561465754993e-05,20,100,lognormal delta-method from GGM curve_fit covariance,0.005991327973626799,0.006346740628864529
1894,0.006280603373445045,7.7403356405515e-05,20,100,lognormal delta-method from GGM curve_fit covariance,0.006130713167254946,0.006434158255065027
1895,0.0058725926378339925,7.363218975804225e-05,20,100,lognormal delta-method from GGM curve_fit covariance,0.005730035018174141,0.006018696950464939
1896,0.005814021146785829,7.388896680071907e-05,20,100,lognormal delta-method from GGM curve_fit covariance,0.0056709901858556,0.0059606595651642575
1897,0.005895865508416021,6.703088905734681e-05,20,100,lognormal delta-method from GGM curve_fit covariance,0.005765940323601895,0.00602871832561994
1898,0.0059403849979859065,7.812220686071396e-05,20,100,lognormal delta-method from GGM curve_fit covariance,0.005789224774252186,0.006095492108242474
1899,0.006493528852991555,7.829096856435983e-05,20,100,lognormal delta-method from GGM curve_fit covariance,0.006341880222673212,0.006648803743388922
1900,0.006526236275304352,8.051449245966576e-05,20,100,lognormal delta-method from GGM curve_fit covariance,0.006370323366732189,0.006685965133815004
1901,0.00622293895517115,7.848309269698587e-05,20,100,lognormal delta-method from GGM curve_fit covariance,0.006071000529784314,0.006378679930894753
1902,0.005894995582516475,7.101753596153779e-05,20,100,lognormal delta-method from GGM curve_fit covariance,0.005757434200872862,0.006035843694508971
1903,0.005796063334080755,7.70735991792026e-05,20,100,lognormal delta-method from GGM curve_fit covariance,0.005646953404963695,0.00594911056697329
1904,0.005934165811246728,6.401817602271813e-05,20,100,lognormal delta-method from GGM curve_fit covariance,0.005810009709563852,0.006060975047494889
1905,0.006094206644482613,7.248448123204538e-05,20,100,lognormal delta-method from GGM curve_fit covariance,0.005953782797949485,0.00623794247893071
1906,0.005763404685730344,7.083253881456792e-05,20,100,lognormal delta-method from GGM curve_fit covariance,0.005626234178792391,0.005903919480761482
1907,0.005840662757660486,6.573724667705495e-05,20,100,lognormal delta-method from GGM curve_fit covariance,0.0057132308373927425,0.0059709370091354415
1908,0.005639305722967348,6.75987742281589e-05,20,100,lognormal delta-method from GGM curve_fit covariance,0.0055083588317430725,0.0057733655356343025
1909,0.005404743680007444,6.728732080796263e-05,20,100,lognormal delta-method from GGM curve_fit covariance,0.005274458952584107,0.005538246578309037
1910,0.005514384493654218,7.377232938012807e-05,20,100,lognormal delta-method from GGM curve_fit covariance,0.005371672565882462,0.005660887921015448
1911,0.005428668440181304,5.9598844995038094e-05,20,100,lognormal delta-method from GGM curve_fit covariance,0.0053131046337244895,0.005546745841660889
1912,0.0054323825811795875,6.376481153669395e-05,20,100,lognormal delta-method from GGM curve_fit covariance,0.005308832485572552,0.005558808003172601
1913,0.005320884878624145,6.577729002108731e-05,20,100,lognormal delta-method from GGM curve_fit covariance,0.005193513053067345,0.0054513805207151295
1914,0.005566281469985521,6.0153995401708316e-05,20,100,lognormal delta-method from GGM curve_fit covariance,0.005449621655385531,0.005685438616180825
1915,0.005985295948397491,7.594102013743718e-05,20,100,lognormal delta-method from GGM curve_fit covariance,0.005838289726832877,0.006136003738433326
1916,0.005583659002013946,9.024557984672935e-05,20,100,lognormal delta-method from GGM curve_fit covariance,0.005409553121335287,0.0057633684615847934
1917,0.005399495777111017,7.525067987589289e-05,20,100,lognormal delta-method from GGM curve_fit covariance,0.005254003283438211,0.005549017211112401
1918,0.01285370997632473,0.00037882217080576294,20,100,lognormal delta-method from GGM curve_fit covariance,0.012132269293695343,0.013618050849013633
1919,0.006696836126597679,8.182574636120688e-05,20,100,lognormal delta-method from GGM curve_fit covariance,0.006538365705362263,0.006859147396684044
1920,0.005529003853177944,7.254136764995823e-05,20,100,lognormal delta-method from GGM curve_fit covariance,0.005388637877240774,0.00567302615333835
1921,0.004619384830892671,6.637518872650404e-05,20,100,lognormal delta-method from GGM curve_fit covariance,0.0044911066408254005,0.004751326994087935
1922,0.004378226968836117,6.159553149669316e-05,20,100,lognormal delta-method from GGM curve_fit covariance,0.00425915118508288,0.004500631829595616
1923,0.003818597160748683,5.52620724227151e-05,20,100,lognormal delta-method from GGM curve_fit covariance,0.003711807158193984,0.003928459549383692
1924,0.004041938013762885,5.791772117189411e-05,20,100,lognormal delta-method from GGM curve_fit covariance,0.003930000588595753,0.0041570637303489566
1925,0.00403396177363558,7.009665693904299e-05,20,100,lognormal delta-method from GGM curve_fit covariance,0.003898888047776733,0.004173715016113991
1926,0.0038800823999951585,5.99494315504377e-05,20,100,lognormal delta-method from GGM curve_fit covariance,0.0037643449296400028,0.003999378301443793
1927,0.004144682863768578,6.124153409372106e-05,20,100,lognormal delta-method from GGM curve_fit covariance,0.004026373073996791,0.004266469034416802
1928,0.00376930980417983,5.163495077681231e-05,20,100,lognormal delta-method from GGM curve_fit covariance,0.0036694536832798867,0.003871883290045195
1929,0.0039448274185870215,5.6053179116076145e-05,20,100,lognormal delta-method from GGM curve_fit covariance,0.0038364809171745015,0.004056233746080204
1930,0.003614251850642922,4.7321885537809594e-05,20,100,lognormal delta-method from GGM curve_fit covariance,0.0035226826126260853,0.003708201355709913
1931,0.003680117067587721,5.553123520760819e-05,20,100,lognormal delta-method from GGM curve_fit covariance,0.0035728715530769064,0.003790581729557892
1932,0.003354616444152247,5.192604667137422e-05,20,100,lognormal delta-method from GGM curve_fit covariance,0.0032543715782934897,0.0034579491667259743
1933,0.0029645330993781204,5.1775472599478884e-05,20,100,lognormal delta-method from GGM curve_fit covariance,0.0028647722214239705,0.0030677679822446874
1934,0.0029128519090566556,5.025944480114219e-05,20,100,lognormal delta-method from GGM curve_fit covariance,0.002815992236491071,0.003013043194560635
1935,0.002864420641954688,5.2110155235854974e-05,20,100,lognormal delta-method from GGM curve_fit covariance,0.002764086014361027,0.0029683973550124246
1936,0.0027963407768239936,5.441878774754815e-05,20,100,lognormal delta-method from GGM curve_fit covariance,0.002691690402759621,0.002905059858337256
1937,0.0027346776096844445,5.235057875708133e-05,20,100,lognormal delta-method from GGM curve_fit covariance,0.0026339733882387558,0.002839232037158131
1938,0.002582220530992759,4.599536301309303e-05,20,100,lognormal delta-method from GGM curve_fit covariance,0.002493626746169518,0.0026739618833985833
1939,0.0022379144528724836,5.153530488870809e-05,20,100,lognormal delta-method from GGM curve_fit covariance,0.0021391526629127695,0.0023412359413170947
1940,0.0021143883898900734,4.582798157184621e-05,20,100,lognormal delta-method from GGM curve_fit covariance,0.0020264483094387894,0.002206144732376642
1941,0.002200271617311041,4.991486985972274e-05,20,100,lognormal delta-method from GGM curve_fit covariance,0.0021045833425564816,0.0023003105137494066
1942,0.001965875183752811,4.142045863399527e-05,20,100,lognormal delta-method from GGM curve_fit covariance,0.0018863459935831248,0.00204875736012469
1943,0.0020978855192733425,4.006136580191864e-05,20,100,lognormal delta-method from GGM curve_fit covariance,0.0020208179095380975,0.0021778922441274065
1944,0.0023478567403456586,5.7027715233185443e-05,20,100,lognormal delta-method from GGM curve_fit covariance,0.002238703271165435,0.0024623322546524235
1945,0.0021725218287328048,4.901297039787413e-05,20,100,lognormal delta-method from GGM curve_fit covariance,0.0020785510623234906,0.002270740989660598
1946,0.0016717214392416627,3.949230882722907e-05,20,100,lognormal delta-method from GGM curve_fit covariance,0.0015960825525417881,0.0017509448781140335
1947,0.0015136050818203041,3.2421341344071844e-05,20,100,lognormal delta-method from GGM curve_fit covariance,0.0014513758246581414,0.0015785024834982864
1948,0.0011207614411969384,3.1617584743781044e-05,20,100,lognormal delta-method from GGM curve_fit covariance,0.0010604741789891812,0.0011844759947584286
1949,0.0010168433394206085,3.813465796551803e-05,20,100,lognormal delta-method from GGM curve_fit covariance,0.0009447816544442177,0.0010944014122843057
1950,0.0009471149612417884,2.5958939634727025e-05,20,100,lognormal delta-method from GGM curve_fit covariance,0.0008975788161231062,0.000999384938341731
1951,0.0008551024614729284,2.6764523170649814e-05,20,100,lognormal delta-method from GGM curve_fit covariance,0.0008042215962850882,0.0009092024175857348
1952,0.0007339129566758209,2.127625871197189e-05,20,100,lognormal delta-method from GGM curve_fit covariance,0.0006933748430125246,0.0007768211284338678
1953,0.0008425957969895001,2.6519777574528757e-05,20,100,lognormal delta-method from GGM curve_fit covariance,0.0007921887205363551,0.000896210282599939
1954,0.0007029910626650265,1.8986037276944197e-05,20,100,lognormal delta-method from GGM curve_fit covariance,0.0006667468469911759,0.0007412055061333401
1955,0.000652797837608295,2.3589770669750717e-05,20,100,lognormal delta-method from GGM curve_fit covariance,0.0006081620815505206,0.0007007096129696235
1956,0.0006521979697012159,2.0796090059316093e-05,20,100,lognormal delta-method from GGM curve_fit covariance,0.000612685909084949,0.0006942581596460571
1957,0.0006516202490764973,1.946230311614886e-05,20,100,lognormal delta-method from GGM curve_fit covariance,0.0006145698680769777,0.0006909042747818741
1958,0.00055710275078478,1.6342488564322093e-05,20,100,lognormal delta-method from GGM curve_fit covariance,0.0005259754694410911,0.0005900721477786128
1959,0.0006465393626942841,1.9042710375276528e-05,20,100,lognormal delta-method from GGM curve_fit covariance,0.0006102731827634585,0.0006849607017307735
1960,0.0005951755343646832,1.839002555527244e-05,20,100,lognormal delta-method from GGM curve_fit covariance,0.0005602014489716075,0.0006323330961684816
1961,0.0005925763646245869,1.736079923478684e-05,20,100,lognormal delta-method from GGM curve_fit covariance,0.0005595083151160986,0.0006275988013490524
1962,0.000571559624367838,1.899806940686898e-05,20,100,lognormal delta-method from GGM curve_fit covariance,0.0005355110731163295,0.0006100348258093612
1963,0.0006121031531942367,2.259692050177583e-05,20,100,lognormal delta-method from GGM curve_fit covariance,0.000569378333226878,0.0006580339438399982
1964,0.0006102578726940544,2.278024933427906e-05,20,100,lognormal delta-method from GGM curve_fit covariance,0.0005672036038236779,0.0006565802274077976
1965,0.0005812421512692119,1.7836692005986856e-05,20,100,lognormal delta-method from GGM curve_fit covariance,0.0005473134396048526,0.0006172741503588432
1966,0.0005821310106895059,2.2791194136889757e-05,20,100,lognormal delta-method from GGM curve_fit covariance,0.0005391319578963006,0.0006285594994752042
1967,0.0006133876123974027,1.8506988089610863e-05,20,100,lognormal delta-method from GGM curve_fit covariance,0.0005781662632133564,0.0006507546133035848
1968,0.000660700004210829,2.215292264203653e-05,20,100,lognormal delta-method from GGM curve_fit covariance,0.0006186769998169436,0.0007055773783304534
1969,0.0005662334080631715,1.944350585317962e-05,20,100,lognormal delta-method from GGM curve_fit covariance,0.0005293789345879066,0.0006056536281641429
1970,0.0005625705837845271,1.9061452869152693e-05,20,100,lognormal delta-method from GGM curve_fit covariance,0.0005264243247365193,0.0006011987798969356
1971,0.0005337082784656742,2.4533351156355713e-05,20,100,lognormal delta-method from GGM curve_fit covariance,0.00048772626920617776,0.000584025393929275
1972,0.0005775595369749579,2.1473432573142646e-05,20,100,lognormal delta-method from GGM curve_fit covariance,0.0005369692629465721,0.0006212180878292064
1973,0.0005651063528428335,1.969012306927849e-05,20,100,lognormal delta-method from GGM curve_fit covariance,0.0005278026784805532,0.000605046550621276
1974,0.0005000141946333946,2.065488561469113e-05,20,100,lognormal delta-method from GGM curve_fit covariance,0.0004611268288440863,0.0005421809775449341
1975,0.0005683477890908467,2.339699747358561e-05,20,100,lognormal delta-method from GGM curve_fit covariance,0.0005242917507021548,0.000616105839795976
1976,0.0005910086961883732,1.6800476110875194e-05,20,100,lognormal delta-method from GGM curve_fit covariance,0.0005589808753278123,0.0006248716090070884
1977,0.0005205696070603356,2.4864777378913497e-05,20,100,lognormal delta-method from GGM curve_fit covariance,0.0004740471532258936,0.0005716577221292126
1978,0.0005664605694435347,2.2347555529731562e-05,20,100,lognormal delta-method from GGM curve_fit covariance,0.0005243107386507145,0.0006119988645665637
1979,0.000507892539149655,2.060278427624497e-05,20,100,lognormal delta-method from GGM curve_fit covariance,0.00046907537637978807,0.0005499219194039083
1980,0.0004903213014376403,2.1584105769185482e-05,20,100,lognormal delta-method from GGM curve_fit covariance,0.00044979082031808255,0.0005345039689193411
1981,0.0004524527435749113,1.817187845487713e-05,20,100,lognormal delta-method from GGM curve_fit covariance,0.0004182022671337225,0.000489508310348318
1982,0.0004066376934940221,1.780197111228324e-05,20,100,lognormal delta-method from GGM curve_fit covariance,0.0003732014672078136,0.0004430695704582061
1983,0.00046490809268595346,2.186870073758839e-05,20,100,lognormal delta-method from GGM curve_fit covariance,0.0004239626908766167,0.0005098079130453318
1984,0.00048787425275594666,1.6790713856176513e-05,20,100,lognormal delta-method from GGM curve_fit covariance,0.00045605044960869777,0.0005219187629491458
1985,0.0004481420048975774,1.7421218444665315e-05,20,100,lognormal delta-method from GGM curve_fit covariance,0.0004152654184368265,0.0004836214325517509
1986,0.0004718660501037487,1.9566394336049242e-05,20,100,lognormal delta-method from GGM curve_fit covariance,0.00043503361339240515,0.0005118169318095287
1987,0.000474635213196257,1.929662193386196e-05,20,100,lognormal delta-method from GGM curve_fit covariance,0.00043828213605864223,0.0005140035768551471
1988,0.0005094915718036827,1.7102430358814855e-05,20,100,lognormal delta-method from GGM curve_fit covariance,0.00047705030298480664,0.0005441389725880846
1989,0.0004352591299876321,1.5023910178837103e-05,20,100,lognormal delta-method from GGM curve_fit covariance,0.000406786777205147,0.00046572435696956907
1990,0.0004393126733862893,1.788583757677918e-05,20,100,lognormal delta-method from GGM curve_fit covariance,0.00040561926010696593,0.00047580488398631164
1991,0.0003873974032911985,1.4507011206252072e-05,20,100,lognormal delta-method from GGM curve_fit covariance,0.00035998255255105185,0.000416900060886923
1992,0.0003607452796405692,1.593733424217276e-05,20,100,lognormal delta-method from GGM curve_fit covariance,0.0003308228496942644,0.0003933741484399308
1993,0.00036474236195858863,1.523475401625696e-05,20,100,lognormal delta-method from GGM curve_fit covariance,0.00033607233614036677,0.0003958582016449124
1994,0.00030168532881714316,1.5349033267524855e-05,20,100,lognormal delta-method from GGM curve_fit covariance,0.00027305307833513573,0.00033331994709028835
1995,0.0003119290763107796,1.546331251879275e-05,20,100,lognormal delta-method from GGM curve_fit covariance,0.00028304735575835336,0.0003437578435855945
1996,0.00029491280948268416,1.374359295267586e-05,20,100,lognormal delta-method from GGM curve_fit covariance,0.00026916944005251503,0.0003231182751652691
1997,0.00032539755102695264,1.7934182509259335e-05,20,100,lognormal delta-method from GGM curve_fit covariance,0.0002920791646135252,0.0003625166702816402
1998,0.000293447592839611,1.5249188763309827e-05,20,100,lognormal delta-method from GGM curve_fit covariance,0.00026503139815674856,0.000324910521327865
1999,0.0003154743671011748,1.535930024355603e-05,20,100,lognormal delta-method from GGM curve_fit covariance,0.00028676237497675806,0.0003470611383587305
2000,0.0003346109149408414,2.1026657746989366e-05,20,100,lognormal delta-method from GGM curve_fit covariance,0.0002958362179156535,0.0003784677386237726
2001,0.00033320568472631156,2.0558108581697313e-05,20,100,lognormal delta-method from GGM curve_fit covariance,0.00029525346945157856,0.00037603632072522806
2002,0.0003506045757844202,1.998234024904606e-05,20,100,lognormal delta-method from GGM curve_fit covariance,0.00031354814820764237,0.0003920404864887578
2003,0.00031696523576942444,1.6916881473848607e-05,20,100,lognormal delta-method from GGM curve_fit covariance,0.0002854840214450812,0.00035191798188149645
2004,0.0003516755548448241,2.1151880585510625e-05,20,100,lognormal delta-method from GGM curve_fit covariance,0.00031256893057813304,0.00039567494967162
2005,0.00032972847832887716,1.8812883947054105e-05,20,100,lognormal delta-method from GGM curve_fit covariance,0.00029484283055945776,0.00036874177749135484
2006,0.00032317312677381796,1.8919655866599847e-05,20,100,lognormal delta-method from GGM curve_fit covariance,0.0002881396351001166,0.0003624661696835888
2007,0.00033790593013867767,1.7274755134927022e-05,20,100,lognormal delta-method from GGM curve_fit covariance,0.0003056890354454145,0.0003735181978526462
2008,0.0003650210410063024,1.5629854403254197e-05,20,100,lognormal delta-method from GGM curve_fit covariance,0.0003356373298601086,0.00039697717900705025
2009,0.0003258952218566131,1.6675365015459107e-05,20,100,lognormal delta-method from GGM curve_fit covariance,0.00029479751710096975,0.0003602733722909693
2010,0.0003440823268231695,1.7720875627664014e-05,20,100,lognormal delta-method from GGM curve_fit covariance,0.0003110454938852275,0.00038062807518353587
2011,0.0003433753478829376,1.45365734947901e-05,20,100,lognormal delta-method from GGM curve_fit covariance,0.00031603417251416547,0.000373081899959548
2012,0.0003365515673614967,1.4574524954720156e-05,20,100,lognormal delta-method from GGM curve_fit covariance,0.000309164721872065,0.0003663644312572987
2013,0.00037038985718007697,1.4612476414650211e-05,20,100,lognormal delta-method from GGM curve_fit covariance,0.0003428292065520795,0.00040016615760838736
2014,0.00037084270108563277,1.4650427874580265e-05,20,100,lognormal delta-method from GGM curve_fit covariance,0.00034321191779641423,0.0004006979414685256
2015,0.00039440221921764493,1.468837933451032e-05,20,100,lognormal delta-method from GGM curve_fit covariance,0.0003666391100821973,0.00042426764152064843
2016,0.00035672619740194735,1.2097226397922934e-05,20,100,lognormal delta-method from GGM curve_fit covariance,0.00033378685569088927,0.0003812420343798652
2017,0.000396989516282093,1.2603502027591083e-05,20,100,lognormal delta-method from GGM curve_fit covariance,0.0003730399559666123,0.00042247666373838974
2018,0.0003941700942868691,1.3109777657259234e-05,20,100,lognormal delta-method from GGM curve_fit covariance,0.00036929497500806294,0.0004207207618428251
2019,0.0003767783778403702,1.231413596191994e-05,20,100,lognormal delta-method from GGM curve_fit covariance,0.00035339988549222014,0.00040170342955910763
2020,0.000362114177434693,1.1518494266580647e-05,20,100,lognormal delta-method from GGM curve_fit covariance,0.0003402276836190534,0.00038540860668476466
