parameter,parameter_label,allowed_slope_distortion_fraction,allowed_parameter_cv,tau_ref,scale
eta,$\eta$,0.01,0.00907218423253029,98.61640439041227,9.0
eta,$\eta$,0.011967871485943776,0.009924766993955622,98.61640439041227,9.0
eta,$\eta$,0.01393574297188755,0.01070969061269515,98.61640439041227,9.0
eta,$\eta$,0.015903614457831325,0.011440889220466665,98.61640439041227,9.0
eta,$\eta$,0.0178714859437751,0.01212808390844696,98.61640439041227,9.0
eta,$\eta$,0.019839357429718874,0.012778375969804212,98.61640439041227,9.0
eta,$\eta$,0.02180722891566265,0.013397140200841727,98.61640439041227,9.0
eta,$\eta$,0.02377510040160643,0.013988560994482214,98.61640439041227,9.0
eta,$\eta$,0.025742971887550203,0.014555971689711714,98.61640439041227,9.0
eta,$\eta$,0.027710843373493978,0.015102078829321103,98.61640439041227,9.0
eta,$\eta$,0.029678714859437752,0.015629115717223682,98.61640439041227,9.0
eta,$\eta$,0.031646586345381526,0.016138950747731654,98.61640439041227,9.0
eta,$\eta$,0.0336144578313253,0.01663316579527324,98.61640439041227,9.0
eta,$\eta$,0.035582329317269075,0.017113114196673482,98.61640439041227,9.0
eta,$\eta$,0.037550200803212856,0.017579964466509234,98.61640439041227,9.0
eta,$\eta$,0.03951807228915663,0.01803473381503223,98.61640439041227,9.0
eta,$\eta$,0.041485943775100405,0.018478314233565968,98.61640439041227,9.0
eta,$\eta$,0.04345381526104418,0.018911493067702147,98.61640439041227,9.0
eta,$\eta$,0.04542168674698795,0.019334969438431653,98.61640439041227,9.0
eta,$\eta$,0.04738955823293173,0.01974936749165466,98.61640439041227,9.0
eta,$\eta$,0.0493574297188755,0.020155247194112144,98.61640439041227,9.0
eta,$\eta$,0.05132530120481928,0.020553113209222228,98.61640439041227,9.0
eta,$\eta$,0.05329317269076306,0.020943422254408303,98.61640439041227,9.0
eta,$\eta$,0.05526104417670683,0.021326589245863593,98.61640439041227,9.0
eta,$\eta$,0.057228915662650606,0.021702992466411733,98.61640439041227,9.0
eta,$\eta$,0.05919678714859438,0.022072977939835488,98.61640439041227,9.0
eta,$\eta$,0.061164658634538155,0.022436863155704357,98.61640439041227,9.0
eta,$\eta$,0.06313253012048192,0.022794940258819354,98.61640439041227,9.0
eta,$\eta$,0.0651004016064257,0.02314747879442777,98.61640439041227,9.0
eta,$\eta$,0.06706827309236948,0.02349472808256829,98.61640439041227,9.0
eta,$\eta$,0.06903614457831325,0.023836919281005307,98.61640439041227,9.0
eta,$\eta$,0.07100401606425703,0.02417426718526339,98.61640439041227,9.0
eta,$\eta$,0.0729718875502008,0.024506971805587124,98.61640439041227,9.0
eta,$\eta$,0.07493975903614458,0.024835219753712303,98.61640439041227,9.0
eta,$\eta$,0.07690763052208835,0.025159185466753917,98.61640439041227,9.0
eta,$\eta$,0.07887550200803213,0.025479032291000795,98.61640439041227,9.0
eta,$\eta$,0.0808433734939759,0.025794913444731712,98.61640439041227,9.0
eta,$\eta$,0.08281124497991968,0.026106972876159745,98.61640439041227,9.0
eta,$\eta$,0.08477911646586345,0.026415346030137107,98.61640439041227,9.0
eta,$\eta$,0.08674698795180723,0.026720160535206747,98.61640439041227,9.0
eta,$\eta$,0.088714859437751,0.027021536820887142,98.61640439041227,9.0
eta,$\eta$,0.09068273092369478,0.027319588673658676,98.61640439041227,9.0
eta,$\eta$,0.09265060240963856,0.02761442373893106,98.61640439041227,9.0
eta,$\eta$,0.09461847389558233,0.02790614397527145,98.61640439041227,9.0
eta,$\eta$,0.0965863453815261,0.028194846066327772,98.61640439041227,9.0
eta,$\eta$,0.09855421686746987,0.028480621795165542,98.61640439041227,9.0
eta,$\eta$,0.10052208835341366,0.0287635583851268,98.61640439041227,9.0
eta,$\eta$,0.10248995983935742,0.029043738810799438,98.61640439041227,9.0
eta,$\eta$,0.1044578313253012,0.02932124208223924,98.61640439041227,9.0
eta,$\eta$,0.10642570281124498,0.029596143505203804,98.61640439041227,9.0
eta,$\eta$,0.10839357429718875,0.029868514919827487,98.61640439041227,9.0
eta,$\eta$,0.11036144578313253,0.030138424919880877,98.61640439041227,9.0
eta,$\eta$,0.1123293172690763,0.030405939054510986,98.61640439041227,9.0
eta,$\eta$,0.11429718875502008,0.030671120014143207,98.61640439041227,9.0
eta,$\eta$,0.11626506024096385,0.030934027802038903,98.61640439041227,9.0
eta,$\eta$,0.11823293172690763,0.031194719892838525,98.61640439041227,9.0
eta,$\eta$,0.12020080321285141,0.03145325137927708,98.61640439041227,9.0
eta,$\eta$,0.12216867469879518,0.031709675108132766,98.61640439041227,9.0
eta,$\eta$,0.12413654618473896,0.03196404180635914,98.61640439041227,9.0
eta,$\eta$,0.12610441767068273,0.03221640019825329,98.61640439041227,9.0
eta,$\eta$,0.12807228915662652,0.03246679711442683,98.61640439041227,9.0
eta,$\eta$,0.1300401606425703,0.03271527759326969,98.61640439041227,9.0
eta,$\eta$,0.13200803212851406,0.032961884975529446,98.61640439041227,9.0
eta,$\eta$,0.13397590361445783,0.03320666099256855,98.61640439041227,9.0
eta,$\eta$,0.13594377510040162,0.033449645848808524,98.61640439041227,9.0
eta,$\eta$,0.1379116465863454,0.03369087829882225,98.61640439041227,9.0
eta,$\eta$,0.13987951807228918,0.03393039571949305,98.61640439041227,9.0
eta,$\eta$,0.14184738955823295,0.03416823417762077,98.61640439041227,9.0
eta,$\eta$,0.14381526104417672,0.034404428493321496,98.61640439041227,9.0
eta,$\eta$,0.14578313253012049,0.03463901229953607,98.61640439041227,9.0
eta,$\eta$,0.14775100401606428,0.03487201809793564,98.61640439041227,9.0
eta,$\eta$,0.14971887550200805,0.03510347731148712,98.61640439041227,9.0
eta,$\eta$,0.15168674698795181,0.035333420333919424,98.61640439041227,9.0
eta,$\eta$,0.1536546184738956,0.03556187657631091,98.61640439041227,9.0
eta,$\eta$,0.15562248995983938,0.03578887451100007,98.61640439041227,9.0
eta,$\eta$,0.15759036144578314,0.03601444171300521,98.61640439041227,9.0
eta,$\eta$,0.1595582329317269,0.03623860489912366,98.61640439041227,9.0
eta,$\eta$,0.1615261044176707,0.03646138996486735,98.61640439041227,9.0
eta,$\eta$,0.16349397590361447,0.03668282201937944,98.61640439041227,9.0
eta,$\eta$,0.16546184738955824,0.03690292541846525,98.61640439041227,9.0
eta,$\eta$,0.167429718875502,0.0371217237958604,98.61640439041227,9.0
eta,$\eta$,0.1693975903614458,0.03733924009284988,98.61640439041227,9.0
eta,$\eta$,0.17136546184738957,0.03755549658634309,98.61640439041227,9.0
eta,$\eta$,0.17333333333333334,0.03777051491550212,98.61640439041227,9.0
eta,$\eta$,0.17530120481927713,0.03798431610701326,98.61640439041227,9.0
eta,$\eta$,0.1772690763052209,0.03819692059908556,98.61640439041227,9.0
eta,$\eta$,0.17923694779116467,0.03840834826425352,98.61640439041227,9.0
eta,$\eta$,0.18120481927710844,0.038618618431056365,98.61640439041227,9.0
eta,$\eta$,0.18317269076305223,0.038827749904660536,98.61640439041227,9.0
eta,$\eta$,0.185140562248996,0.03903576098648784,98.61640439041227,9.0
eta,$\eta$,0.18710843373493977,0.039242669492907147,98.61640439041227,9.0
eta,$\eta$,0.18907630522088356,0.039448492773043756,98.61640439041227,9.0
eta,$\eta$,0.19104417670682733,0.03965324772575665,98.61640439041227,9.0
eta,$\eta$,0.1930120481927711,0.03985695081583092,98.61640439041227,9.0
eta,$\eta$,0.19497991967871486,0.04005961808942896,98.61640439041227,9.0
eta,$\eta$,0.19694779116465866,0.040261265188841794,98.61640439041227,9.0
eta,$\eta$,0.19891566265060243,0.04046190736657855,98.61640439041227,9.0
eta,$\eta$,0.2008835341365462,0.04066155949883039,98.61640439041227,9.0
eta,$\eta$,0.20285140562249,0.040860236098342155,98.61640439041227,9.0
eta,$\eta$,0.20481927710843376,0.04105795132672359,98.61640439041227,9.0
eta,$\eta$,0.20678714859437752,0.04125471900622937,98.61640439041227,9.0
eta,$\eta$,0.2087550200803213,0.04145055263103596,98.61640439041227,9.0
eta,$\eta$,0.21072289156626509,0.041645465378041126,98.61640439041227,9.0
eta,$\eta$,0.21269076305220885,0.04183947011721064,98.61640439041227,9.0
eta,$\eta$,0.21465863453815262,0.0420325794214952,98.61640439041227,9.0
eta,$\eta$,0.21662650602409642,0.04222480557633915,98.61640439041227,9.0
eta,$\eta$,0.21859437751004018,0.0424161605888013,98.61640439041227,9.0
eta,$\eta$,0.22056224899598395,0.04260665619630718,98.61640439041227,9.0
eta,$\eta$,0.22253012048192772,0.04279630387505048,98.61640439041227,9.0
eta,$\eta$,0.2244979919678715,0.04298511484806107,98.61640439041227,9.0
eta,$\eta$,0.22646586345381528,0.04317310009295534,98.61640439041227,9.0
eta,$\eta$,0.22843373493975905,0.04336027034938412,98.61640439041227,9.0
eta,$\eta$,0.23040160642570284,0.04354663612619256,98.61640439041227,9.0
eta,$\eta$,0.2323694779116466,0.04373220770830532,98.61640439041227,9.0
eta,$\eta$,0.23433734939759038,0.0439169951633499,98.61640439041227,9.0
eta,$\eta$,0.23630522088353415,0.044101008348030296,98.61640439041227,9.0
eta,$\eta$,0.23827309236947794,0.04428425691426219,98.61640439041227,9.0
eta,$\eta$,0.2402409638554217,0.044466750315080565,98.61640439041227,9.0
eta,$\eta$,0.24220883534136547,0.044648497810330166,98.61640439041227,9.0
eta,$\eta$,0.24417670682730924,0.04482950847214809,98.61640439041227,9.0
eta,$\eta$,0.24614457831325304,0.045009791190248116,98.61640439041227,9.0
eta,$\eta$,0.2481124497991968,0.045189354677015216,98.61640439041227,9.0
eta,$\eta$,0.25008032128514057,0.04536820747241857,98.61640439041227,9.0
eta,$\eta$,0.25204819277108437,0.04554635794875103,98.61640439041227,9.0
eta,$\eta$,0.2540160642570281,0.04572381431520227,98.61640439041227,9.0
eta,$\eta$,0.2559839357429719,0.0459005846222729,98.61640439041227,9.0
eta,$\eta$,0.25795180722891564,0.04607667676603614,98.61640439041227,9.0
eta,$\eta$,0.25991967871485944,0.04625209849225346,98.61640439041227,9.0
eta,$\eta$,0.26188755020080323,0.04642685740035023,98.61640439041227,9.0
eta,$\eta$,0.263855421686747,0.04660096094725724,98.61640439041227,9.0
eta,$\eta$,0.26582329317269077,0.04677441645112351,98.61640439041227,9.0
eta,$\eta$,0.26779116465863456,0.04694723109490563,98.61640439041227,9.0
eta,$\eta$,0.26975903614457836,0.047119411929838574,98.61640439041227,9.0
eta,$\eta$,0.2717269076305221,0.04729096587879289,98.61640439041227,9.0
eta,$\eta$,0.2736947791164659,0.04746189973952258,98.61640439041227,9.0
eta,$\eta$,0.27566265060240963,0.04763222018780809,98.61640439041227,9.0
eta,$\eta$,0.2776305220883534,0.047801933780498594,98.61640439041227,9.0
eta,$\eta$,0.2795983935742972,0.04797104695845727,98.61640439041227,9.0
eta,$\eta$,0.28156626506024096,0.04813956604941357,98.61640439041227,9.0
eta,$\eta$,0.28353413654618476,0.04830749727072591,98.61640439041227,9.0
eta,$\eta$,0.28550200803212855,0.04847484673205818,98.61640439041227,9.0
eta,$\eta$,0.2874698795180723,0.0486416204379734,98.61640439041227,9.0
eta,$\eta$,0.2894377510040161,0.04880782429044764,98.61640439041227,9.0
eta,$\eta$,0.2914056224899599,0.04897346409130715,98.61640439041227,9.0
eta,$\eta$,0.2933734939759036,0.04913854554459147,98.61640439041227,9.0
eta,$\eta$,0.2953413654618474,0.04930307425884546,98.61640439041227,9.0
eta,$\eta$,0.2973092369477912,0.04946705574934261,98.61640439041227,9.0
eta,$\eta$,0.29927710843373495,0.04963049544024227,98.61640439041227,9.0
eta,$\eta$,0.30124497991967875,0.04979339866668321,98.61640439041227,9.0
eta,$\eta$,0.3032128514056225,0.049955770676815586,98.61640439041227,9.0
eta,$\eta$,0.3051807228915663,0.05011761663377388,98.61640439041227,9.0
eta,$\eta$,0.3071485943775101,0.05027894161759243,98.61640439041227,9.0
eta,$\eta$,0.3091164658634538,0.05043975062706603,98.61640439041227,9.0
eta,$\eta$,0.3110843373493976,0.050600048581557186,98.61640439041227,9.0
eta,$\eta$,0.3130522088353414,0.050759840322752076,98.61640439041227,9.0
eta,$\eta$,0.31502008032128515,0.05091913061636684,98.61640439041227,9.0
eta,$\eta$,0.31698795180722894,0.05107792415380608,98.61640439041227,9.0
eta,$\eta$,0.31895582329317274,0.05123622555377501,98.61640439041227,9.0
eta,$\eta$,0.3209236947791165,0.05139403936384691,98.61640439041227,9.0
eta,$\eta$,0.32289156626506027,0.051551370061987546,98.61640439041227,9.0
eta,$\eta$,0.324859437751004,0.051708222058037594,98.61640439041227,9.0
eta,$\eta$,0.3268273092369478,0.05186459969515493,98.61640439041227,9.0
eta,$\eta$,0.3287951807228916,0.05202050725121782,98.61640439041227,9.0
eta,$\eta$,0.33076305220883534,0.05217594894019029,98.61640439041227,9.0
eta,$\eta$,0.33273092369477913,0.05233092891345122,98.61640439041227,9.0
eta,$\eta$,0.33469879518072293,0.052485451261087814,98.61640439041227,9.0
eta,$\eta$,0.33666666666666667,0.05263952001315517,98.61640439041227,9.0
eta,$\eta$,0.33863453815261046,0.05279313914090261,98.61640439041227,9.0
eta,$\eta$,0.34060240963855426,0.05294631255796803,98.61640439041227,9.0
eta,$\eta$,0.342570281124498,0.05309904412154123,98.61640439041227,9.0
eta,$\eta$,0.3445381526104418,0.05325133763349727,98.61640439041227,9.0
eta,$\eta$,0.3465060240963856,0.053403196841500626,98.61640439041227,9.0
eta,$\eta$,0.34847389558232933,0.053554625440081285,98.61640439041227,9.0
eta,$\eta$,0.3504417670682731,0.05370562707168349,98.61640439041227,9.0
eta,$\eta$,0.35240963855421686,0.05385620532768792,98.61640439041227,9.0
eta,$\eta$,0.35437751004016066,0.05400636374940847,98.61640439041227,9.0
eta,$\eta$,0.35634538152610445,0.05415610582906383,98.61640439041227,9.0
eta,$\eta$,0.3583132530120482,0.054305435010725225,98.61640439041227,9.0
eta,$\eta$,0.360281124497992,0.05445435469124063,98.61640439041227,9.0
eta,$\eta$,0.3622489959839358,0.05460286822113634,98.61640439041227,9.0
eta,$\eta$,0.3642168674698795,0.054750978905496475,98.61640439041227,9.0
eta,$\eta$,0.3661847389558233,0.05489869000482125,98.61640439041227,9.0
eta,$\eta$,0.3681526104417671,0.05504600473586434,98.61640439041227,9.0
eta,$\eta$,0.37012048192771085,0.05519292627245034,98.61640439041227,9.0
eta,$\eta$,0.37208835341365465,0.0553394577462725,98.61640439041227,9.0
eta,$\eta$,0.37405622489959844,0.05548560224767159,98.61640439041227,9.0
eta,$\eta$,0.3760240963855422,0.05563136282639639,98.61640439041227,9.0
eta,$\eta$,0.377991967871486,0.055776742492346196,98.61640439041227,9.0
eta,$\eta$,0.3799598393574297,0.05592174421629602,98.61640439041227,9.0
eta,$\eta$,0.3819277108433735,0.056066370930604896,98.61640439041227,9.0
eta,$\eta$,0.3838955823293173,0.05621062552990776,98.61640439041227,9.0
eta,$\eta$,0.38586345381526105,0.05635451087179141,98.61640439041227,9.0
eta,$\eta$,0.38783132530120484,0.05649802977745504,98.61640439041227,9.0
eta,$\eta$,0.38979919678714864,0.056641185032355525,98.61640439041227,9.0
eta,$\eta$,0.3917670682730924,0.056783979386838296,98.61640439041227,9.0
eta,$\eta$,0.3937349397590362,0.056926415556753755,98.61640439041227,9.0
eta,$\eta$,0.39570281124497997,0.057068496224060045,98.61640439041227,9.0
eta,$\eta$,0.3976706827309237,0.05721022403741219,98.61640439041227,9.0
eta,$\eta$,0.3996385542168675,0.057351601612738196,98.61640439041227,9.0
eta,$\eta$,0.40160642570281124,0.057492631533802435,98.61640439041227,9.0
eta,$\eta$,0.40357429718875504,0.05763331635275654,98.61640439041227,9.0
eta,$\eta$,0.40554216867469883,0.057773658590678276,98.61640439041227,9.0
eta,$\eta$,0.4075100401606426,0.057913660738098685,98.61640439041227,9.0
eta,$\eta$,0.40947791164658637,0.058053325255517735,98.61640439041227,9.0
eta,$\eta$,0.41144578313253016,0.05819265457390884,98.61640439041227,9.0
eta,$\eta$,0.4134136546184739,0.05833165109521256,98.61640439041227,9.0
eta,$\eta$,0.4153815261044177,0.05847031719281975,98.61640439041227,9.0
eta,$\eta$,0.4173493975903615,0.05860865521204434,98.61640439041227,9.0
eta,$\eta$,0.41931726907630523,0.05874666747058621,98.61640439041227,9.0
eta,$\eta$,0.421285140562249,0.0588843562589842,98.61640439041227,9.0
eta,$\eta$,0.4232530120481928,0.05902172384105967,98.61640439041227,9.0
eta,$\eta$,0.42522088353413656,0.059158772454350764,98.61640439041227,9.0
eta,$\eta$,0.42718875502008036,0.059295504310537664,98.61640439041227,9.0
eta,$\eta$,0.4291566265060241,0.059431921595859,98.61640439041227,9.0
eta,$\eta$,0.4311244979919679,0.05956802647151968,98.61640439041227,9.0
eta,$\eta$,0.4330923694779117,0.05970382107409048,98.61640439041227,9.0
eta,$\eta$,0.4350602409638554,0.05983930751589919,98.61640439041227,9.0
eta,$\eta$,0.4370281124497992,0.059974487885414166,98.61640439041227,9.0
eta,$\eta$,0.438995983935743,0.06010936424761976,98.61640439041227,9.0
eta,$\eta$,0.44096385542168676,0.060243938644384536,98.61640439041227,9.0
eta,$\eta$,0.44293172690763055,0.06037821309482178,98.61640439041227,9.0
eta,$\eta$,0.44489959839357435,0.060512189595643036,98.61640439041227,9.0
eta,$\eta$,0.4468674698795181,0.060645870121504464,98.61640439041227,9.0
eta,$\eta$,0.4488353413654619,0.06077925662534652,98.61640439041227,9.0
eta,$\eta$,0.4508032128514057,0.060912351038726685,98.61640439041227,9.0
eta,$\eta$,0.4527710843373494,0.061045155272145935,98.61640439041227,9.0
eta,$\eta$,0.4547389558232932,0.061177671215368656,98.61640439041227,9.0
eta,$\eta$,0.45670682730923695,0.06130990073773637,98.61640439041227,9.0
eta,$\eta$,0.45867469879518075,0.061441845688475424,98.61640439041227,9.0
eta,$\eta$,0.46064257028112454,0.061573507896998746,98.61640439041227,9.0
eta,$\eta$,0.4626104417670683,0.061704889173201716,98.61640439041227,9.0
eta,$\eta$,0.4645783132530121,0.061835991307752525,98.61640439041227,9.0
eta,$\eta$,0.46654618473895587,0.061966816072376876,98.61640439041227,9.0
eta,$\eta$,0.4685140562248996,0.06209736522013736,98.61640439041227,9.0
eta,$\eta$,0.4704819277108434,0.06222764048570752,98.61640439041227,9.0
eta,$\eta$,0.4724497991967872,0.06235764358564076,98.61640439041227,9.0
eta,$\eta$,0.47441767068273094,0.0624873762186343,98.61640439041227,9.0
eta,$\eta$,0.47638554216867474,0.06261684006578809,98.61640439041227,9.0
eta,$\eta$,0.4783534136546185,0.06274603679085894,98.61640439041227,9.0
eta,$\eta$,0.48032128514056227,0.06287496804051007,98.61640439041227,9.0
eta,$\eta$,0.48228915662650607,0.06300363544455592,98.61640439041227,9.0
eta,$\eta$,0.4842570281124498,0.0631320406162025,98.61640439041227,9.0
eta,$\eta$,0.4862248995983936,0.06326018515228345,98.61640439041227,9.0
eta,$\eta$,0.4881927710843374,0.06338807063349161,98.61640439041227,9.0
eta,$\eta$,0.49016064257028114,0.06351569862460667,98.61640439041227,9.0
eta,$\eta$,0.49212851405622493,0.0636430706747184,98.61640439041227,9.0
eta,$\eta$,0.4940963855421687,0.06377018831744612,98.61640439041227,9.0
eta,$\eta$,0.49606425702811247,0.06389705307115408,98.61640439041227,9.0
eta,$\eta$,0.49803212851405626,0.0640236664391631,98.61640439041227,9.0
eta,$\eta$,0.5,0.06415002990995843,98.61640439041227,9.0
beta,$\beta$,0.01,0.00827952089690169,98.61640439041227,9.861640439041228
beta,$\beta$,0.011967871485943776,0.00905761100272733,98.61640439041227,9.861640439041228
beta,$\beta$,0.01393574297188755,0.00977395354353716,98.61640439041227,9.861640439041228
beta,$\beta$,0.015903614457831325,0.010441265185106545,98.61640439041227,9.861640439041228
beta,$\beta$,0.0178714859437751,0.011068417658374363,98.61640439041227,9.861640439041228
beta,$\beta$,0.019839357429718874,0.011661891795704024,98.61640439041227,9.861640439041228
beta,$\beta$,0.02180722891566265,0.012226592781687147,98.61640439041227,9.861640439041228
beta,$\beta$,0.02377510040160643,0.01276633940656834,98.61640439041227,9.861640439041228
beta,$\beta$,0.025742971887550203,0.013284173765733232,98.61640439041227,9.861640439041228
beta,$\beta$,0.027710843373493978,0.0137825659233936,98.61640439041227,9.861640439041228
beta,$\beta$,0.029678714859437752,0.014263554053151894,98.61640439041227,9.861640439041228
beta,$\beta$,0.031646586345381526,0.014728843302231212,98.61640439041227,9.861640439041228
beta,$\beta$,0.0336144578313253,0.015179877332053004,98.61640439041227,9.861640439041228
beta,$\beta$,0.035582329317269075,0.015617891234435974,98.61640439041227,9.861640439041228
beta,$\beta$,0.037550200803212856,0.016043951427412374,98.61640439041227,9.861640439041228
beta,$\beta$,0.03951807228915663,0.016458986244591828,98.61640439041227,9.861640439041228
beta,$\beta$,0.041485943775100405,0.016863809741400615,98.61640439041227,9.861640439041228
beta,$\beta$,0.04345381526104418,0.017259140470737636,98.61640439041227,9.861640439041228
beta,$\beta$,0.04542168674698795,0.017645616469343005,98.61640439041227,9.861640439041228
beta,$\beta$,0.04738955823293173,0.01802380734965963,98.61640439041227,9.861640439041228
beta,$\beta$,0.0493574297188755,0.01839422415249254,98.61640439041227,9.861640439041228
beta,$\beta$,0.05132530120481928,0.01875732744733736,98.61640439041227,9.861640439041228
beta,$\beta$,0.05329317269076306,0.01911353404687712,98.61640439041227,9.861640439041228
beta,$\beta$,0.05526104417670683,0.01946322261486073,98.61640439041227,9.861640439041228
beta,$\beta$,0.057228915662650606,0.01980673838243242,98.61640439041227,9.861640439041228
beta,$\beta$,0.05919678714859438,0.020144397140262525,98.61640439041227,9.861640439041228
beta,$\beta$,0.061164658634538155,0.020476488637925994,98.61640439041227,9.861640439041228
beta,$\beta$,0.06313253012048192,0.02080327949467602,98.61640439041227,9.861640439041228
beta,$\beta$,0.0651004016064257,0.02112501570480134,98.61640439041227,9.861640439041228
beta,$\beta$,0.06706827309236948,0.02144192480451787,98.61640439041227,9.861640439041228
beta,$\beta$,0.06903614457831325,0.021754217754658384,98.61640439041227,9.861640439041228
beta,$\beta$,0.07100401606425703,0.022062090583432694,98.61640439041227,9.861640439041228
beta,$\beta$,0.0729718875502008,0.022365725825603894,98.61640439041227,9.861640439041228
beta,$\beta$,0.07493975903614458,0.02266529378809329,98.61640439041227,9.861640439041228
beta,$\beta$,0.07690763052208835,0.02296095366693369,98.61640439041227,9.861640439041228
beta,$\beta$,0.07887550200803213,0.023252854536369747,98.61640439041227,9.861640439041228
beta,$\beta$,0.0808433734939759,0.023541136227549986,98.61640439041227,9.861640439041228
beta,$\beta$,0.08281124497991968,0.02382593011151006,98.61640439041227,9.861640439041228
beta,$\beta$,0.08477911646586345,0.024107359798888332,98.61640439041227,9.861640439041228
beta,$\beta$,0.08674698795180723,0.024385541766947738,98.61640439041227,9.861640439041228
beta,$\beta$,0.088714859437751,0.02466058592292665,98.61640439041227,9.861640439041228
beta,$\beta$,0.09068273092369478,0.02493259611144703,98.61640439041227,9.861640439041228
beta,$\beta$,0.09265060240963856,0.025201670572623534,98.61640439041227,9.861640439041228
beta,$\beta$,0.09461847389558233,0.02546790235660437,98.61640439041227,9.861640439041228
beta,$\beta$,0.0965863453815261,0.025731379699503676,98.61640439041227,9.861640439041228
beta,$\beta$,0.09855421686746987,0.02599218636503142,98.61640439041227,9.861640439041228
beta,$\beta$,0.10052208835341366,0.02625040195557052,98.61640439041227,9.861640439041228
beta,$\beta$,0.10248995983935742,0.02650610219597585,98.61640439041227,9.861640439041228
beta,$\beta$,0.1044578313253012,0.02675935919296296,98.61640439041227,9.861640439041228
beta,$\beta$,0.10642570281124498,0.027010241672604615,98.61640439041227,9.861640439041228
beta,$\beta$,0.10839357429718875,0.027258815198152,98.61640439041227,9.861640439041228
beta,$\beta$,0.11036144578313253,0.027505142370136855,98.61640439041227,9.861640439041228
beta,$\beta$,0.1123293172690763,0.027749283010485033,98.61640439041227,9.861640439041228
beta,$\beta$,0.11429718875502008,0.027991294332175645,98.61640439041227,9.861640439041228
beta,$\beta$,0.11626506024096385,0.028231231095809193,98.61640439041227,9.861640439041228
beta,$\beta$,0.11823293172690763,0.028469145754298274,98.61640439041227,9.861640439041228
beta,$\beta$,0.12020080321285141,0.028705088586764103,98.61640439041227,9.861640439041228
beta,$\beta$,0.12216867469879518,0.028939107822606936,98.61640439041227,9.861640439041228
beta,$\beta$,0.12413654618473896,0.029171249756617657,98.61640439041227,9.861640439041228
beta,$\beta$,0.12610441767068273,0.02940155885590866,98.61640439041227,9.861640439041228
beta,$\beta$,0.12807228915662652,0.029630077859363727,98.61640439041227,9.861640439041228
beta,$\beta$,0.1300401606425703,0.0298568478702366,98.61640439041227,9.861640439041228
beta,$\beta$,0.13200803212851406,0.03008190844246667,98.61640439041227,9.861640439041228
beta,$\beta$,0.13397590361445783,0.03030529766122489,98.61640439041227,9.861640439041228
beta,$\beta$,0.13594377510040162,0.030527052218154608,98.61640439041227,9.861640439041228
beta,$\beta$,0.1379116465863454,0.030747207481728045,98.61640439041227,9.861640439041228
beta,$\beta$,0.13987951807228918,0.030965797563100632,98.61640439041227,9.861640439041228
beta,$\beta$,0.14184738955823295,0.031182855377810164,98.61640439041227,9.861640439041228
beta,$\beta$,0.14381526104417672,0.0313984127036371,98.61640439041227,9.861640439041228
beta,$\beta$,0.14578313253012049,0.03161250023491364,98.61640439041227,9.861640439041228
beta,$\beta$,0.14775100401606428,0.03182514763354462,98.61640439041227,9.861640439041228
beta,$\beta$,0.14971887550200805,0.03203638357698019,98.61640439041227,9.861640439041228
beta,$\beta$,0.15168674698795181,0.03224623580336007,98.61640439041227,9.861640439041228
beta,$\beta$,0.1536546184738956,0.03245473115403048,98.61640439041227,9.861640439041228
beta,$\beta$,0.15562248995983938,0.0326618956136182,98.61640439041227,9.861640439041228
beta,$\beta$,0.15759036144578314,0.03286775434783137,98.61640439041227,9.861640439041228
beta,$\beta$,0.1595582329317269,0.033072331739142355,98.61640439041227,9.861640439041228
beta,$\beta$,0.1615261044176707,0.033275651420496315,98.61640439041227,9.861640439041228
beta,$\beta$,0.16349397590361447,0.03347773630717695,98.61640439041227,9.861640439041228
beta,$\beta$,0.16546184738955824,0.033678608626951455,98.61640439041227,9.861640439041228
beta,$\beta$,0.167429718875502,0.033878289948606685,98.61640439041227,9.861640439041228
beta,$\beta$,0.1693975903614458,0.03407680120898028,98.61640439041227,9.861640439041228
beta,$\beta$,0.17136546184738957,0.03427416273858277,98.61640439041227,9.861640439041228
beta,$\beta$,0.17333333333333334,0.03447039428589918,98.61640439041227,9.861640439041228
beta,$\beta$,0.17530120481927713,0.03466551504045261,98.61640439041227,9.861640439041228
beta,$\beta$,0.1772690763052209,0.03485954365470583,98.61640439041227,9.861640439041228
beta,$\beta$,0.17923694779116467,0.035052498264871744,98.61640439041227,9.861640439041228
beta,$\beta$,0.18120481927710844,0.03524439651069844,98.61640439041227,9.861640439041228
beta,$\beta$,0.18317269076305223,0.03543525555428983,98.61640439041227,9.861640439041228
beta,$\beta$,0.185140562248996,0.035625092098018826,98.61640439041227,9.861640439041228
beta,$\beta$,0.18710843373493977,0.03581392240158593,98.61640439041227,9.861640439041228
beta,$\beta$,0.18907630522088356,0.03600176229827248,98.61640439041227,9.861640439041228
beta,$\beta$,0.19104417670682733,0.03618862721043463,98.61640439041227,9.861640439041228
beta,$\beta$,0.1930120481927711,0.03637453216428089,98.61640439041227,9.861640439041228
beta,$\beta$,0.19497991967871486,0.03655949180397343,98.61640439041227,9.861640439041228
beta,$\beta$,0.19694779116465866,0.036743520405090414,98.61640439041227,9.861640439041228
beta,$\beta$,0.19891566265060243,0.03692663188748455,98.61640439041227,9.861640439041228
beta,$\beta$,0.2008835341365462,0.03710883982757055,98.61640439041227,9.861640439041228
beta,$\beta$,0.20285140562249,0.03729015747007221,98.61640439041227,9.861640439041228
beta,$\beta$,0.20481927710843376,0.03747059773925788,98.61640439041227,9.861640439041228
beta,$\beta$,0.20678714859437752,0.03765017324969133,98.61640439041227,9.861640439041228
beta,$\beta$,0.2087550200803213,0.037828896316523274,98.61640439041227,9.861640439041228
beta,$\beta$,0.21072289156626509,0.03800677896534727,98.61640439041227,9.861640439041228
beta,$\beta$,0.21269076305220885,0.03818383294164245,98.61640439041227,9.861640439041228
beta,$\beta$,0.21465863453815262,0.038360069719823954,98.61640439041227,9.861640439041228
beta,$\beta$,0.21662650602409642,0.03853550051192082,98.61640439041227,9.861640439041228
beta,$\beta$,0.21859437751004018,0.03871013627589995,98.61640439041227,9.861640439041228
beta,$\beta$,0.22056224899598395,0.038883987723653556,98.61640439041227,9.861640439041228
beta,$\beta$,0.22253012048192772,0.039057065328666665,98.61640439041227,9.861640439041228
beta,$\beta$,0.2244979919678715,0.039229379333380124,98.61640439041227,9.861640439041228
beta,$\beta$,0.22646586345381528,0.03940093975626377,98.61640439041227,9.861640439041228
beta,$\beta$,0.22843373493975905,0.039571756398613676,98.61640439041227,9.861640439041228
beta,$\beta$,0.23040160642570284,0.03974183885108637,98.61640439041227,9.861640439041228
beta,$\beta$,0.2323694779116466,0.039911196499982475,98.61640439041227,9.861640439041228
beta,$\beta$,0.23433734939759038,0.04007983853329138,98.61640439041227,9.861640439041228
beta,$\beta$,0.23630522088353415,0.04024777394650794,98.61640439041227,9.861640439041228
beta,$\beta$,0.23827309236947794,0.040415011548231676,98.61640439041227,9.861640439041228
beta,$\beta$,0.2402409638554217,0.04058155996555818,98.61640439041227,9.861640439041228
beta,$\beta$,0.24220883534136547,0.040747427649272416,98.61640439041227,9.861640439041228
beta,$\beta$,0.24417670682730924,0.040912622878852264,98.61640439041227,9.861640439041228
beta,$\beta$,0.24614457831325304,0.041077153767291145,98.61640439041227,9.861640439041228
beta,$\beta$,0.2481124497991968,0.04124102826574741,98.61640439041227,9.861640439041228
beta,$\beta$,0.25008032128514057,0.04140425416802809,98.61640439041227,9.861640439041228
beta,$\beta$,0.25204819277108437,0.041566839114914274,98.61640439041227,9.861640439041228
beta,$\beta$,0.2540160642570281,0.041728790598334654,98.61640439041227,9.861640439041228
beta,$\beta$,0.2559839357429719,0.04189011596539401,98.61640439041227,9.861640439041228
beta,$\beta$,0.25795180722891564,0.042050822422262484,98.61640439041227,9.861640439041228
beta,$\beta$,0.25991967871485944,0.04221091703793165,98.61640439041227,9.861640439041228
beta,$\beta$,0.26188755020080323,0.04237040674784282,98.61640439041227,9.861640439041228
beta,$\beta$,0.263855421686747,0.042529298357392865,98.61640439041227,9.861640439041228
beta,$\beta$,0.26582329317269077,0.042687598545322676,98.61640439041227,9.861640439041228
beta,$\beta$,0.26779116465863456,0.04284531386699286,98.61640439041227,9.861640439041228
beta,$\beta$,0.26975903614457836,0.04300245075755132,98.61640439041227,9.861640439041228
beta,$\beta$,0.2717269076305221,0.043159015534997104,98.61640439041227,9.861640439041228
beta,$\beta$,0.2736947791164659,0.04331501440314452,98.61640439041227,9.861640439041228
beta,$\beta$,0.27566265060240963,0.0434704534544915,98.61640439041227,9.861640439041228
beta,$\beta$,0.2776305220883534,0.04362533867299608,98.61640439041227,9.861640439041228
beta,$\beta$,0.2795983935742972,0.043779675936764344,98.61640439041227,9.861640439041228
beta,$\beta$,0.28156626506024096,0.04393347102065347,98.61640439041227,9.861640439041228
beta,$\beta$,0.28353413654618476,0.044086729598793034,98.61640439041227,9.861640439041228
beta,$\beta$,0.28550200803212855,0.04423945724702767,98.61640439041227,9.861640439041228
beta,$\beta$,0.2874698795180723,0.04439165944528414,98.61640439041227,9.861640439041228
beta,$\beta$,0.2894377510040161,0.04454334157986556,98.61640439041227,9.861640439041228
beta,$\beta$,0.2914056224899599,0.044694508945675594,98.61640439041227,9.861640439041228
beta,$\beta$,0.2933734939759036,0.04484516674837513,98.61640439041227,9.861640439041228
beta,$\beta$,0.2953413654618474,0.04499532010647403,98.61640439041227,9.861640439041228
beta,$\beta$,0.2973092369477912,0.04514497405336016,98.61640439041227,9.861640439041228
beta,$\beta$,0.29927710843373495,0.04529413353926816,98.61640439041227,9.861640439041228
beta,$\beta$,0.30124497991967875,0.045442803433190085,98.61640439041227,9.861640439041228
beta,$\beta$,0.3032128514056225,0.045590988524729835,98.61640439041227,9.861640439041228
beta,$\beta$,0.3051807228915663,0.04573869352590368,98.61640439041227,9.861640439041228
beta,$\beta$,0.3071485943775101,0.045885923072888475,98.61640439041227,9.861640439041228
beta,$\beta$,0.3091164658634538,0.04603268172771964,98.61640439041227,9.861640439041228
beta,$\beta$,0.3110843373493976,0.046178973979940585,98.61640439041227,9.861640439041228
beta,$\beta$,0.3130522088353414,0.04632480424820514,98.61640439041227,9.861640439041228
beta,$\beta$,0.31502008032128515,0.04647017688183487,98.61640439041227,9.861640439041228
beta,$\beta$,0.31698795180722894,0.0466150961623326,98.61640439041227,9.861640439041228
beta,$\beta$,0.31895582329317274,0.04675956630485372,98.61640439041227,9.861640439041228
beta,$\beta$,0.3209236947791165,0.04690359145963672,98.61640439041227,9.861640439041228
beta,$\beta$,0.32289156626506027,0.04704717571339434,98.61640439041227,9.861640439041228
beta,$\beta$,0.324859437751004,0.04719032309066656,98.61640439041227,9.861640439041228
beta,$\beta$,0.3268273092369478,0.04733303755513682,98.61640439041227,9.861640439041228
beta,$\beta$,0.3287951807228916,0.04747532301091261,98.61640439041227,9.861640439041228
beta,$\beta$,0.33076305220883534,0.047617183303771585,98.61640439041227,9.861640439041228
beta,$\beta$,0.33273092369477913,0.04775862222237446,98.61640439041227,9.861640439041228
beta,$\beta$,0.33469879518072293,0.04789964349944553,98.61640439041227,9.861640439041228
beta,$\beta$,0.33666666666666667,0.048040250812922174,98.61640439041227,9.861640439041228
beta,$\beta$,0.33863453815261046,0.04818044778707401,98.61640439041227,9.861640439041228
beta,$\beta$,0.34060240963855426,0.04832023799359292,98.61640439041227,9.861640439041228
beta,$\beta$,0.342570281124498,0.04845962495265472,98.61640439041227,9.861640439041228
beta,$\beta$,0.3445381526104418,0.04859861213395349,98.61640439041227,9.861640439041228
beta,$\beta$,0.3465060240963856,0.04873720295770929,98.61640439041227,9.861640439041228
beta,$\beta$,0.34847389558232933,0.04887540079565018,98.61640439041227,9.861640439041228
beta,$\beta$,0.3504417670682731,0.04901320897196936,98.61640439041227,9.861640439041228
beta,$\beta$,0.35240963855421686,0.049150630764258074,98.61640439041227,9.861640439041228
beta,$\beta$,0.35437751004016066,0.04928766940441522,98.61640439041227,9.861640439041228
beta,$\beta$,0.35634538152610445,0.04942432807953411,98.61640439041227,9.861640439041228
beta,$\beta$,0.3583132530120482,0.04956060993276737,98.61640439041227,9.861640439041228
beta,$\beta$,0.360281124497992,0.04969651806417039,98.61640439041227,9.861640439041228
beta,$\beta$,0.3622489959839358,0.04983205553152419,98.61640439041227,9.861640439041228
beta,$\beta$,0.3642168674698795,0.04996722535113798,98.61640439041227,9.861640439041228
beta,$\beta$,0.3661847389558233,0.0501020304986325,98.61640439041227,9.861640439041228
beta,$\beta$,0.3681526104417671,0.05023647390970425,98.61640439041227,9.861640439041228
beta,$\beta$,0.37012048192771085,0.05037055848087146,98.61640439041227,9.861640439041228
beta,$\beta$,0.37208835341365465,0.05050428707020214,98.61640439041227,9.861640439041228
beta,$\beta$,0.37405622489959844,0.05063766249802495,98.61640439041227,9.861640439041228
beta,$\beta$,0.3760240963855422,0.05077068754762317,98.61640439041227,9.861640439041228
beta,$\beta$,0.377991967871486,0.05090336496591236,98.61640439041227,9.861640439041228
beta,$\beta$,0.3799598393574297,0.051035697464102206,98.61640439041227,9.861640439041228
beta,$\beta$,0.3819277108433735,0.05116768771834296,98.61640439041227,9.861640439041228
beta,$\beta$,0.3838955823293173,0.05129933837035679,98.61640439041227,9.861640439041228
beta,$\beta$,0.38586345381526105,0.05143065202805478,98.61640439041227,9.861640439041228
beta,$\beta$,0.38783132530120484,0.051561631266139656,98.61640439041227,9.861640439041228
beta,$\beta$,0.38979919678714864,0.051692278626694774,98.61640439041227,9.861640439041228
beta,$\beta$,0.3917670682730924,0.05182259661975982,98.61640439041227,9.861640439041228
beta,$\beta$,0.3937349397590362,0.05195258772389338,98.61640439041227,9.861640439041228
beta,$\beta$,0.39570281124497997,0.05208225438672305,98.61640439041227,9.861640439041228
beta,$\beta$,0.3976706827309237,0.0522115990254831,98.61640439041227,9.861640439041228
beta,$\beta$,0.3996385542168675,0.05234062402754024,98.61640439041227,9.861640439041228
beta,$\beta$,0.40160642570281124,0.052469331750907774,98.61640439041227,9.861640439041228
beta,$\beta$,0.40357429718875504,0.052597724524748354,98.61640439041227,9.861640439041228
beta,$\beta$,0.40554216867469883,0.052725804649865794,98.61640439041227,9.861640439041228
beta,$\beta$,0.4075100401606426,0.052853574399186136,98.61640439041227,9.861640439041228
beta,$\beta$,0.40947791164658637,0.05298103601822826,98.61640439041227,9.861640439041228
beta,$\beta$,0.41144578313253016,0.053108191725564295,98.61640439041227,9.861640439041228
beta,$\beta$,0.4134136546184739,0.05323504371327021,98.61640439041227,9.861640439041228
beta,$\beta$,0.4153815261044177,0.053361594147366756,98.61640439041227,9.861640439041228
beta,$\beta$,0.4173493975903615,0.053487845168250905,98.61640439041227,9.861640439041228
beta,$\beta$,0.41931726907630523,0.053613798891118294,98.61640439041227,9.861640439041228
beta,$\beta$,0.421285140562249,0.05373945740637667,98.61640439041227,9.861640439041228
beta,$\beta$,0.4232530120481928,0.0538648227800507,98.61640439041227,9.861640439041228
beta,$\beta$,0.42522088353413656,0.053989897054178226,98.61640439041227,9.861640439041228
beta,$\beta$,0.42718875502008036,0.05411468224719848,98.61640439041227,9.861640439041228
beta,$\beta$,0.4291566265060241,0.054239180354332,98.61640439041227,9.861640439041228
beta,$\beta$,0.4311244979919679,0.0543633933479529,98.61640439041227,9.861640439041228
beta,$\beta$,0.4330923694779117,0.054487323177953476,98.61640439041227,9.861640439041228
beta,$\beta$,0.4350602409638554,0.05461097177210125,98.61640439041227,9.861640439041228
beta,$\beta$,0.4370281124497992,0.054734341036388995,98.61640439041227,9.861640439041228
beta,$\beta$,0.438995983935743,0.05485743285537732,98.61640439041227,9.861640439041228
beta,$\beta$,0.44096385542168676,0.05498024909253073,98.61640439041227,9.861640439041228
beta,$\beta$,0.44293172690763055,0.05510279159054668,98.61640439041227,9.861640439041228
beta,$\beta$,0.44489959839357435,0.05522506217167816,98.61640439041227,9.861640439041228
beta,$\beta$,0.4468674698795181,0.055347062638049845,98.61640439041227,9.861640439041228
beta,$\beta$,0.4488353413654619,0.05546879477196804,98.61640439041227,9.861640439041228
beta,$\beta$,0.4508032128514057,0.0555902603362244,98.61640439041227,9.861640439041228
beta,$\beta$,0.4527710843373494,0.05571146107439383,98.61640439041227,9.861640439041228
beta,$\beta$,0.4547389558232932,0.05583239871112645,98.61640439041227,9.861640439041228
beta,$\beta$,0.45670682730923695,0.055953074952433936,98.61640439041227,9.861640439041228
beta,$\beta$,0.45867469879518075,0.056073491485970316,98.61640439041227,9.861640439041228
beta,$\beta$,0.46064257028112454,0.05619364998130733,98.61640439041227,9.861640439041228
beta,$\beta$,0.4626104417670683,0.056313552090204506,98.61640439041227,9.861640439041228
beta,$\beta$,0.4645783132530121,0.056433199446874104,98.61640439041227,9.861640439041228
beta,$\beta$,0.46654618473895587,0.056552593668240954,98.61640439041227,9.861640439041228
beta,$\beta$,0.4685140562248996,0.05667173635419743,98.61640439041227,9.861640439041228
beta,$\beta$,0.4704819277108434,0.05679062908785355,98.61640439041227,9.861640439041228
beta,$\beta$,0.4724497991967872,0.05690927343578245,98.61640439041227,9.861640439041228
beta,$\beta$,0.47441767068273094,0.057027670948261146,98.61640439041227,9.861640439041228
beta,$\beta$,0.47638554216867474,0.05714582315950698,98.61640439041227,9.861640439041228
beta,$\beta$,0.4783534136546185,0.057263731587909456,98.61640439041227,9.861640439041228
beta,$\beta$,0.48032128514056227,0.057381397736258,98.61640439041227,9.861640439041228
beta,$\beta$,0.48228915662650607,0.05749882309196537,98.61640439041227,9.861640439041228
beta,$\beta$,0.4842570281124498,0.05761600912728706,98.61640439041227,9.861640439041228
beta,$\beta$,0.4862248995983936,0.05773295729953665,98.61640439041227,9.861640439041228
beta,$\beta$,0.4881927710843374,0.05784966905129722,98.61640439041227,9.861640439041228
beta,$\beta$,0.49016064257028114,0.05796614581062909,98.61640439041227,9.861640439041228
beta,$\beta$,0.49212851405622493,0.058082388991273486,98.61640439041227,9.861640439041228
beta,$\beta$,0.4940963855421687,0.058198399992852916,98.61640439041227,9.861640439041228
beta,$\beta$,0.49606425702811247,0.05831418020106772,98.61640439041227,9.861640439041228
beta,$\beta$,0.49803212851405626,0.058429730987889145,98.61640439041227,9.861640439041228
beta,$\beta$,0.5,0.05854505371174912,98.61640439041227,9.861640439041228
Xc,$X_c$,0.01,0.09476070805546988,98.61640439041227,0.8616404390412271
Xc,$X_c$,0.011967871485943776,0.10366609887181345,98.61640439041227,0.8616404390412271
Xc,$X_c$,0.01393574297188755,0.11186477693817304,98.61640439041227,0.8616404390412271
Xc,$X_c$,0.015903614457831325,0.11950228693859302,98.61640439041227,0.8616404390412271
Xc,$X_c$,0.0178714859437751,0.1266801675388868,98.61640439041227,0.8616404390412271
Xc,$X_c$,0.019839357429718874,0.13347259311112164,98.61640439041227,0.8616404390412271
Xc,$X_c$,0.02180722891566265,0.13993570443576453,98.61640439041227,0.8616404390412271
Xc,$X_c$,0.02377510040160643,0.14611320830116714,98.61640439041227,0.8616404390412271
Xc,$X_c$,0.025742971887550203,0.1520399220737332,98.61640439041227,0.8616404390412271
Xc,$X_c$,0.027710843373493978,0.15774411611313266,98.61640439041227,0.8616404390412271
Xc,$X_c$,0.029678714859437752,0.16324911770799888,98.61640439041227,0.8616404390412271
Xc,$X_c$,0.031646586345381526,0.1685744425960433,98.61640439041227,0.8616404390412271
Xc,$X_c$,0.0336144578313253,0.1737366137597176,98.61640439041227,0.8616404390412271
Xc,$X_c$,0.035582329317269075,0.17874976706228152,98.61640439041227,0.8616404390412271
Xc,$X_c$,0.037550200803212856,0.18362610786308825,98.61640439041227,0.8616404390412271
Xc,$X_c$,0.03951807228915663,0.18837626111873315,98.61640439041227,0.8616404390412271
Xc,$X_c$,0.041485943775100405,0.193009543850038,98.61640439041227,0.8616404390412271
Xc,$X_c$,0.04345381526104418,0.19753418003304227,98.61640439041227,0.8616404390412271
Xc,$X_c$,0.04542168674698795,0.2019574721208724,98.61640439041227,0.8616404390412271
Xc,$X_c$,0.04738955823293173,0.20628593943742157,98.61640439041227,0.8616404390412271
Xc,$X_c$,0.0493574297188755,0.21052543094292947,98.61640439041227,0.8616404390412271
Xc,$X_c$,0.05132530120481928,0.21468121794379869,98.61640439041227,0.8616404390412271
Xc,$X_c$,0.05329317269076306,0.21875807094130129,98.61640439041227,0.8616404390412271
Xc,$X_c$,0.05526104417670683,0.2227603238148257,98.61640439041227,0.8616404390412271
Xc,$X_c$,0.057228915662650606,0.22669192780117384,98.61640439041227,0.8616404390412271
Xc,$X_c$,0.05919678714859438,0.23055649718526525,98.61640439041227,0.8616404390412271
Xc,$X_c$,0.061164658634538155,0.23435734820667736,98.61640439041227,0.8616404390412271
Xc,$X_c$,0.06313253012048192,0.23809753237400935,98.61640439041227,0.8616404390412271
Xc,$X_c$,0.0651004016064257,0.2417798651391779,98.61640439041227,0.8616404390412271
Xc,$X_c$,0.06706827309236948,0.2454069506979084,98.61640439041227,0.8616404390412271
Xc,$X_c$,0.06903614457831325,0.24898120353748043,98.61640439041227,0.8616404390412271
Xc,$X_c$,0.07100401606425703,0.2525048672384334,98.61640439041227,0.8616404390412271
Xc,$X_c$,0.0729718875502008,0.2559800309462156,98.61640439041227,0.8616404390412271
Xc,$X_c$,0.07493975903614458,0.2594086438562757,98.61640439041227,0.8616404390412271
Xc,$X_c$,0.07690763052208835,0.262792527997808,98.61640439041227,0.8616404390412271
Xc,$X_c$,0.07887550200803213,0.26613338955419574,98.61640439041227,0.8616404390412271
Xc,$X_c$,0.0808433734939759,0.2694328289198106,98.61640439041227,0.8616404390412271
Xc,$X_c$,0.08281124497991968,0.272692349661406,98.61640439041227,0.8616404390412271
Xc,$X_c$,0.08477911646586345,0.2759133665264971,98.61640439041227,0.8616404390412271
Xc,$X_c$,0.08674698795180723,0.27909721261974607,98.61640439041227,0.8616404390412271
Xc,$X_c$,0.088714859437751,0.28224514585062105,98.61640439041227,0.8616404390412271
Xc,$X_c$,0.09068273092369478,0.2853583547407802,98.61640439041227,0.8616404390412271
Xc,$X_c$,0.09265060240963856,0.28843796366721836,98.61640439041227,0.8616404390412271
Xc,$X_c$,0.09461847389558233,0.2914850376067667,98.61640439041227,0.8616404390412271
Xc,$X_c$,0.0965863453815261,0.2945005864387112,98.61640439041227,0.8616404390412271
Xc,$X_c$,0.09855421686746987,0.29748556885481253,98.61640439041227,0.8616404390412271
Xc,$X_c$,0.10052208835341366,0.30044089591964346,98.61640439041227,0.8616404390412271
Xc,$X_c$,0.10248995983935742,0.3033674343187228,98.61640439041227,0.8616404390412271
Xc,$X_c$,0.1044578313253012,0.3062660093272696,98.61640439041227,0.8616404390412271
Xc,$X_c$,0.10642570281124498,0.3091374075283964,98.61640439041227,0.8616404390412271
Xc,$X_c$,0.10839357429718875,0.3119823793061148,98.61640439041227,0.8616404390412271
Xc,$X_c$,0.11036144578313253,0.31480164113554276,98.61640439041227,0.8616404390412271
Xc,$X_c$,0.1123293172690763,0.31759587769012004,98.61640439041227,0.8616404390412271
Xc,$X_c$,0.11429718875502008,0.32036574378338933,98.61640439041227,0.8616404390412271
Xc,$X_c$,0.11626506024096385,0.3231118661609488,98.61640439041227,0.8616404390412271
Xc,$X_c$,0.11823293172690763,0.325834845156465,98.61640439041227,0.8616404390412271
Xc,$X_c$,0.12020080321285141,0.32853525622414426,98.61640439041227,0.8616404390412271
Xc,$X_c$,0.12216867469879518,0.3312136513587426,98.61640439041227,0.8616404390412271
Xc,$X_c$,0.12413654618473896,0.3338705604130399,98.61640439041227,0.8616404390412271
Xc,$X_c$,0.12610441767068273,0.33650649232168456,98.61640439041227,0.8616404390412271
Xc,$X_c$,0.12807228915662652,0.33912193623941606,98.61640439041227,0.8616404390412271
Xc,$X_c$,0.1300401606425703,0.34171736260087393,98.61640439041227,0.8616404390412271
Xc,$X_c$,0.13200803212851406,0.34429322410849705,98.61640439041227,0.8616404390412271
Xc,$X_c$,0.13397590361445783,0.34684995665438734,98.61640439041227,0.8616404390412271
Xc,$X_c$,0.13594377510040162,0.3493879801814553,98.61640439041227,0.8616404390412271
Xc,$X_c$,0.1379116465863454,0.3519076994886636,98.61640439041227,0.8616404390412271
Xc,$X_c$,0.13987951807228918,0.3544095049847425,98.61640439041227,0.8616404390412271
Xc,$X_c$,0.14184738955823295,0.3568937733943488,98.61640439041227,0.8616404390412271
Xc,$X_c$,0.14381526104417672,0.3593608684202878,98.61640439041227,0.8616404390412271
Xc,$X_c$,0.14578313253012049,0.3618111413650912,98.61640439041227,0.8616404390412271
Xc,$X_c$,0.14775100401606428,0.36424493171496103,98.61640439041227,0.8616404390412271
Xc,$X_c$,0.14971887550200805,0.36666256768882644,98.61640439041227,0.8616404390412271
Xc,$X_c$,0.15168674698795181,0.369064366755028,98.61640439041227,0.8616404390412271
Xc,$X_c$,0.1536546184738956,0.3714506361179322,98.61640439041227,0.8616404390412271
Xc,$X_c$,0.15562248995983938,0.37382167317658704,98.61640439041227,0.8616404390412271
Xc,$X_c$,0.15759036144578314,0.37617776595735913,98.61640439041227,0.8616404390412271
Xc,$X_c$,0.1595582329317269,0.37851919352233154,98.61640439041227,0.8616404390412271
Xc,$X_c$,0.1615261044176707,0.38084622635510373,98.61640439041227,0.8616404390412271
Xc,$X_c$,0.16349397590361447,0.3831591267255023,98.61640439041227,0.8616404390412271
Xc,$X_c$,0.16546184738955824,0.3854581490345951,98.61640439041227,0.8616404390412271
Xc,$X_c$,0.167429718875502,0.3877435401412933,98.61640439041227,0.8616404390412271
Xc,$X_c$,0.1693975903614458,0.39001553967172814,98.61640439041227,0.8616404390412271
Xc,$X_c$,0.17136546184738957,0.39227438031250006,98.61640439041227,0.8616404390412271
Xc,$X_c$,0.17333333333333334,0.39452028808881623,98.61640439041227,0.8616404390412271
Xc,$X_c$,0.17530120481927713,0.3967534826284568,98.61640439041227,0.8616404390412271
Xc,$X_c$,0.1772690763052209,0.3989741774124433,98.61640439041227,0.8616404390412271
Xc,$X_c$,0.17923694779116467,0.4011825800132183,98.61640439041227,0.8616404390412271
Xc,$X_c$,0.18120481927710844,0.4033788923210893,98.61640439041227,0.8616404390412271
Xc,$X_c$,0.18317269076305223,0.4055633107596342,98.61640439041227,0.8616404390412271
Xc,$X_c$,0.185140562248996,0.4077360264907213,98.61640439041227,0.8616404390412271
Xc,$X_c$,0.18710843373493977,0.4098972256097482,98.61640439041227,0.8616404390412271
Xc,$X_c$,0.18907630522088356,0.41204708933166295,98.61640439041227,0.8616404390412271
Xc,$X_c$,0.19104417670682733,0.414185794168296,98.61640439041227,0.8616404390412271
Xc,$X_c$,0.1930120481927711,0.416313512097492,98.61640439041227,0.8616404390412271
Xc,$X_c$,0.19497991967871486,0.41843041072450177,98.61640439041227,0.8616404390412271
Xc,$X_c$,0.19694779116465866,0.4205366534360612,98.61640439041227,0.8616404390412271
Xc,$X_c$,0.19891566265060243,0.42263239954756004,98.61640439041227,0.8616404390412271
Xc,$X_c$,0.2008835341365462,0.4247178044436742,98.61640439041227,0.8616404390412271
Xc,$X_c$,0.20285140562249,0.42679301971281314,98.61640439041227,0.8616404390412271
Xc,$X_c$,0.20481927710843376,0.4288581932757124,98.61640439041227,0.8616404390412271
Xc,$X_c$,0.20678714859437752,0.4309134695084791,98.61640439041227,0.8616404390412271
Xc,$X_c$,0.2087550200803213,0.43295898936037985,98.61640439041227,0.8616404390412271
Xc,$X_c$,0.21072289156626509,0.4349948904666446,98.61640439041227,0.8616404390412271
Xc,$X_c$,0.21269076305220885,0.43702130725653954,98.61640439041227,0.8616404390412271
Xc,$X_c$,0.21465863453815262,0.4390383710569514,98.61640439041227,0.8616404390412271
Xc,$X_c$,0.21662650602409642,0.44104621019170764,98.61640439041227,0.8616404390412271
Xc,$X_c$,0.21859437751004018,0.4430449500768455,98.61640439041227,0.8616404390412271
Xc,$X_c$,0.22056224899598395,0.4450347133120305,98.61640439041227,0.8616404390412271
Xc,$X_c$,0.22253012048192772,0.4470156197683116,98.61640439041227,0.8616404390412271
Xc,$X_c$,0.2244979919678715,0.44898778667239314,98.61640439041227,0.8616404390412271
Xc,$X_c$,0.22646586345381528,0.45095132868758797,98.61640439041227,0.8616404390412271
Xc,$X_c$,0.22843373493975905,0.45290635799161355,98.61640439041227,0.8616404390412271
Xc,$X_c$,0.23040160642570284,0.4548529843513772,98.61640439041227,0.8616404390412271
Xc,$X_c$,0.2323694779116466,0.45679131519489385,98.61640439041227,0.8616404390412271
Xc,$X_c$,0.23433734939759038,0.45872145568046785,98.61640439041227,0.8616404390412271
Xc,$X_c$,0.23630522088353415,0.460643508763267,98.61640439041227,0.8616404390412271
Xc,$X_c$,0.23827309236947794,0.4625575752594056,98.61640439041227,0.8616404390412271
Xc,$X_c$,0.2402409638554217,0.46446375390765127,98.61640439041227,0.8616404390412271
Xc,$X_c$,0.24220883534136547,0.46636214142886195,98.61640439041227,0.8616404390412271
Xc,$X_c$,0.24417670682730924,0.46825283258325356,98.61640439041227,0.8616404390412271
Xc,$X_c$,0.24614457831325304,0.470135920225595,98.61640439041227,0.8616404390412271
Xc,$X_c$,0.2481124497991968,0.47201149535842213,98.61640439041227,0.8616404390412271
Xc,$X_c$,0.25008032128514057,0.47387964718335424,98.61640439041227,0.8616404390412271
Xc,$X_c$,0.25204819277108437,0.4757404631505995,98.61640439041227,0.8616404390412271
Xc,$X_c$,0.2540160642570281,0.47759402900672193,98.61640439041227,0.8616404390412271
Xc,$X_c$,0.2559839357429719,0.4794404288407478,98.61640439041227,0.8616404390412271
Xc,$X_c$,0.25795180722891564,0.4812797451286795,98.61640439041227,0.8616404390412271
Xc,$X_c$,0.25991967871485944,0.4831120587764844,98.61640439041227,0.8616404390412271
Xc,$X_c$,0.26188755020080323,0.48493744916162124,98.61640439041227,0.8616404390412271
Xc,$X_c$,0.263855421686747,0.48675599417316534,98.61640439041227,0.8616404390412271
Xc,$X_c$,0.26582329317269077,0.48856777025058984,98.61640439041227,0.8616404390412271
Xc,$X_c$,0.26779116465863456,0.4903728524212569,98.61640439041227,0.8616404390412271
Xc,$X_c$,0.26975903614457836,0.4921713143366712,98.61640439041227,0.8616404390412271
Xc,$X_c$,0.2717269076305221,0.4939632283075462,98.61640439041227,0.8616404390412271
Xc,$X_c$,0.2736947791164659,0.49574866533772904,98.61640439041227,0.8616404390412271
Xc,$X_c$,0.27566265060240963,0.49752769515702966,98.61640439041227,0.8616404390412271
Xc,$X_c$,0.2776305220883534,0.49930038625299783,98.61640439041227,0.8616404390412271
Xc,$X_c$,0.2795983935742972,0.5010668059016876,98.61640439041227,0.8616404390412271
Xc,$X_c$,0.28156626506024096,0.5028270201974492,98.61640439041227,0.8616404390412271
Xc,$X_c$,0.28353413654618476,0.5045810940817864,98.61640439041227,0.8616404390412271
Xc,$X_c$,0.28550200803212855,0.5063290913713129,98.61640439041227,0.8616404390412271
Xc,$X_c$,0.2874698795180723,0.5080710747848434,98.61640439041227,0.8616404390412271
Xc,$X_c$,0.2894377510040161,0.5098071059696525,98.61640439041227,0.8616404390412271
Xc,$X_c$,0.2914056224899599,0.5115372455269305,98.61640439041227,0.8616404390412271
Xc,$X_c$,0.2933734939759036,0.5132615530364667,98.61640439041227,0.8616404390412271
Xc,$X_c$,0.2953413654618474,0.5149800870805902,98.61640439041227,0.8616404390412271
Xc,$X_c$,0.2973092369477912,0.5166929052673929,98.61640439041227,0.8616404390412271
Xc,$X_c$,0.29927710843373495,0.5184000642532614,98.61640439041227,0.8616404390412271
Xc,$X_c$,0.30124497991967875,0.5201016197647458,98.61640439041227,0.8616404390412271
Xc,$X_c$,0.3032128514056225,0.5217976266197832,98.61640439041227,0.8616404390412271
Xc,$X_c$,0.3051807228915663,0.5234881387483057,98.61640439041227,0.8616404390412271
Xc,$X_c$,0.3071485943775101,0.5251732092122483,98.61640439041227,0.8616404390412271
Xc,$X_c$,0.3091164658634538,0.5268528902249835,98.61640439041227,0.8616404390412271
Xc,$X_c$,0.3110843373493976,0.5285272331701983,98.61640439041227,0.8616404390412271
Xc,$X_c$,0.3130522088353414,0.5301962886202353,98.61640439041227,0.8616404390412271
Xc,$X_c$,0.31502008032128515,0.5318601063539156,98.61640439041227,0.8616404390412271
Xc,$X_c$,0.31698795180722894,0.5335187353738621,98.61640439041227,0.8616404390412271
Xc,$X_c$,0.31895582329317274,0.5351722239233382,98.61640439041227,0.8616404390412271
Xc,$X_c$,0.3209236947791165,0.5368206195026214,98.61640439041227,0.8616404390412271
Xc,$X_c$,0.32289156626506027,0.5384639688849244,98.61640439041227,0.8616404390412271
Xc,$X_c$,0.324859437751004,0.5401023181318809,98.61640439041227,0.8616404390412271
Xc,$X_c$,0.3268273092369478,0.5417357126086095,98.61640439041227,0.8616404390412271
Xc,$X_c$,0.3287951807228916,0.5433641969983711,98.61640439041227,0.8616404390412271
Xc,$X_c$,0.33076305220883534,0.54498781531683,98.61640439041227,0.8616404390412271
Xc,$X_c$,0.33273092369477913,0.5466066109259363,98.61640439041227,0.8616404390412271
Xc,$X_c$,0.33469879518072293,0.5482206265474371,98.61640439041227,0.8616404390412271
Xc,$X_c$,0.33666666666666667,0.5498299042760325,98.61640439041227,0.8616404390412271
Xc,$X_c$,0.33863453815261046,0.551434485592185,98.61640439041227,0.8616404390412271
Xc,$X_c$,0.34060240963855426,0.5530344113745946,98.61640439041227,0.8616404390412271
Xc,$X_c$,0.342570281124498,0.5546297219123502,98.61640439041227,0.8616404390412271
Xc,$X_c$,0.3445381526104418,0.5562204569167675,98.61640439041227,0.8616404390412271
Xc,$X_c$,0.3465060240963856,0.5578066555329222,98.61640439041227,0.8616404390412271
Xc,$X_c$,0.34847389558232933,0.5593883563508903,98.61640439041227,0.8616404390412271
Xc,$X_c$,0.3504417670682731,0.560965597416702,98.61640439041227,0.8616404390412271
Xc,$X_c$,0.35240963855421686,0.5625384162430188,98.61640439041227,0.8616404390412271
Xc,$X_c$,0.35437751004016066,0.5641068498195448,98.61640439041227,0.8616404390412271
Xc,$X_c$,0.35634538152610445,0.5656709346231757,98.61640439041227,0.8616404390412271
Xc,$X_c$,0.3583132530120482,0.5672307066278974,98.61640439041227,0.8616404390412271
Xc,$X_c$,0.360281124497992,0.5687862013144397,98.61640439041227,0.8616404390412271
Xc,$X_c$,0.3622489959839358,0.570337453679694,98.61640439041227,0.8616404390412271
Xc,$X_c$,0.3642168674698795,0.5718844982458989,98.61640439041227,0.8616404390412271
Xc,$X_c$,0.3661847389558233,0.5734273690696061,98.61640439041227,0.8616404390412271
Xc,$X_c$,0.3681526104417671,0.574966099750426,98.61640439041227,0.8616404390412271
Xc,$X_c$,0.37012048192771085,0.5765007234395664,98.61640439041227,0.8616404390412271
Xc,$X_c$,0.37208835341365465,0.5780312728481652,98.61640439041227,0.8616404390412271
Xc,$X_c$,0.37405622489959844,0.5795577802554259,98.61640439041227,0.8616404390412271
Xc,$X_c$,0.3760240963855422,0.5810802775165608,98.61640439041227,0.8616404390412271
Xc,$X_c$,0.377991967871486,0.5825987960705462,98.61640439041227,0.8616404390412271
Xc,$X_c$,0.3799598393574297,0.5841133669476983,98.61640439041227,0.8616404390412271
Xc,$X_c$,0.3819277108433735,0.5856240207770709,98.61640439041227,0.8616404390412271
Xc,$X_c$,0.3838955823293173,0.5871307877936821,98.61640439041227,0.8616404390412271
Xc,$X_c$,0.38586345381526105,0.5886336978455755,98.61640439041227,0.8616404390412271
Xc,$X_c$,0.38783132530120484,0.5901327804007188,98.61640439041227,0.8616404390412271
Xc,$X_c$,0.38979919678714864,0.5916280645537444,98.61640439041227,0.8616404390412271
Xc,$X_c$,0.3917670682730924,0.593119579032539,98.61640439041227,0.8616404390412271
Xc,$X_c$,0.3937349397590362,0.5946073522046821,98.61640439041227,0.8616404390412271
Xc,$X_c$,0.39570281124497997,0.596091412083742,98.61640439041227,0.8616404390412271
Xc,$X_c$,0.3976706827309237,0.5975717863354293,98.61640439041227,0.8616404390412271
Xc,$X_c$,0.3996385542168675,0.5990485022836153,98.61640439041227,0.8616404390412271
Xc,$X_c$,0.40160642570281124,0.600521586916215,98.61640439041227,0.8616404390412271
Xc,$X_c$,0.40357429718875504,0.6019910668909431,98.61640439041227,0.8616404390412271
Xc,$X_c$,0.40554216867469883,0.6034569685409411,98.61640439041227,0.8616404390412271
Xc,$X_c$,0.4075100401606426,0.6049193178802847,98.61640439041227,0.8616404390412271
Xc,$X_c$,0.40947791164658637,0.606378140609369,98.61640439041227,0.8616404390412271
Xc,$X_c$,0.41144578313253016,0.6078334621201783,98.61640439041227,0.8616404390412271
Xc,$X_c$,0.4134136546184739,0.6092853075014437,98.61640439041227,0.8616404390412271
Xc,$X_c$,0.4153815261044177,0.6107337015436888,98.61640439041227,0.8616404390412271
Xc,$X_c$,0.4173493975903615,0.6121786687441683,98.61640439041227,0.8616404390412271
Xc,$X_c$,0.41931726907630523,0.6136202333117029,98.61640439041227,0.8616404390412271
Xc,$X_c$,0.421285140562249,0.6150584191714111,98.61640439041227,0.8616404390412271
Xc,$X_c$,0.4232530120481928,0.6164932499693423,98.61640439041227,0.8616404390412271
Xc,$X_c$,0.42522088353413656,0.6179247490770121,98.61640439041227,0.8616404390412271
Xc,$X_c$,0.42718875502008036,0.6193529395958456,98.61640439041227,0.8616404390412271
Xc,$X_c$,0.4291566265060241,0.620777844361525,98.61640439041227,0.8616404390412271
Xc,$X_c$,0.4311244979919679,0.6221994859482514,98.61640439041227,0.8616404390412271
Xc,$X_c$,0.4330923694779117,0.623617886672917,98.61640439041227,0.8616404390412271
Xc,$X_c$,0.4350602409638554,0.6250330685991914,98.61640439041227,0.8616404390412271
Xc,$X_c$,0.4370281124497992,0.6264450535415284,98.61640439041227,0.8616404390412271
Xc,$X_c$,0.438995983935743,0.6278538630690861,98.61640439041227,0.8616404390412271
Xc,$X_c$,0.44096385542168676,0.6292595185095744,98.61640439041227,0.8616404390412271
Xc,$X_c$,0.44293172690763055,0.6306620409530195,98.61640439041227,0.8616404390412271
Xc,$X_c$,0.44489959839357435,0.6320614512554572,98.61640439041227,0.8616404390412271
Xc,$X_c$,0.4468674698795181,0.6334577700425508,98.61640439041227,0.8616404390412271
Xc,$X_c$,0.4488353413654619,0.6348510177131387,98.61640439041227,0.8616404390412271
Xc,$X_c$,0.4508032128514057,0.63624121444271,98.61640439041227,0.8616404390412271
Xc,$X_c$,0.4527710843373494,0.6376283801868146,98.61640439041227,0.8616404390412271
Xc,$X_c$,0.4547389558232932,0.6390125346844048,98.61640439041227,0.8616404390412271
Xc,$X_c$,0.45670682730923695,0.640393697461112,98.61640439041227,0.8616404390412271
Xc,$X_c$,0.45867469879518075,0.641771887832461,98.61640439041227,0.8616404390412271
Xc,$X_c$,0.46064257028112454,0.6431471249070212,98.61640439041227,0.8616404390412271
Xc,$X_c$,0.4626104417670683,0.644519427589498,98.61640439041227,0.8616404390412271
Xc,$X_c$,0.4645783132530121,0.6458888145837647,98.61640439041227,0.8616404390412271
Xc,$X_c$,0.46654618473895587,0.6472553043958368,98.61640439041227,0.8616404390412271
Xc,$X_c$,0.4685140562248996,0.6486189153367901,98.61640439041227,0.8616404390412271
Xc,$X_c$,0.4704819277108434,0.6499796655256229,98.61640439041227,0.8616404390412271
Xc,$X_c$,0.4724497991967872,0.6513375728920658,98.61640439041227,0.8616404390412271
Xc,$X_c$,0.47441767068273094,0.6526926551793376,98.61640439041227,0.8616404390412271
Xc,$X_c$,0.47638554216867474,0.6540449299468504,98.61640439041227,0.8616404390412271
Xc,$X_c$,0.4783534136546185,0.6553944145728638,98.61640439041227,0.8616404390412271
Xc,$X_c$,0.48032128514056227,0.6567411262570919,98.61640439041227,0.8616404390412271
Xc,$X_c$,0.48228915662650607,0.6580850820232595,98.61640439041227,0.8616404390412271
Xc,$X_c$,0.4842570281124498,0.6594262987216136,98.61640439041227,0.8616404390412271
Xc,$X_c$,0.4862248995983936,0.6607647930313884,98.61640439041227,0.8616404390412271
Xc,$X_c$,0.4881927710843374,0.6621005814632245,98.61640439041227,0.8616404390412271
Xc,$X_c$,0.49016064257028114,0.6634336803615465,98.61640439041227,0.8616404390412271
Xc,$X_c$,0.49212851405622493,0.6647641059068948,98.61640439041227,0.8616404390412271
Xc,$X_c$,0.4940963855421687,0.6660918741182178,98.61640439041227,0.8616404390412271
Xc,$X_c$,0.49606425702811247,0.6674170008551225,98.61640439041227,0.8616404390412271
Xc,$X_c$,0.49803212851405626,0.6687395018200831,98.61640439041227,0.8616404390412271
Xc,$X_c$,0.5,0.6700593925606145,98.61640439041227,0.8616404390412271
epsilon,$\epsilon$,0.01,0.09476070805546988,98.61640439041227,0.8616404390412271
epsilon,$\epsilon$,0.011967871485943776,0.10366609887181345,98.61640439041227,0.8616404390412271
epsilon,$\epsilon$,0.01393574297188755,0.11186477693817304,98.61640439041227,0.8616404390412271
epsilon,$\epsilon$,0.015903614457831325,0.11950228693859302,98.61640439041227,0.8616404390412271
epsilon,$\epsilon$,0.0178714859437751,0.1266801675388868,98.61640439041227,0.8616404390412271
epsilon,$\epsilon$,0.019839357429718874,0.13347259311112164,98.61640439041227,0.8616404390412271
epsilon,$\epsilon$,0.02180722891566265,0.13993570443576453,98.61640439041227,0.8616404390412271
epsilon,$\epsilon$,0.02377510040160643,0.14611320830116714,98.61640439041227,0.8616404390412271
epsilon,$\epsilon$,0.025742971887550203,0.1520399220737332,98.61640439041227,0.8616404390412271
epsilon,$\epsilon$,0.027710843373493978,0.15774411611313266,98.61640439041227,0.8616404390412271
epsilon,$\epsilon$,0.029678714859437752,0.16324911770799888,98.61640439041227,0.8616404390412271
epsilon,$\epsilon$,0.031646586345381526,0.1685744425960433,98.61640439041227,0.8616404390412271
epsilon,$\epsilon$,0.0336144578313253,0.1737366137597176,98.61640439041227,0.8616404390412271
epsilon,$\epsilon$,0.035582329317269075,0.17874976706228152,98.61640439041227,0.8616404390412271
epsilon,$\epsilon$,0.037550200803212856,0.18362610786308825,98.61640439041227,0.8616404390412271
epsilon,$\epsilon$,0.03951807228915663,0.18837626111873315,98.61640439041227,0.8616404390412271
epsilon,$\epsilon$,0.041485943775100405,0.193009543850038,98.61640439041227,0.8616404390412271
epsilon,$\epsilon$,0.04345381526104418,0.19753418003304227,98.61640439041227,0.8616404390412271
epsilon,$\epsilon$,0.04542168674698795,0.2019574721208724,98.61640439041227,0.8616404390412271
epsilon,$\epsilon$,0.04738955823293173,0.20628593943742157,98.61640439041227,0.8616404390412271
epsilon,$\epsilon$,0.0493574297188755,0.21052543094292947,98.61640439041227,0.8616404390412271
epsilon,$\epsilon$,0.05132530120481928,0.21468121794379869,98.61640439041227,0.8616404390412271
epsilon,$\epsilon$,0.05329317269076306,0.21875807094130129,98.61640439041227,0.8616404390412271
epsilon,$\epsilon$,0.05526104417670683,0.2227603238148257,98.61640439041227,0.8616404390412271
epsilon,$\epsilon$,0.057228915662650606,0.22669192780117384,98.61640439041227,0.8616404390412271
epsilon,$\epsilon$,0.05919678714859438,0.23055649718526525,98.61640439041227,0.8616404390412271
epsilon,$\epsilon$,0.061164658634538155,0.23435734820667736,98.61640439041227,0.8616404390412271
epsilon,$\epsilon$,0.06313253012048192,0.23809753237400935,98.61640439041227,0.8616404390412271
epsilon,$\epsilon$,0.0651004016064257,0.2417798651391779,98.61640439041227,0.8616404390412271
epsilon,$\epsilon$,0.06706827309236948,0.2454069506979084,98.61640439041227,0.8616404390412271
epsilon,$\epsilon$,0.06903614457831325,0.24898120353748043,98.61640439041227,0.8616404390412271
epsilon,$\epsilon$,0.07100401606425703,0.2525048672384334,98.61640439041227,0.8616404390412271
epsilon,$\epsilon$,0.0729718875502008,0.2559800309462156,98.61640439041227,0.8616404390412271
epsilon,$\epsilon$,0.07493975903614458,0.2594086438562757,98.61640439041227,0.8616404390412271
epsilon,$\epsilon$,0.07690763052208835,0.262792527997808,98.61640439041227,0.8616404390412271
epsilon,$\epsilon$,0.07887550200803213,0.26613338955419574,98.61640439041227,0.8616404390412271
epsilon,$\epsilon$,0.0808433734939759,0.2694328289198106,98.61640439041227,0.8616404390412271
epsilon,$\epsilon$,0.08281124497991968,0.272692349661406,98.61640439041227,0.8616404390412271
epsilon,$\epsilon$,0.08477911646586345,0.2759133665264971,98.61640439041227,0.8616404390412271
epsilon,$\epsilon$,0.08674698795180723,0.27909721261974607,98.61640439041227,0.8616404390412271
epsilon,$\epsilon$,0.088714859437751,0.28224514585062105,98.61640439041227,0.8616404390412271
epsilon,$\epsilon$,0.09068273092369478,0.2853583547407802,98.61640439041227,0.8616404390412271
epsilon,$\epsilon$,0.09265060240963856,0.28843796366721836,98.61640439041227,0.8616404390412271
epsilon,$\epsilon$,0.09461847389558233,0.2914850376067667,98.61640439041227,0.8616404390412271
epsilon,$\epsilon$,0.0965863453815261,0.2945005864387112,98.61640439041227,0.8616404390412271
epsilon,$\epsilon$,0.09855421686746987,0.29748556885481253,98.61640439041227,0.8616404390412271
epsilon,$\epsilon$,0.10052208835341366,0.30044089591964346,98.61640439041227,0.8616404390412271
epsilon,$\epsilon$,0.10248995983935742,0.3033674343187228,98.61640439041227,0.8616404390412271
epsilon,$\epsilon$,0.1044578313253012,0.3062660093272696,98.61640439041227,0.8616404390412271
epsilon,$\epsilon$,0.10642570281124498,0.3091374075283964,98.61640439041227,0.8616404390412271
epsilon,$\epsilon$,0.10839357429718875,0.3119823793061148,98.61640439041227,0.8616404390412271
epsilon,$\epsilon$,0.11036144578313253,0.31480164113554276,98.61640439041227,0.8616404390412271
epsilon,$\epsilon$,0.1123293172690763,0.31759587769012004,98.61640439041227,0.8616404390412271
epsilon,$\epsilon$,0.11429718875502008,0.32036574378338933,98.61640439041227,0.8616404390412271
epsilon,$\epsilon$,0.11626506024096385,0.3231118661609488,98.61640439041227,0.8616404390412271
epsilon,$\epsilon$,0.11823293172690763,0.325834845156465,98.61640439041227,0.8616404390412271
epsilon,$\epsilon$,0.12020080321285141,0.32853525622414426,98.61640439041227,0.8616404390412271
epsilon,$\epsilon$,0.12216867469879518,0.3312136513587426,98.61640439041227,0.8616404390412271
epsilon,$\epsilon$,0.12413654618473896,0.3338705604130399,98.61640439041227,0.8616404390412271
epsilon,$\epsilon$,0.12610441767068273,0.33650649232168456,98.61640439041227,0.8616404390412271
epsilon,$\epsilon$,0.12807228915662652,0.33912193623941606,98.61640439041227,0.8616404390412271
epsilon,$\epsilon$,0.1300401606425703,0.34171736260087393,98.61640439041227,0.8616404390412271
epsilon,$\epsilon$,0.13200803212851406,0.34429322410849705,98.61640439041227,0.8616404390412271
epsilon,$\epsilon$,0.13397590361445783,0.34684995665438734,98.61640439041227,0.8616404390412271
epsilon,$\epsilon$,0.13594377510040162,0.3493879801814553,98.61640439041227,0.8616404390412271
epsilon,$\epsilon$,0.1379116465863454,0.3519076994886636,98.61640439041227,0.8616404390412271
epsilon,$\epsilon$,0.13987951807228918,0.3544095049847425,98.61640439041227,0.8616404390412271
epsilon,$\epsilon$,0.14184738955823295,0.3568937733943488,98.61640439041227,0.8616404390412271
epsilon,$\epsilon$,0.14381526104417672,0.3593608684202878,98.61640439041227,0.8616404390412271
epsilon,$\epsilon$,0.14578313253012049,0.3618111413650912,98.61640439041227,0.8616404390412271
epsilon,$\epsilon$,0.14775100401606428,0.36424493171496103,98.61640439041227,0.8616404390412271
epsilon,$\epsilon$,0.14971887550200805,0.36666256768882644,98.61640439041227,0.8616404390412271
epsilon,$\epsilon$,0.15168674698795181,0.369064366755028,98.61640439041227,0.8616404390412271
epsilon,$\epsilon$,0.1536546184738956,0.3714506361179322,98.61640439041227,0.8616404390412271
epsilon,$\epsilon$,0.15562248995983938,0.37382167317658704,98.61640439041227,0.8616404390412271
epsilon,$\epsilon$,0.15759036144578314,0.37617776595735913,98.61640439041227,0.8616404390412271
epsilon,$\epsilon$,0.1595582329317269,0.37851919352233154,98.61640439041227,0.8616404390412271
epsilon,$\epsilon$,0.1615261044176707,0.38084622635510373,98.61640439041227,0.8616404390412271
epsilon,$\epsilon$,0.16349397590361447,0.3831591267255023,98.61640439041227,0.8616404390412271
epsilon,$\epsilon$,0.16546184738955824,0.3854581490345951,98.61640439041227,0.8616404390412271
epsilon,$\epsilon$,0.167429718875502,0.3877435401412933,98.61640439041227,0.8616404390412271
epsilon,$\epsilon$,0.1693975903614458,0.39001553967172814,98.61640439041227,0.8616404390412271
epsilon,$\epsilon$,0.17136546184738957,0.39227438031250006,98.61640439041227,0.8616404390412271
epsilon,$\epsilon$,0.17333333333333334,0.39452028808881623,98.61640439041227,0.8616404390412271
epsilon,$\epsilon$,0.17530120481927713,0.3967534826284568,98.61640439041227,0.8616404390412271
epsilon,$\epsilon$,0.1772690763052209,0.3989741774124433,98.61640439041227,0.8616404390412271
epsilon,$\epsilon$,0.17923694779116467,0.4011825800132183,98.61640439041227,0.8616404390412271
epsilon,$\epsilon$,0.18120481927710844,0.4033788923210893,98.61640439041227,0.8616404390412271
epsilon,$\epsilon$,0.18317269076305223,0.4055633107596342,98.61640439041227,0.8616404390412271
epsilon,$\epsilon$,0.185140562248996,0.4077360264907213,98.61640439041227,0.8616404390412271
epsilon,$\epsilon$,0.18710843373493977,0.4098972256097482,98.61640439041227,0.8616404390412271
epsilon,$\epsilon$,0.18907630522088356,0.41204708933166295,98.61640439041227,0.8616404390412271
epsilon,$\epsilon$,0.19104417670682733,0.414185794168296,98.61640439041227,0.8616404390412271
epsilon,$\epsilon$,0.1930120481927711,0.416313512097492,98.61640439041227,0.8616404390412271
epsilon,$\epsilon$,0.19497991967871486,0.41843041072450177,98.61640439041227,0.8616404390412271
epsilon,$\epsilon$,0.19694779116465866,0.4205366534360612,98.61640439041227,0.8616404390412271
epsilon,$\epsilon$,0.19891566265060243,0.42263239954756004,98.61640439041227,0.8616404390412271
epsilon,$\epsilon$,0.2008835341365462,0.4247178044436742,98.61640439041227,0.8616404390412271
epsilon,$\epsilon$,0.20285140562249,0.42679301971281314,98.61640439041227,0.8616404390412271
epsilon,$\epsilon$,0.20481927710843376,0.4288581932757124,98.61640439041227,0.8616404390412271
epsilon,$\epsilon$,0.20678714859437752,0.4309134695084791,98.61640439041227,0.8616404390412271
epsilon,$\epsilon$,0.2087550200803213,0.43295898936037985,98.61640439041227,0.8616404390412271
epsilon,$\epsilon$,0.21072289156626509,0.4349948904666446,98.61640439041227,0.8616404390412271
epsilon,$\epsilon$,0.21269076305220885,0.43702130725653954,98.61640439041227,0.8616404390412271
epsilon,$\epsilon$,0.21465863453815262,0.4390383710569514,98.61640439041227,0.8616404390412271
epsilon,$\epsilon$,0.21662650602409642,0.44104621019170764,98.61640439041227,0.8616404390412271
epsilon,$\epsilon$,0.21859437751004018,0.4430449500768455,98.61640439041227,0.8616404390412271
epsilon,$\epsilon$,0.22056224899598395,0.4450347133120305,98.61640439041227,0.8616404390412271
epsilon,$\epsilon$,0.22253012048192772,0.4470156197683116,98.61640439041227,0.8616404390412271
epsilon,$\epsilon$,0.2244979919678715,0.44898778667239314,98.61640439041227,0.8616404390412271
epsilon,$\epsilon$,0.22646586345381528,0.45095132868758797,98.61640439041227,0.8616404390412271
epsilon,$\epsilon$,0.22843373493975905,0.45290635799161355,98.61640439041227,0.8616404390412271
epsilon,$\epsilon$,0.23040160642570284,0.4548529843513772,98.61640439041227,0.8616404390412271
epsilon,$\epsilon$,0.2323694779116466,0.45679131519489385,98.61640439041227,0.8616404390412271
epsilon,$\epsilon$,0.23433734939759038,0.45872145568046785,98.61640439041227,0.8616404390412271
epsilon,$\epsilon$,0.23630522088353415,0.460643508763267,98.61640439041227,0.8616404390412271
epsilon,$\epsilon$,0.23827309236947794,0.4625575752594056,98.61640439041227,0.8616404390412271
epsilon,$\epsilon$,0.2402409638554217,0.46446375390765127,98.61640439041227,0.8616404390412271
epsilon,$\epsilon$,0.24220883534136547,0.46636214142886195,98.61640439041227,0.8616404390412271
epsilon,$\epsilon$,0.24417670682730924,0.46825283258325356,98.61640439041227,0.8616404390412271
epsilon,$\epsilon$,0.24614457831325304,0.470135920225595,98.61640439041227,0.8616404390412271
epsilon,$\epsilon$,0.2481124497991968,0.47201149535842213,98.61640439041227,0.8616404390412271
epsilon,$\epsilon$,0.25008032128514057,0.47387964718335424,98.61640439041227,0.8616404390412271
epsilon,$\epsilon$,0.25204819277108437,0.4757404631505995,98.61640439041227,0.8616404390412271
epsilon,$\epsilon$,0.2540160642570281,0.47759402900672193,98.61640439041227,0.8616404390412271
epsilon,$\epsilon$,0.2559839357429719,0.4794404288407478,98.61640439041227,0.8616404390412271
epsilon,$\epsilon$,0.25795180722891564,0.4812797451286795,98.61640439041227,0.8616404390412271
epsilon,$\epsilon$,0.25991967871485944,0.4831120587764844,98.61640439041227,0.8616404390412271
epsilon,$\epsilon$,0.26188755020080323,0.48493744916162124,98.61640439041227,0.8616404390412271
epsilon,$\epsilon$,0.263855421686747,0.48675599417316534,98.61640439041227,0.8616404390412271
epsilon,$\epsilon$,0.26582329317269077,0.48856777025058984,98.61640439041227,0.8616404390412271
epsilon,$\epsilon$,0.26779116465863456,0.4903728524212569,98.61640439041227,0.8616404390412271
epsilon,$\epsilon$,0.26975903614457836,0.4921713143366712,98.61640439041227,0.8616404390412271
epsilon,$\epsilon$,0.2717269076305221,0.4939632283075462,98.61640439041227,0.8616404390412271
epsilon,$\epsilon$,0.2736947791164659,0.49574866533772904,98.61640439041227,0.8616404390412271
epsilon,$\epsilon$,0.27566265060240963,0.49752769515702966,98.61640439041227,0.8616404390412271
epsilon,$\epsilon$,0.2776305220883534,0.49930038625299783,98.61640439041227,0.8616404390412271
epsilon,$\epsilon$,0.2795983935742972,0.5010668059016876,98.61640439041227,0.8616404390412271
epsilon,$\epsilon$,0.28156626506024096,0.5028270201974492,98.61640439041227,0.8616404390412271
epsilon,$\epsilon$,0.28353413654618476,0.5045810940817864,98.61640439041227,0.8616404390412271
epsilon,$\epsilon$,0.28550200803212855,0.5063290913713129,98.61640439041227,0.8616404390412271
epsilon,$\epsilon$,0.2874698795180723,0.5080710747848434,98.61640439041227,0.8616404390412271
epsilon,$\epsilon$,0.2894377510040161,0.5098071059696525,98.61640439041227,0.8616404390412271
epsilon,$\epsilon$,0.2914056224899599,0.5115372455269305,98.61640439041227,0.8616404390412271
epsilon,$\epsilon$,0.2933734939759036,0.5132615530364667,98.61640439041227,0.8616404390412271
epsilon,$\epsilon$,0.2953413654618474,0.5149800870805902,98.61640439041227,0.8616404390412271
epsilon,$\epsilon$,0.2973092369477912,0.5166929052673929,98.61640439041227,0.8616404390412271
epsilon,$\epsilon$,0.29927710843373495,0.5184000642532614,98.61640439041227,0.8616404390412271
epsilon,$\epsilon$,0.30124497991967875,0.5201016197647458,98.61640439041227,0.8616404390412271
epsilon,$\epsilon$,0.3032128514056225,0.5217976266197832,98.61640439041227,0.8616404390412271
epsilon,$\epsilon$,0.3051807228915663,0.5234881387483057,98.61640439041227,0.8616404390412271
epsilon,$\epsilon$,0.3071485943775101,0.5251732092122483,98.61640439041227,0.8616404390412271
epsilon,$\epsilon$,0.3091164658634538,0.5268528902249835,98.61640439041227,0.8616404390412271
epsilon,$\epsilon$,0.3110843373493976,0.5285272331701983,98.61640439041227,0.8616404390412271
epsilon,$\epsilon$,0.3130522088353414,0.5301962886202353,98.61640439041227,0.8616404390412271
epsilon,$\epsilon$,0.31502008032128515,0.5318601063539156,98.61640439041227,0.8616404390412271
epsilon,$\epsilon$,0.31698795180722894,0.5335187353738621,98.61640439041227,0.8616404390412271
epsilon,$\epsilon$,0.31895582329317274,0.5351722239233382,98.61640439041227,0.8616404390412271
epsilon,$\epsilon$,0.3209236947791165,0.5368206195026214,98.61640439041227,0.8616404390412271
epsilon,$\epsilon$,0.32289156626506027,0.5384639688849244,98.61640439041227,0.8616404390412271
epsilon,$\epsilon$,0.324859437751004,0.5401023181318809,98.61640439041227,0.8616404390412271
epsilon,$\epsilon$,0.3268273092369478,0.5417357126086095,98.61640439041227,0.8616404390412271
epsilon,$\epsilon$,0.3287951807228916,0.5433641969983711,98.61640439041227,0.8616404390412271
epsilon,$\epsilon$,0.33076305220883534,0.54498781531683,98.61640439041227,0.8616404390412271
epsilon,$\epsilon$,0.33273092369477913,0.5466066109259363,98.61640439041227,0.8616404390412271
epsilon,$\epsilon$,0.33469879518072293,0.5482206265474371,98.61640439041227,0.8616404390412271
epsilon,$\epsilon$,0.33666666666666667,0.5498299042760325,98.61640439041227,0.8616404390412271
epsilon,$\epsilon$,0.33863453815261046,0.551434485592185,98.61640439041227,0.8616404390412271
epsilon,$\epsilon$,0.34060240963855426,0.5530344113745946,98.61640439041227,0.8616404390412271
epsilon,$\epsilon$,0.342570281124498,0.5546297219123502,98.61640439041227,0.8616404390412271
epsilon,$\epsilon$,0.3445381526104418,0.5562204569167675,98.61640439041227,0.8616404390412271
epsilon,$\epsilon$,0.3465060240963856,0.5578066555329222,98.61640439041227,0.8616404390412271
epsilon,$\epsilon$,0.34847389558232933,0.5593883563508903,98.61640439041227,0.8616404390412271
epsilon,$\epsilon$,0.3504417670682731,0.560965597416702,98.61640439041227,0.8616404390412271
epsilon,$\epsilon$,0.35240963855421686,0.5625384162430188,98.61640439041227,0.8616404390412271
epsilon,$\epsilon$,0.35437751004016066,0.5641068498195448,98.61640439041227,0.8616404390412271
epsilon,$\epsilon$,0.35634538152610445,0.5656709346231757,98.61640439041227,0.8616404390412271
epsilon,$\epsilon$,0.3583132530120482,0.5672307066278974,98.61640439041227,0.8616404390412271
epsilon,$\epsilon$,0.360281124497992,0.5687862013144397,98.61640439041227,0.8616404390412271
epsilon,$\epsilon$,0.3622489959839358,0.570337453679694,98.61640439041227,0.8616404390412271
epsilon,$\epsilon$,0.3642168674698795,0.5718844982458989,98.61640439041227,0.8616404390412271
epsilon,$\epsilon$,0.3661847389558233,0.5734273690696061,98.61640439041227,0.8616404390412271
epsilon,$\epsilon$,0.3681526104417671,0.574966099750426,98.61640439041227,0.8616404390412271
epsilon,$\epsilon$,0.37012048192771085,0.5765007234395664,98.61640439041227,0.8616404390412271
epsilon,$\epsilon$,0.37208835341365465,0.5780312728481652,98.61640439041227,0.8616404390412271
epsilon,$\epsilon$,0.37405622489959844,0.5795577802554259,98.61640439041227,0.8616404390412271
epsilon,$\epsilon$,0.3760240963855422,0.5810802775165608,98.61640439041227,0.8616404390412271
epsilon,$\epsilon$,0.377991967871486,0.5825987960705462,98.61640439041227,0.8616404390412271
epsilon,$\epsilon$,0.3799598393574297,0.5841133669476983,98.61640439041227,0.8616404390412271
epsilon,$\epsilon$,0.3819277108433735,0.5856240207770709,98.61640439041227,0.8616404390412271
epsilon,$\epsilon$,0.3838955823293173,0.5871307877936821,98.61640439041227,0.8616404390412271
epsilon,$\epsilon$,0.38586345381526105,0.5886336978455755,98.61640439041227,0.8616404390412271
epsilon,$\epsilon$,0.38783132530120484,0.5901327804007188,98.61640439041227,0.8616404390412271
epsilon,$\epsilon$,0.38979919678714864,0.5916280645537444,98.61640439041227,0.8616404390412271
epsilon,$\epsilon$,0.3917670682730924,0.593119579032539,98.61640439041227,0.8616404390412271
epsilon,$\epsilon$,0.3937349397590362,0.5946073522046821,98.61640439041227,0.8616404390412271
epsilon,$\epsilon$,0.39570281124497997,0.596091412083742,98.61640439041227,0.8616404390412271
epsilon,$\epsilon$,0.3976706827309237,0.5975717863354293,98.61640439041227,0.8616404390412271
epsilon,$\epsilon$,0.3996385542168675,0.5990485022836153,98.61640439041227,0.8616404390412271
epsilon,$\epsilon$,0.40160642570281124,0.600521586916215,98.61640439041227,0.8616404390412271
epsilon,$\epsilon$,0.40357429718875504,0.6019910668909431,98.61640439041227,0.8616404390412271
epsilon,$\epsilon$,0.40554216867469883,0.6034569685409411,98.61640439041227,0.8616404390412271
epsilon,$\epsilon$,0.4075100401606426,0.6049193178802847,98.61640439041227,0.8616404390412271
epsilon,$\epsilon$,0.40947791164658637,0.606378140609369,98.61640439041227,0.8616404390412271
epsilon,$\epsilon$,0.41144578313253016,0.6078334621201783,98.61640439041227,0.8616404390412271
epsilon,$\epsilon$,0.4134136546184739,0.6092853075014437,98.61640439041227,0.8616404390412271
epsilon,$\epsilon$,0.4153815261044177,0.6107337015436888,98.61640439041227,0.8616404390412271
epsilon,$\epsilon$,0.4173493975903615,0.6121786687441683,98.61640439041227,0.8616404390412271
epsilon,$\epsilon$,0.41931726907630523,0.6136202333117029,98.61640439041227,0.8616404390412271
epsilon,$\epsilon$,0.421285140562249,0.6150584191714111,98.61640439041227,0.8616404390412271
epsilon,$\epsilon$,0.4232530120481928,0.6164932499693423,98.61640439041227,0.8616404390412271
epsilon,$\epsilon$,0.42522088353413656,0.6179247490770121,98.61640439041227,0.8616404390412271
epsilon,$\epsilon$,0.42718875502008036,0.6193529395958456,98.61640439041227,0.8616404390412271
epsilon,$\epsilon$,0.4291566265060241,0.620777844361525,98.61640439041227,0.8616404390412271
epsilon,$\epsilon$,0.4311244979919679,0.6221994859482514,98.61640439041227,0.8616404390412271
epsilon,$\epsilon$,0.4330923694779117,0.623617886672917,98.61640439041227,0.8616404390412271
epsilon,$\epsilon$,0.4350602409638554,0.6250330685991914,98.61640439041227,0.8616404390412271
epsilon,$\epsilon$,0.4370281124497992,0.6264450535415284,98.61640439041227,0.8616404390412271
epsilon,$\epsilon$,0.438995983935743,0.6278538630690861,98.61640439041227,0.8616404390412271
epsilon,$\epsilon$,0.44096385542168676,0.6292595185095744,98.61640439041227,0.8616404390412271
epsilon,$\epsilon$,0.44293172690763055,0.6306620409530195,98.61640439041227,0.8616404390412271
epsilon,$\epsilon$,0.44489959839357435,0.6320614512554572,98.61640439041227,0.8616404390412271
epsilon,$\epsilon$,0.4468674698795181,0.6334577700425508,98.61640439041227,0.8616404390412271
epsilon,$\epsilon$,0.4488353413654619,0.6348510177131387,98.61640439041227,0.8616404390412271
epsilon,$\epsilon$,0.4508032128514057,0.63624121444271,98.61640439041227,0.8616404390412271
epsilon,$\epsilon$,0.4527710843373494,0.6376283801868146,98.61640439041227,0.8616404390412271
epsilon,$\epsilon$,0.4547389558232932,0.6390125346844048,98.61640439041227,0.8616404390412271
epsilon,$\epsilon$,0.45670682730923695,0.640393697461112,98.61640439041227,0.8616404390412271
epsilon,$\epsilon$,0.45867469879518075,0.641771887832461,98.61640439041227,0.8616404390412271
epsilon,$\epsilon$,0.46064257028112454,0.6431471249070212,98.61640439041227,0.8616404390412271
epsilon,$\epsilon$,0.4626104417670683,0.644519427589498,98.61640439041227,0.8616404390412271
epsilon,$\epsilon$,0.4645783132530121,0.6458888145837647,98.61640439041227,0.8616404390412271
epsilon,$\epsilon$,0.46654618473895587,0.6472553043958368,98.61640439041227,0.8616404390412271
epsilon,$\epsilon$,0.4685140562248996,0.6486189153367901,98.61640439041227,0.8616404390412271
epsilon,$\epsilon$,0.4704819277108434,0.6499796655256229,98.61640439041227,0.8616404390412271
epsilon,$\epsilon$,0.4724497991967872,0.6513375728920658,98.61640439041227,0.8616404390412271
epsilon,$\epsilon$,0.47441767068273094,0.6526926551793376,98.61640439041227,0.8616404390412271
epsilon,$\epsilon$,0.47638554216867474,0.6540449299468504,98.61640439041227,0.8616404390412271
epsilon,$\epsilon$,0.4783534136546185,0.6553944145728638,98.61640439041227,0.8616404390412271
epsilon,$\epsilon$,0.48032128514056227,0.6567411262570919,98.61640439041227,0.8616404390412271
epsilon,$\epsilon$,0.48228915662650607,0.6580850820232595,98.61640439041227,0.8616404390412271
epsilon,$\epsilon$,0.4842570281124498,0.6594262987216136,98.61640439041227,0.8616404390412271
epsilon,$\epsilon$,0.4862248995983936,0.6607647930313884,98.61640439041227,0.8616404390412271
epsilon,$\epsilon$,0.4881927710843374,0.6621005814632245,98.61640439041227,0.8616404390412271
epsilon,$\epsilon$,0.49016064257028114,0.6634336803615465,98.61640439041227,0.8616404390412271
epsilon,$\epsilon$,0.49212851405622493,0.6647641059068948,98.61640439041227,0.8616404390412271
epsilon,$\epsilon$,0.4940963855421687,0.6660918741182178,98.61640439041227,0.8616404390412271
epsilon,$\epsilon$,0.49606425702811247,0.6674170008551225,98.61640439041227,0.8616404390412271
epsilon,$\epsilon$,0.49803212851405626,0.6687395018200831,98.61640439041227,0.8616404390412271
epsilon,$\epsilon$,0.5,0.6700593925606145,98.61640439041227,0.8616404390412271
