parameter,age,mortality_rate
eta,20.5,8.270872196032029e-06
eta,21.5,8.798971377836655e-06
eta,22.5,9.729727722411161e-06
eta,23.5,1.113322444946526e-05
eta,24.5,1.3055234985870802e-05
eta,25.5,1.5571631096579662e-05
eta,26.5,1.884477838294085e-05
eta,27.5,2.313021035656941e-05
eta,28.5,2.8715138122659993e-05
eta,29.5,3.584055458632461e-05
eta,30.5,4.4685191578200295e-05
eta,31.5,5.545051962000732e-05
eta,32.5,6.852896756383391e-05
eta,33.5,8.466028220124282e-05
eta,34.5,0.0001049611928133771
eta,35.5,0.000130794397728102
eta,36.5,0.00016360762613629187
eta,37.5,0.00020488367527972946
eta,38.5,0.00025609256493954146
eta,39.5,0.00031856931432637785
eta,40.5,0.0003935521709749059
eta,41.5,0.00048273801778634355
eta,42.5,0.0005890693428400806
eta,43.5,0.000717132148315889
eta,44.5,0.0008728642997958807
eta,45.5,0.0010628667657927161
eta,46.5,0.001293466007019346
eta,47.5,0.001569630628579142
eta,48.5,0.001894434001818195
eta,49.5,0.002270046668077722
eta,50.5,0.0027001921338199422
eta,51.5,0.0031920656321201583
eta,52.5,0.0037555964282910666
eta,53.5,0.004400324853908398
eta,54.5,0.005132352653552231
eta,55.5,0.005953424583075343
eta,56.5,0.006862367256525061
eta,57.5,0.007857404900733063
eta,58.5,0.008937283301055862
eta,59.5,0.010100391787961953
eta,60.5,0.011343899246168614
eta,61.5,0.01266536098573985
eta,62.5,0.014064875486126194
eta,63.5,0.015543303474220166
eta,64.5,0.017096585659671006
eta,65.5,0.01871295217293808
eta,66.5,0.02037713017793512
eta,67.5,0.022076742875703555
eta,68.5,0.023803037507394355
eta,69.5,0.025546004828426803
eta,70.5,0.02729111916845137
eta,71.5,0.02902124028110137
eta,72.5,0.030720413818722068
eta,73.5,0.032377636284943695
eta,74.5,0.03399127324859538
eta,75.5,0.03557082612418705
eta,76.5,0.037130109038314596
eta,77.5,0.038674074613224474
eta,78.5,0.040190810357796904
eta,79.5,0.041656831673875294
eta,80.5,0.04305059266707209
eta,81.5,0.04436325233627875
eta,82.5,0.045601045062791154
eta,83.5,0.04678012544018488
eta,84.5,0.04791650118612722
eta,85.5,0.049016728083904934
eta,86.5,0.05007679101880183
eta,87.5,0.05109037154218159
eta,88.5,0.05205579927324251
eta,89.5,0.05297378854204578
eta,90.5,0.053842913956800596
eta,91.5,0.054662590936835724
eta,92.5,0.05543761435060017
eta,93.5,0.056173280909255816
eta,94.5,0.05686441646161076
eta,95.5,0.057492293280509366
eta,96.5,0.05803478823004663
eta,97.5,0.05848237730142386
eta,98.5,0.05884873540171233
eta,99.5,0.0591673824055448
eta,100.5,0.059472499202993315
eta,101.5,0.05977561965309864
eta,102.5,0.06005715460037166
eta,103.5,0.06027919427723516
eta,104.5,0.060407210672890885
eta,105.5,0.06043075150445304
eta,106.5,0.06037917842451386
eta,107.5,0.06032075263871463
eta,108.5,0.060328355993072263
eta,109.5,0.06042531403101077
eta,110.5,0.06056338073236129
eta,111.5,0.06066842170984254
eta,112.5,0.06071197848132317
eta,113.5,0.06072913756798076
eta,114.5,0.0607663398763804
eta,115.5,0.06082899253980095
eta,116.5,0.06089286911130197
eta,117.5,0.060957378892451244
eta,118.5,0.06106562041216746
eta,119.5,0.06126118889371877
eta,120.5,0.06153405869004213
beta,20.5,0.00039312132279507487
beta,21.5,0.0004165577766157042
beta,22.5,0.0004525800916800987
beta,23.5,0.000500665868266305
beta,24.5,0.0005589674500020352
beta,25.5,0.0006259483999455668
beta,26.5,0.0007009993451826934
beta,27.5,0.0007840215442539273
beta,28.5,0.0008751290417709324
beta,29.5,0.0009748309675217588
beta,30.5,0.0010842048290756368
beta,31.5,0.001204970025589184
beta,32.5,0.0013396565250658322
beta,33.5,0.001491269496055833
beta,34.5,0.0016617759770773944
beta,35.5,0.0018504273144104581
beta,36.5,0.002053985946662456
beta,37.5,0.0022691568741676276
beta,38.5,0.0024950255959899506
beta,39.5,0.0027333992028903994
beta,40.5,0.002987423688902896
beta,41.5,0.003260114232410401
beta,42.5,0.00355362857244498
beta,43.5,0.0038693573210232344
beta,44.5,0.004208601975234211
beta,45.5,0.004573029526961837
beta,46.5,0.004964373765228373
beta,47.5,0.0053838705654237606
beta,48.5,0.005832048623839677
beta,49.5,0.006308796477800856
beta,50.5,0.006813785158317315
beta,51.5,0.007347150311787091
beta,52.5,0.007909065625457649
beta,53.5,0.008498021813198357
beta,54.5,0.00911057114306069
beta,55.5,0.009744339585711286
beta,56.5,0.010401120010721472
beta,57.5,0.011085986194722635
beta,58.5,0.011803839449236568
beta,59.5,0.012557627851002348
beta,60.5,0.013348778929840524
beta,61.5,0.014177155616111587
beta,62.5,0.015040271974743896
beta,63.5,0.015933624258537945
beta,64.5,0.01685312021859009
beta,65.5,0.01779816321510643
beta,66.5,0.018772671049657748
beta,67.5,0.019782375318075772
beta,68.5,0.020830382569088687
beta,69.5,0.02191432998680084
beta,70.5,0.023026837435199177
beta,71.5,0.024159245166727805
beta,72.5,0.02530708826192249
beta,73.5,0.026473930971332674
beta,74.5,0.02766959572962578
beta,75.5,0.028902992608811358
beta,76.5,0.030174820145426086
beta,77.5,0.031475440618888684
beta,78.5,0.03278992137873196
beta,79.5,0.03410716679072181
beta,80.5,0.03542598179534533
beta,81.5,0.03675236169813255
beta,82.5,0.038093661104973184
beta,83.5,0.0394587038175653
beta,84.5,0.040860045179960794
beta,85.5,0.04230749631351793
beta,86.5,0.043798311153720196
beta,87.5,0.04531966470745858
beta,88.5,0.046862679375345086
beta,89.5,0.04842884346614018
beta,90.5,0.050021630690195995
beta,91.5,0.05163924314455423
beta,92.5,0.0532798375788289
beta,93.5,0.05494874476481426
beta,94.5,0.056653442718754485
beta,95.5,0.058391357207596944
beta,96.5,0.06014661392917942
beta,97.5,0.06189993965064387
beta,98.5,0.06363906926894944
beta,99.5,0.06535663199266559
beta,100.5,0.06704001829143168
beta,101.5,0.06867251890774842
beta,102.5,0.07025254707059253
beta,103.5,0.07180824678003733
beta,104.5,0.07338210579338432
beta,105.5,0.07499774053150754
beta,106.5,0.07664658809337654
beta,107.5,0.07830885140991452
beta,108.5,0.07998500532534789
beta,109.5,0.08170650004558161
beta,110.5,0.08351560957012633
beta,111.5,0.08543053293001654
beta,112.5,0.08742066705910922
beta,113.5,0.08940807575359622
beta,114.5,0.09129432748223351
beta,115.5,0.09300325394011386
beta,116.5,0.09452283408477147
beta,117.5,0.09591634519584667
beta,118.5,0.09727403456946894
beta,119.5,0.09862503723376151
beta,120.5,0.09988907802737487
